编号,深夜出没地,期末生存方式,宵夜频率,想加入的社团,经济状态,毕业最想带走,早八到教室,操场上的位置,搞砸了的那晚,相册里的多数
S0001,食堂窗口,组团开黑边复习,一周三五次,志愿者协会,家里定时打钱,食堂的那个窗口,让室友帮忙占座，自己慢慢来,器械区随便练练，练完就走,拉朋友出去吃一顿,吃的：外卖、食堂、探店
S0002,宿舍床上,临时抱佛脚,天天吃,乐队,兼职自力更生,宿舍的那群人,让室友帮忙占座，自己慢慢来,看台或树下，看别人动,开黑到凌晨，把气打出去,和朋友：合影、表情包、抓拍
S0003,操场跑道,提前两周就复习完了,偶尔,辩论队,家里定时打钱,什么也没带走，但也没白来,选了，但没去过几次,球场，组队打一场,去操场跑到没力气,风景和现场：演出、展览、天空
S0004,宿舍床上,组团开黑边复习,一周三五次,电竞社,月初土豪，月底吃土,食堂的那个窗口,卡着铃声冲进去，坐最后一排,看台或树下，看别人动,拉朋友出去吃一顿,吃的：外卖、食堂、探店
S0005,图书馆自习室,提前两周就复习完了,天天吃,电竞社,兼职自力更生,操场的那圈跑道,提前十分钟到，坐前排,器械区随便练练，练完就走,开黑到凌晨，把气打出去,运动记录、跑步路线、装备
S0006,食堂窗口,组团开黑边复习,一周三五次,志愿者协会,月初土豪，月底吃土,宿舍的那群人,让室友帮忙占座，自己慢慢来,球场，组队打一场,开黑到凌晨，把气打出去,和朋友：合影、表情包、抓拍
S0007,食堂窗口,临时抱佛脚,偶尔,辩论队,家里定时打钱,宿舍的那群人,卡着铃声冲进去，坐最后一排,球场，组队打一场,给家里打个电话,和朋友：合影、表情包、抓拍
S0008,操场跑道,临时抱佛脚,天天吃,乐队,月初土豪，月底吃土,宿舍的那群人,选了，但没去过几次,跑道上，一个人戴着耳机跑,开黑到凌晨，把气打出去,运动记录、跑步路线、装备
S0009,食堂窗口,组团开黑边复习,天天吃,电竞社,月初土豪，月底吃土,宿舍的那群人,选了，但没去过几次,跑道上，一个人戴着耳机跑,拉朋友出去吃一顿,和朋友：合影、表情包、抓拍
S0010,图书馆自习室,提前两周就复习完了,从不,摄影社,靠奖学金过日子,图书馆那张常坐的座位,让室友帮忙占座，自己慢慢来,球场，组队打一场,给家里打个电话,风景和现场：演出、展览、天空
S0011,图书馆自习室,死磕课本,天天吃,辩论队,靠奖学金过日子,图书馆那张常坐的座位,让室友帮忙占座，自己慢慢来,跑道上，一个人戴着耳机跑,去操场跑到没力气,和朋友：合影、表情包、抓拍
S0012,操场跑道,刷往年题,从不,乐队,家里定时打钱,什么也没带走，但也没白来,提前十分钟到，坐前排,跑道上，一个人戴着耳机跑,睡一觉，第二天照常,运动记录、跑步路线、装备
S0013,操场跑道,死磕课本,从不,摄影社,家里定时打钱,什么也没带走，但也没白来,卡着铃声冲进去，坐最后一排,球场，组队打一场,睡一觉，第二天照常,运动记录、跑步路线、装备
S0014,食堂窗口,死磕课本,偶尔,摄影社,靠奖学金过日子,图书馆那张常坐的座位,让室友帮忙占座，自己慢慢来,器械区随便练练，练完就走,睡一觉，第二天照常,和朋友：合影、表情包、抓拍
S0015,操场跑道,刷往年题,从不,辩论队,靠奖学金过日子,图书馆那张常坐的座位,提前十分钟到，坐前排,跑道上，一个人戴着耳机跑,给家里打个电话,风景和现场：演出、展览、天空
S0016,操场跑道,死磕课本,天天吃,志愿者协会,家里定时打钱,什么也没带走，但也没白来,提前十分钟到，坐前排,球场，组队打一场,去操场跑到没力气,和朋友：合影、表情包、抓拍
S0017,图书馆自习室,提前两周就复习完了,从不,摄影社,靠奖学金过日子,图书馆那张常坐的座位,卡着铃声冲进去，坐最后一排,球场，组队打一场,去操场跑到没力气,和朋友：合影、表情包、抓拍
S0018,网吧,刷往年题,一周三五次,摄影社,家里定时打钱,操场的那圈跑道,卡着铃声冲进去，坐最后一排,看台或树下，看别人动,睡一觉，第二天照常,和朋友：合影、表情包、抓拍
S0019,网吧,临时抱佛脚,天天吃,摄影社,家里定时打钱,食堂的那个窗口,让室友帮忙占座，自己慢慢来,跑道上，一个人戴着耳机跑,拉朋友出去吃一顿,风景和现场：演出、展览、天空
S0020,食堂窗口,死磕课本,从不,摄影社,靠奖学金过日子,图书馆那张常坐的座位,提前十分钟到，坐前排,器械区随便练练，练完就走,睡一觉，第二天照常,课件、板书、PPT 截图
S0021,图书馆自习室,死磕课本,一周三五次,摄影社,靠奖学金过日子,图书馆那张常坐的座位,提前十分钟到，坐前排,器械区随便练练，练完就走,睡一觉，第二天照常,吃的：外卖、食堂、探店
S0022,网吧,临时抱佛脚,一周三五次,乐队,兼职自力更生,食堂的那个窗口,选了，但没去过几次,羽毛球乒乓球，约人打,开黑到凌晨，把气打出去,和朋友：合影、表情包、抓拍
S0023,网吧,刷往年题,天天吃,乐队,家里定时打钱,图书馆那张常坐的座位,早上根本没课，我的课都在下午,球场，组队打一场,开黑到凌晨，把气打出去,运动记录、跑步路线、装备
S0024,网吧,临时抱佛脚,天天吃,乐队,月初土豪，月底吃土,宿舍的那群人,选了，但没去过几次,羽毛球乒乓球，约人打,给家里打个电话,和朋友：合影、表情包、抓拍
S0025,食堂窗口,临时抱佛脚,天天吃,志愿者协会,兼职自力更生,食堂的那个窗口,提前十分钟到，坐前排,球场，组队打一场,拉朋友出去吃一顿,运动记录、跑步路线、装备
S0026,食堂窗口,刷往年题,天天吃,志愿者协会,兼职自力更生,什么也没带走，但也没白来,卡着铃声冲进去，坐最后一排,跑道上，一个人戴着耳机跑,拉朋友出去吃一顿,吃的：外卖、食堂、探店
S0027,网吧,组团开黑边复习,天天吃,摄影社,月初土豪，月底吃土,什么也没带走，但也没白来,让室友帮忙占座，自己慢慢来,跑道上，一个人戴着耳机跑,睡一觉，第二天照常,吃的：外卖、食堂、探店
S0028,宿舍床上,提前两周就复习完了,从不,摄影社,靠奖学金过日子,图书馆那张常坐的座位,提前十分钟到，坐前排,器械区随便练练，练完就走,拉朋友出去吃一顿,风景和现场：演出、展览、天空
S0029,食堂窗口,组团开黑边复习,天天吃,电竞社,月初土豪，月底吃土,食堂的那个窗口,提前十分钟到，坐前排,看台或树下，看别人动,拉朋友出去吃一顿,课件、板书、PPT 截图
S0030,宿舍床上,刷往年题,一周三五次,辩论队,月初土豪，月底吃土,什么也没带走，但也没白来,让室友帮忙占座，自己慢慢来,器械区随便练练，练完就走,拉朋友出去吃一顿,吃的：外卖、食堂、探店
S0031,操场跑道,组团开黑边复习,偶尔,摄影社,兼职自力更生,操场的那圈跑道,让室友帮忙占座，自己慢慢来,器械区随便练练，练完就走,睡一觉，第二天照常,和朋友：合影、表情包、抓拍
S0032,宿舍床上,临时抱佛脚,从不,乐队,家里定时打钱,宿舍的那群人,让室友帮忙占座，自己慢慢来,羽毛球乒乓球，约人打,开黑到凌晨，把气打出去,和朋友：合影、表情包、抓拍
S0033,宿舍床上,组团开黑边复习,一周三五次,乐队,家里定时打钱,食堂的那个窗口,让室友帮忙占座，自己慢慢来,球场，组队打一场,开黑到凌晨，把气打出去,和朋友：合影、表情包、抓拍
S0034,网吧,临时抱佛脚,一周三五次,电竞社,兼职自力更生,图书馆那张常坐的座位,提前十分钟到，坐前排,跑道上，一个人戴着耳机跑,拉朋友出去吃一顿,吃的：外卖、食堂、探店
S0035,图书馆自习室,死磕课本,从不,志愿者协会,月初土豪，月底吃土,宿舍的那群人,选了，但没去过几次,器械区随便练练，练完就走,睡一觉，第二天照常,风景和现场：演出、展览、天空
S0036,图书馆自习室,提前两周就复习完了,从不,辩论队,家里定时打钱,图书馆那张常坐的座位,提前十分钟到，坐前排,看台或树下，看别人动,睡一觉，第二天照常,风景和现场：演出、展览、天空
S0037,图书馆自习室,临时抱佛脚,天天吃,电竞社,兼职自力更生,宿舍的那群人,让室友帮忙占座，自己慢慢来,看台或树下，看别人动,拉朋友出去吃一顿,运动记录、跑步路线、装备
S0038,食堂窗口,临时抱佛脚,天天吃,乐队,月初土豪，月底吃土,食堂的那个窗口,早上根本没课，我的课都在下午,看台或树下，看别人动,拉朋友出去吃一顿,吃的：外卖、食堂、探店
S0039,图书馆自习室,提前两周就复习完了,从不,摄影社,兼职自力更生,图书馆那张常坐的座位,提前十分钟到，坐前排,器械区随便练练，练完就走,睡一觉，第二天照常,课件、板书、PPT 截图
S0040,网吧,临时抱佛脚,天天吃,电竞社,家里定时打钱,操场的那圈跑道,选了，但没去过几次,跑道上，一个人戴着耳机跑,开黑到凌晨，把气打出去,和朋友：合影、表情包、抓拍
S0041,图书馆自习室,刷往年题,从不,辩论队,月初土豪，月底吃土,图书馆那张常坐的座位,让室友帮忙占座，自己慢慢来,跑道上，一个人戴着耳机跑,拉朋友出去吃一顿,风景和现场：演出、展览、天空
S0042,食堂窗口,刷往年题,天天吃,摄影社,月初土豪，月底吃土,宿舍的那群人,让室友帮忙占座，自己慢慢来,器械区随便练练，练完就走,给家里打个电话,吃的：外卖、食堂、探店
S0043,操场跑道,提前两周就复习完了,偶尔,辩论队,靠奖学金过日子,操场的那圈跑道,提前十分钟到，坐前排,跑道上，一个人戴着耳机跑,给家里打个电话,运动记录、跑步路线、装备
S0044,图书馆自习室,死磕课本,偶尔,志愿者协会,家里定时打钱,食堂的那个窗口,提前十分钟到，坐前排,看台或树下，看别人动,睡一觉，第二天照常,课件、板书、PPT 截图
S0045,图书馆自习室,刷往年题,从不,摄影社,家里定时打钱,什么也没带走，但也没白来,提前十分钟到，坐前排,器械区随便练练，练完就走,睡一觉，第二天照常,课件、板书、PPT 截图
S0046,宿舍床上,组团开黑边复习,一周三五次,乐队,月初土豪，月底吃土,宿舍的那群人,早上根本没课，我的课都在下午,看台或树下，看别人动,拉朋友出去吃一顿,和朋友：合影、表情包、抓拍
S0047,网吧,组团开黑边复习,一周三五次,电竞社,兼职自力更生,宿舍的那群人,卡着铃声冲进去，坐最后一排,跑道上，一个人戴着耳机跑,拉朋友出去吃一顿,运动记录、跑步路线、装备
S0048,宿舍床上,死磕课本,从不,志愿者协会,兼职自力更生,宿舍的那群人,卡着铃声冲进去，坐最后一排,跑道上，一个人戴着耳机跑,拉朋友出去吃一顿,风景和现场：演出、展览、天空
S0049,图书馆自习室,提前两周就复习完了,偶尔,辩论队,月初土豪，月底吃土,图书馆那张常坐的座位,卡着铃声冲进去，坐最后一排,看台或树下，看别人动,睡一觉，第二天照常,课件、板书、PPT 截图
S0050,网吧,临时抱佛脚,偶尔,志愿者协会,兼职自力更生,操场的那圈跑道,早上根本没课，我的课都在下午,球场，组队打一场,给家里打个电话,吃的：外卖、食堂、探店
S0051,图书馆自习室,提前两周就复习完了,从不,乐队,兼职自力更生,图书馆那张常坐的座位,提前十分钟到，坐前排,器械区随便练练，练完就走,给家里打个电话,课件、板书、PPT 截图
S0052,图书馆自习室,死磕课本,从不,志愿者协会,靠奖学金过日子,图书馆那张常坐的座位,卡着铃声冲进去，坐最后一排,跑道上，一个人戴着耳机跑,睡一觉，第二天照常,吃的：外卖、食堂、探店
S0053,食堂窗口,死磕课本,一周三五次,辩论队,兼职自力更生,宿舍的那群人,提前十分钟到，坐前排,球场，组队打一场,拉朋友出去吃一顿,和朋友：合影、表情包、抓拍
S0054,食堂窗口,刷往年题,偶尔,摄影社,家里定时打钱,操场的那圈跑道,卡着铃声冲进去，坐最后一排,跑道上，一个人戴着耳机跑,睡一觉，第二天照常,运动记录、跑步路线、装备
S0055,操场跑道,刷往年题,一周三五次,志愿者协会,兼职自力更生,食堂的那个窗口,卡着铃声冲进去，坐最后一排,羽毛球乒乓球，约人打,睡一觉，第二天照常,风景和现场：演出、展览、天空
S0056,食堂窗口,提前两周就复习完了,一周三五次,志愿者协会,靠奖学金过日子,操场的那圈跑道,选了，但没去过几次,羽毛球乒乓球，约人打,拉朋友出去吃一顿,吃的：外卖、食堂、探店
S0057,宿舍床上,组团开黑边复习,天天吃,乐队,家里定时打钱,什么也没带走，但也没白来,卡着铃声冲进去，坐最后一排,球场，组队打一场,拉朋友出去吃一顿,吃的：外卖、食堂、探店
S0058,食堂窗口,刷往年题,天天吃,志愿者协会,月初土豪，月底吃土,操场的那圈跑道,卡着铃声冲进去，坐最后一排,看台或树下，看别人动,开黑到凌晨，把气打出去,课件、板书、PPT 截图
S0059,食堂窗口,组团开黑边复习,偶尔,辩论队,靠奖学金过日子,操场的那圈跑道,卡着铃声冲进去，坐最后一排,球场，组队打一场,开黑到凌晨，把气打出去,课件、板书、PPT 截图
S0060,图书馆自习室,死磕课本,从不,电竞社,月初土豪，月底吃土,什么也没带走，但也没白来,卡着铃声冲进去，坐最后一排,球场，组队打一场,去操场跑到没力气,课件、板书、PPT 截图
S0061,图书馆自习室,刷往年题,从不,辩论队,靠奖学金过日子,图书馆那张常坐的座位,卡着铃声冲进去，坐最后一排,器械区随便练练，练完就走,睡一觉，第二天照常,吃的：外卖、食堂、探店
S0062,宿舍床上,临时抱佛脚,一周三五次,志愿者协会,月初土豪，月底吃土,宿舍的那群人,让室友帮忙占座，自己慢慢来,羽毛球乒乓球，约人打,开黑到凌晨，把气打出去,吃的：外卖、食堂、探店
S0063,宿舍床上,临时抱佛脚,天天吃,乐队,月初土豪，月底吃土,操场的那圈跑道,早上根本没课，我的课都在下午,跑道上，一个人戴着耳机跑,拉朋友出去吃一顿,和朋友：合影、表情包、抓拍
S0064,网吧,死磕课本,一周三五次,电竞社,月初土豪，月底吃土,操场的那圈跑道,卡着铃声冲进去，坐最后一排,球场，组队打一场,给家里打个电话,和朋友：合影、表情包、抓拍
S0065,食堂窗口,组团开黑边复习,一周三五次,乐队,家里定时打钱,操场的那圈跑道,卡着铃声冲进去，坐最后一排,跑道上，一个人戴着耳机跑,去操场跑到没力气,运动记录、跑步路线、装备
S0066,网吧,组团开黑边复习,天天吃,乐队,月初土豪，月底吃土,操场的那圈跑道,早上根本没课，我的课都在下午,看台或树下，看别人动,给家里打个电话,风景和现场：演出、展览、天空
S0067,网吧,临时抱佛脚,从不,辩论队,家里定时打钱,宿舍的那群人,早上根本没课，我的课都在下午,羽毛球乒乓球，约人打,睡一觉，第二天照常,和朋友：合影、表情包、抓拍
S0068,图书馆自习室,临时抱佛脚,天天吃,摄影社,月初土豪，月底吃土,什么也没带走，但也没白来,卡着铃声冲进去，坐最后一排,看台或树下，看别人动,拉朋友出去吃一顿,和朋友：合影、表情包、抓拍
S0069,图书馆自习室,死磕课本,一周三五次,摄影社,兼职自力更生,图书馆那张常坐的座位,提前十分钟到，坐前排,球场，组队打一场,拉朋友出去吃一顿,课件、板书、PPT 截图
S0070,图书馆自习室,死磕课本,偶尔,摄影社,靠奖学金过日子,图书馆那张常坐的座位,提前十分钟到，坐前排,球场，组队打一场,给家里打个电话,课件、板书、PPT 截图
S0071,图书馆自习室,提前两周就复习完了,偶尔,乐队,靠奖学金过日子,宿舍的那群人,提前十分钟到，坐前排,器械区随便练练，练完就走,睡一觉，第二天照常,课件、板书、PPT 截图
S0072,网吧,刷往年题,一周三五次,摄影社,月初土豪，月底吃土,食堂的那个窗口,卡着铃声冲进去，坐最后一排,跑道上，一个人戴着耳机跑,开黑到凌晨，把气打出去,吃的：外卖、食堂、探店
S0073,操场跑道,死磕课本,天天吃,辩论队,月初土豪，月底吃土,食堂的那个窗口,让室友帮忙占座，自己慢慢来,球场，组队打一场,睡一觉，第二天照常,和朋友：合影、表情包、抓拍
S0074,操场跑道,刷往年题,从不,辩论队,兼职自力更生,操场的那圈跑道,提前十分钟到，坐前排,跑道上，一个人戴着耳机跑,睡一觉，第二天照常,运动记录、跑步路线、装备
S0075,网吧,临时抱佛脚,天天吃,电竞社,月初土豪，月底吃土,什么也没带走，但也没白来,早上根本没课，我的课都在下午,看台或树下，看别人动,开黑到凌晨，把气打出去,风景和现场：演出、展览、天空
S0076,操场跑道,组团开黑边复习,天天吃,志愿者协会,家里定时打钱,宿舍的那群人,让室友帮忙占座，自己慢慢来,球场，组队打一场,拉朋友出去吃一顿,和朋友：合影、表情包、抓拍
S0077,食堂窗口,刷往年题,偶尔,摄影社,月初土豪，月底吃土,操场的那圈跑道,早上根本没课，我的课都在下午,器械区随便练练，练完就走,去操场跑到没力气,课件、板书、PPT 截图
S0078,网吧,组团开黑边复习,天天吃,志愿者协会,兼职自力更生,宿舍的那群人,早上根本没课，我的课都在下午,看台或树下，看别人动,开黑到凌晨，把气打出去,和朋友：合影、表情包、抓拍
S0079,食堂窗口,提前两周就复习完了,偶尔,摄影社,兼职自力更生,宿舍的那群人,卡着铃声冲进去，坐最后一排,羽毛球乒乓球，约人打,睡一觉，第二天照常,吃的：外卖、食堂、探店
S0080,食堂窗口,刷往年题,偶尔,志愿者协会,家里定时打钱,操场的那圈跑道,选了，但没去过几次,器械区随便练练，练完就走,去操场跑到没力气,运动记录、跑步路线、装备
S0081,操场跑道,提前两周就复习完了,从不,辩论队,靠奖学金过日子,图书馆那张常坐的座位,提前十分钟到，坐前排,羽毛球乒乓球，约人打,去操场跑到没力气,吃的：外卖、食堂、探店
S0082,操场跑道,提前两周就复习完了,偶尔,乐队,兼职自力更生,操场的那圈跑道,让室友帮忙占座，自己慢慢来,球场，组队打一场,开黑到凌晨，把气打出去,和朋友：合影、表情包、抓拍
S0083,食堂窗口,刷往年题,从不,乐队,月初土豪，月底吃土,操场的那圈跑道,提前十分钟到，坐前排,羽毛球乒乓球，约人打,拉朋友出去吃一顿,课件、板书、PPT 截图
S0084,食堂窗口,组团开黑边复习,天天吃,乐队,家里定时打钱,操场的那圈跑道,卡着铃声冲进去，坐最后一排,跑道上，一个人戴着耳机跑,开黑到凌晨，把气打出去,课件、板书、PPT 截图
S0085,食堂窗口,临时抱佛脚,一周三五次,乐队,兼职自力更生,宿舍的那群人,早上根本没课，我的课都在下午,看台或树下，看别人动,开黑到凌晨，把气打出去,和朋友：合影、表情包、抓拍
S0086,网吧,提前两周就复习完了,从不,摄影社,靠奖学金过日子,图书馆那张常坐的座位,卡着铃声冲进去，坐最后一排,球场，组队打一场,睡一觉，第二天照常,课件、板书、PPT 截图
S0087,食堂窗口,组团开黑边复习,一周三五次,摄影社,月初土豪，月底吃土,食堂的那个窗口,提前十分钟到，坐前排,羽毛球乒乓球，约人打,拉朋友出去吃一顿,和朋友：合影、表情包、抓拍
S0088,网吧,临时抱佛脚,天天吃,乐队,兼职自力更生,图书馆那张常坐的座位,早上根本没课，我的课都在下午,看台或树下，看别人动,开黑到凌晨，把气打出去,运动记录、跑步路线、装备
S0089,网吧,临时抱佛脚,一周三五次,辩论队,兼职自力更生,操场的那圈跑道,选了，但没去过几次,球场，组队打一场,拉朋友出去吃一顿,和朋友：合影、表情包、抓拍
S0090,食堂窗口,临时抱佛脚,一周三五次,乐队,家里定时打钱,食堂的那个窗口,卡着铃声冲进去，坐最后一排,跑道上，一个人戴着耳机跑,睡一觉，第二天照常,吃的：外卖、食堂、探店
S0091,图书馆自习室,组团开黑边复习,一周三五次,乐队,家里定时打钱,食堂的那个窗口,让室友帮忙占座，自己慢慢来,器械区随便练练，练完就走,睡一觉，第二天照常,和朋友：合影、表情包、抓拍
S0092,宿舍床上,死磕课本,天天吃,辩论队,家里定时打钱,宿舍的那群人,提前十分钟到，坐前排,羽毛球乒乓球，约人打,给家里打个电话,运动记录、跑步路线、装备
S0093,食堂窗口,死磕课本,从不,志愿者协会,靠奖学金过日子,图书馆那张常坐的座位,早上根本没课，我的课都在下午,器械区随便练练，练完就走,拉朋友出去吃一顿,风景和现场：演出、展览、天空
S0094,食堂窗口,提前两周就复习完了,偶尔,辩论队,兼职自力更生,图书馆那张常坐的座位,早上根本没课，我的课都在下午,球场，组队打一场,给家里打个电话,运动记录、跑步路线、装备
S0095,宿舍床上,组团开黑边复习,天天吃,摄影社,月初土豪，月底吃土,操场的那圈跑道,选了，但没去过几次,羽毛球乒乓球，约人打,睡一觉，第二天照常,和朋友：合影、表情包、抓拍
S0096,宿舍床上,组团开黑边复习,一周三五次,电竞社,家里定时打钱,什么也没带走，但也没白来,让室友帮忙占座，自己慢慢来,看台或树下，看别人动,开黑到凌晨，把气打出去,运动记录、跑步路线、装备
S0097,操场跑道,刷往年题,偶尔,摄影社,靠奖学金过日子,操场的那圈跑道,选了，但没去过几次,器械区随便练练，练完就走,开黑到凌晨，把气打出去,吃的：外卖、食堂、探店
S0098,图书馆自习室,组团开黑边复习,一周三五次,辩论队,兼职自力更生,什么也没带走，但也没白来,卡着铃声冲进去，坐最后一排,看台或树下，看别人动,开黑到凌晨，把气打出去,运动记录、跑步路线、装备
S0099,食堂窗口,组团开黑边复习,一周三五次,乐队,家里定时打钱,图书馆那张常坐的座位,选了，但没去过几次,球场，组队打一场,拉朋友出去吃一顿,和朋友：合影、表情包、抓拍
S0100,图书馆自习室,组团开黑边复习,一周三五次,电竞社,月初土豪，月底吃土,什么也没带走，但也没白来,早上根本没课，我的课都在下午,器械区随便练练，练完就走,开黑到凌晨，把气打出去,和朋友：合影、表情包、抓拍
S0101,宿舍床上,死磕课本,从不,志愿者协会,靠奖学金过日子,图书馆那张常坐的座位,早上根本没课，我的课都在下午,跑道上，一个人戴着耳机跑,睡一觉，第二天照常,课件、板书、PPT 截图
S0102,网吧,临时抱佛脚,天天吃,电竞社,兼职自力更生,图书馆那张常坐的座位,选了，但没去过几次,看台或树下，看别人动,开黑到凌晨，把气打出去,吃的：外卖、食堂、探店
S0103,食堂窗口,刷往年题,一周三五次,辩论队,家里定时打钱,宿舍的那群人,让室友帮忙占座，自己慢慢来,羽毛球乒乓球，约人打,开黑到凌晨，把气打出去,和朋友：合影、表情包、抓拍
S0104,网吧,组团开黑边复习,天天吃,电竞社,兼职自力更生,什么也没带走，但也没白来,选了，但没去过几次,看台或树下，看别人动,拉朋友出去吃一顿,运动记录、跑步路线、装备
S0105,宿舍床上,临时抱佛脚,偶尔,志愿者协会,月初土豪，月底吃土,什么也没带走，但也没白来,早上根本没课，我的课都在下午,看台或树下，看别人动,开黑到凌晨，把气打出去,吃的：外卖、食堂、探店
S0106,操场跑道,刷往年题,偶尔,摄影社,兼职自力更生,什么也没带走，但也没白来,让室友帮忙占座，自己慢慢来,羽毛球乒乓球，约人打,拉朋友出去吃一顿,运动记录、跑步路线、装备
S0107,图书馆自习室,组团开黑边复习,从不,辩论队,靠奖学金过日子,食堂的那个窗口,提前十分钟到，坐前排,跑道上，一个人戴着耳机跑,给家里打个电话,运动记录、跑步路线、装备
S0108,宿舍床上,临时抱佛脚,偶尔,志愿者协会,家里定时打钱,食堂的那个窗口,卡着铃声冲进去，坐最后一排,羽毛球乒乓球，约人打,给家里打个电话,风景和现场：演出、展览、天空
S0109,宿舍床上,组团开黑边复习,天天吃,辩论队,家里定时打钱,食堂的那个窗口,早上根本没课，我的课都在下午,跑道上，一个人戴着耳机跑,开黑到凌晨，把气打出去,运动记录、跑步路线、装备
S0110,宿舍床上,临时抱佛脚,天天吃,乐队,月初土豪，月底吃土,什么也没带走，但也没白来,卡着铃声冲进去，坐最后一排,球场，组队打一场,开黑到凌晨，把气打出去,和朋友：合影、表情包、抓拍
S0111,食堂窗口,刷往年题,一周三五次,乐队,兼职自力更生,宿舍的那群人,卡着铃声冲进去，坐最后一排,球场，组队打一场,拉朋友出去吃一顿,吃的：外卖、食堂、探店
S0112,操场跑道,临时抱佛脚,偶尔,志愿者协会,靠奖学金过日子,什么也没带走，但也没白来,卡着铃声冲进去，坐最后一排,羽毛球乒乓球，约人打,去操场跑到没力气,运动记录、跑步路线、装备
S0113,食堂窗口,临时抱佛脚,一周三五次,摄影社,月初土豪，月底吃土,食堂的那个窗口,早上根本没课，我的课都在下午,看台或树下，看别人动,开黑到凌晨，把气打出去,和朋友：合影、表情包、抓拍
S0114,操场跑道,临时抱佛脚,偶尔,摄影社,家里定时打钱,什么也没带走，但也没白来,卡着铃声冲进去，坐最后一排,球场，组队打一场,去操场跑到没力气,吃的：外卖、食堂、探店
S0115,操场跑道,组团开黑边复习,从不,辩论队,家里定时打钱,图书馆那张常坐的座位,让室友帮忙占座，自己慢慢来,羽毛球乒乓球，约人打,睡一觉，第二天照常,运动记录、跑步路线、装备
S0116,食堂窗口,死磕课本,天天吃,志愿者协会,家里定时打钱,图书馆那张常坐的座位,提前十分钟到，坐前排,羽毛球乒乓球，约人打,睡一觉，第二天照常,课件、板书、PPT 截图
S0117,图书馆自习室,死磕课本,一周三五次,辩论队,兼职自力更生,食堂的那个窗口,早上根本没课，我的课都在下午,器械区随便练练，练完就走,拉朋友出去吃一顿,运动记录、跑步路线、装备
S0118,图书馆自习室,提前两周就复习完了,偶尔,志愿者协会,靠奖学金过日子,宿舍的那群人,卡着铃声冲进去，坐最后一排,球场，组队打一场,睡一觉，第二天照常,课件、板书、PPT 截图
S0119,网吧,组团开黑边复习,天天吃,志愿者协会,月初土豪，月底吃土,食堂的那个窗口,卡着铃声冲进去，坐最后一排,球场，组队打一场,睡一觉，第二天照常,吃的：外卖、食堂、探店
S0120,食堂窗口,组团开黑边复习,天天吃,摄影社,兼职自力更生,食堂的那个窗口,早上根本没课，我的课都在下午,看台或树下，看别人动,开黑到凌晨，把气打出去,吃的：外卖、食堂、探店
S0121,图书馆自习室,提前两周就复习完了,从不,辩论队,靠奖学金过日子,图书馆那张常坐的座位,卡着铃声冲进去，坐最后一排,跑道上，一个人戴着耳机跑,睡一觉，第二天照常,课件、板书、PPT 截图
S0122,宿舍床上,组团开黑边复习,天天吃,电竞社,兼职自力更生,宿舍的那群人,早上根本没课，我的课都在下午,看台或树下，看别人动,开黑到凌晨，把气打出去,和朋友：合影、表情包、抓拍
S0123,网吧,组团开黑边复习,天天吃,辩论队,靠奖学金过日子,宿舍的那群人,卡着铃声冲进去，坐最后一排,羽毛球乒乓球，约人打,去操场跑到没力气,吃的：外卖、食堂、探店
S0124,图书馆自习室,提前两周就复习完了,偶尔,志愿者协会,靠奖学金过日子,图书馆那张常坐的座位,提前十分钟到，坐前排,羽毛球乒乓球，约人打,开黑到凌晨，把气打出去,课件、板书、PPT 截图
S0125,宿舍床上,刷往年题,一周三五次,辩论队,家里定时打钱,操场的那圈跑道,选了，但没去过几次,羽毛球乒乓球，约人打,拉朋友出去吃一顿,运动记录、跑步路线、装备
S0126,网吧,临时抱佛脚,天天吃,乐队,月初土豪，月底吃土,食堂的那个窗口,早上根本没课，我的课都在下午,球场，组队打一场,开黑到凌晨，把气打出去,风景和现场：演出、展览、天空
S0127,宿舍床上,死磕课本,从不,摄影社,靠奖学金过日子,食堂的那个窗口,提前十分钟到，坐前排,器械区随便练练，练完就走,睡一觉，第二天照常,吃的：外卖、食堂、探店
S0128,图书馆自习室,提前两周就复习完了,偶尔,辩论队,靠奖学金过日子,图书馆那张常坐的座位,让室友帮忙占座，自己慢慢来,看台或树下，看别人动,给家里打个电话,和朋友：合影、表情包、抓拍
S0129,宿舍床上,组团开黑边复习,天天吃,电竞社,月初土豪，月底吃土,食堂的那个窗口,早上根本没课，我的课都在下午,看台或树下，看别人动,给家里打个电话,运动记录、跑步路线、装备
S0130,宿舍床上,组团开黑边复习,天天吃,乐队,月初土豪，月底吃土,宿舍的那群人,提前十分钟到，坐前排,器械区随便练练，练完就走,开黑到凌晨，把气打出去,和朋友：合影、表情包、抓拍
S0131,操场跑道,刷往年题,天天吃,乐队,家里定时打钱,宿舍的那群人,让室友帮忙占座，自己慢慢来,看台或树下，看别人动,拉朋友出去吃一顿,和朋友：合影、表情包、抓拍
S0132,网吧,刷往年题,一周三五次,电竞社,家里定时打钱,什么也没带走，但也没白来,卡着铃声冲进去，坐最后一排,看台或树下，看别人动,拉朋友出去吃一顿,吃的：外卖、食堂、探店
S0133,网吧,临时抱佛脚,一周三五次,电竞社,兼职自力更生,食堂的那个窗口,卡着铃声冲进去，坐最后一排,球场，组队打一场,睡一觉，第二天照常,和朋友：合影、表情包、抓拍
S0134,图书馆自习室,提前两周就复习完了,天天吃,辩论队,月初土豪，月底吃土,什么也没带走，但也没白来,提前十分钟到，坐前排,跑道上，一个人戴着耳机跑,拉朋友出去吃一顿,运动记录、跑步路线、装备
S0135,宿舍床上,组团开黑边复习,一周三五次,摄影社,兼职自力更生,食堂的那个窗口,让室友帮忙占座，自己慢慢来,羽毛球乒乓球，约人打,拉朋友出去吃一顿,课件、板书、PPT 截图
S0136,宿舍床上,组团开黑边复习,一周三五次,摄影社,月初土豪，月底吃土,操场的那圈跑道,卡着铃声冲进去，坐最后一排,看台或树下，看别人动,拉朋友出去吃一顿,风景和现场：演出、展览、天空
S0137,操场跑道,提前两周就复习完了,从不,辩论队,家里定时打钱,宿舍的那群人,选了，但没去过几次,羽毛球乒乓球，约人打,拉朋友出去吃一顿,和朋友：合影、表情包、抓拍
S0138,食堂窗口,临时抱佛脚,一周三五次,志愿者协会,月初土豪，月底吃土,宿舍的那群人,让室友帮忙占座，自己慢慢来,球场，组队打一场,开黑到凌晨，把气打出去,和朋友：合影、表情包、抓拍
S0139,食堂窗口,临时抱佛脚,天天吃,志愿者协会,靠奖学金过日子,宿舍的那群人,卡着铃声冲进去，坐最后一排,看台或树下，看别人动,给家里打个电话,吃的：外卖、食堂、探店
S0140,操场跑道,组团开黑边复习,天天吃,摄影社,月初土豪，月底吃土,宿舍的那群人,早上根本没课，我的课都在下午,看台或树下，看别人动,去操场跑到没力气,吃的：外卖、食堂、探店
S0141,食堂窗口,死磕课本,从不,志愿者协会,靠奖学金过日子,宿舍的那群人,早上根本没课，我的课都在下午,看台或树下，看别人动,拉朋友出去吃一顿,风景和现场：演出、展览、天空
S0142,宿舍床上,临时抱佛脚,从不,辩论队,靠奖学金过日子,图书馆那张常坐的座位,提前十分钟到，坐前排,跑道上，一个人戴着耳机跑,睡一觉，第二天照常,课件、板书、PPT 截图
S0143,宿舍床上,组团开黑边复习,从不,乐队,月初土豪，月底吃土,食堂的那个窗口,早上根本没课，我的课都在下午,球场，组队打一场,开黑到凌晨，把气打出去,运动记录、跑步路线、装备
S0144,食堂窗口,提前两周就复习完了,天天吃,志愿者协会,月初土豪，月底吃土,什么也没带走，但也没白来,卡着铃声冲进去，坐最后一排,看台或树下，看别人动,给家里打个电话,风景和现场：演出、展览、天空
S0145,网吧,组团开黑边复习,天天吃,电竞社,月初土豪，月底吃土,什么也没带走，但也没白来,早上根本没课，我的课都在下午,跑道上，一个人戴着耳机跑,开黑到凌晨，把气打出去,吃的：外卖、食堂、探店
S0146,食堂窗口,死磕课本,一周三五次,摄影社,兼职自力更生,操场的那圈跑道,让室友帮忙占座，自己慢慢来,跑道上，一个人戴着耳机跑,给家里打个电话,吃的：外卖、食堂、探店
S0147,食堂窗口,死磕课本,从不,摄影社,兼职自力更生,宿舍的那群人,早上根本没课，我的课都在下午,跑道上，一个人戴着耳机跑,去操场跑到没力气,吃的：外卖、食堂、探店
S0148,图书馆自习室,提前两周就复习完了,从不,摄影社,靠奖学金过日子,食堂的那个窗口,提前十分钟到，坐前排,器械区随便练练，练完就走,睡一觉，第二天照常,课件、板书、PPT 截图
S0149,操场跑道,刷往年题,偶尔,摄影社,兼职自力更生,宿舍的那群人,选了，但没去过几次,器械区随便练练，练完就走,给家里打个电话,吃的：外卖、食堂、探店
S0150,食堂窗口,刷往年题,一周三五次,电竞社,兼职自力更生,宿舍的那群人,选了，但没去过几次,球场，组队打一场,开黑到凌晨，把气打出去,运动记录、跑步路线、装备
S0151,食堂窗口,死磕课本,天天吃,电竞社,家里定时打钱,什么也没带走，但也没白来,早上根本没课，我的课都在下午,看台或树下，看别人动,开黑到凌晨，把气打出去,吃的：外卖、食堂、探店
S0152,食堂窗口,刷往年题,天天吃,乐队,靠奖学金过日子,食堂的那个窗口,卡着铃声冲进去，坐最后一排,器械区随便练练，练完就走,拉朋友出去吃一顿,吃的：外卖、食堂、探店
S0153,食堂窗口,提前两周就复习完了,天天吃,乐队,家里定时打钱,操场的那圈跑道,卡着铃声冲进去，坐最后一排,羽毛球乒乓球，约人打,拉朋友出去吃一顿,课件、板书、PPT 截图
S0154,图书馆自习室,死磕课本,从不,乐队,月初土豪，月底吃土,操场的那圈跑道,选了，但没去过几次,器械区随便练练，练完就走,拉朋友出去吃一顿,课件、板书、PPT 截图
S0155,食堂窗口,刷往年题,天天吃,志愿者协会,家里定时打钱,图书馆那张常坐的座位,让室友帮忙占座，自己慢慢来,跑道上，一个人戴着耳机跑,开黑到凌晨，把气打出去,和朋友：合影、表情包、抓拍
S0156,图书馆自习室,组团开黑边复习,一周三五次,乐队,月初土豪，月底吃土,食堂的那个窗口,让室友帮忙占座，自己慢慢来,看台或树下，看别人动,睡一觉，第二天照常,吃的：外卖、食堂、探店
S0157,食堂窗口,组团开黑边复习,偶尔,辩论队,月初土豪，月底吃土,操场的那圈跑道,提前十分钟到，坐前排,球场，组队打一场,拉朋友出去吃一顿,运动记录、跑步路线、装备
S0158,图书馆自习室,刷往年题,从不,乐队,兼职自力更生,食堂的那个窗口,提前十分钟到，坐前排,看台或树下，看别人动,去操场跑到没力气,吃的：外卖、食堂、探店
S0159,操场跑道,组团开黑边复习,一周三五次,辩论队,月初土豪，月底吃土,食堂的那个窗口,早上根本没课，我的课都在下午,跑道上，一个人戴着耳机跑,去操场跑到没力气,和朋友：合影、表情包、抓拍
S0160,图书馆自习室,组团开黑边复习,一周三五次,辩论队,家里定时打钱,操场的那圈跑道,提前十分钟到，坐前排,跑道上，一个人戴着耳机跑,去操场跑到没力气,课件、板书、PPT 截图
S0161,食堂窗口,提前两周就复习完了,偶尔,志愿者协会,靠奖学金过日子,操场的那圈跑道,提前十分钟到，坐前排,球场，组队打一场,去操场跑到没力气,风景和现场：演出、展览、天空
S0162,图书馆自习室,死磕课本,天天吃,摄影社,靠奖学金过日子,图书馆那张常坐的座位,提前十分钟到，坐前排,器械区随便练练，练完就走,给家里打个电话,和朋友：合影、表情包、抓拍
S0163,食堂窗口,组团开黑边复习,一周三五次,乐队,家里定时打钱,宿舍的那群人,卡着铃声冲进去，坐最后一排,球场，组队打一场,睡一觉，第二天照常,吃的：外卖、食堂、探店
S0164,操场跑道,提前两周就复习完了,偶尔,摄影社,兼职自力更生,操场的那圈跑道,卡着铃声冲进去，坐最后一排,羽毛球乒乓球，约人打,睡一觉，第二天照常,和朋友：合影、表情包、抓拍
S0165,食堂窗口,刷往年题,一周三五次,摄影社,兼职自力更生,宿舍的那群人,卡着铃声冲进去，坐最后一排,羽毛球乒乓球，约人打,拉朋友出去吃一顿,风景和现场：演出、展览、天空
S0166,食堂窗口,死磕课本,一周三五次,志愿者协会,月初土豪，月底吃土,食堂的那个窗口,选了，但没去过几次,羽毛球乒乓球，约人打,拉朋友出去吃一顿,和朋友：合影、表情包、抓拍
S0167,图书馆自习室,死磕课本,从不,乐队,靠奖学金过日子,图书馆那张常坐的座位,提前十分钟到，坐前排,器械区随便练练，练完就走,睡一觉，第二天照常,课件、板书、PPT 截图
S0168,网吧,组团开黑边复习,天天吃,辩论队,靠奖学金过日子,宿舍的那群人,提前十分钟到，坐前排,看台或树下，看别人动,去操场跑到没力气,吃的：外卖、食堂、探店
S0169,操场跑道,临时抱佛脚,一周三五次,电竞社,兼职自力更生,操场的那圈跑道,让室友帮忙占座，自己慢慢来,器械区随便练练，练完就走,睡一觉，第二天照常,风景和现场：演出、展览、天空
S0170,图书馆自习室,提前两周就复习完了,天天吃,电竞社,月初土豪，月底吃土,什么也没带走，但也没白来,提前十分钟到，坐前排,球场，组队打一场,开黑到凌晨，把气打出去,风景和现场：演出、展览、天空
S0171,宿舍床上,组团开黑边复习,天天吃,电竞社,月初土豪，月底吃土,宿舍的那群人,选了，但没去过几次,看台或树下，看别人动,去操场跑到没力气,运动记录、跑步路线、装备
S0172,图书馆自习室,刷往年题,偶尔,电竞社,靠奖学金过日子,宿舍的那群人,早上根本没课，我的课都在下午,看台或树下，看别人动,开黑到凌晨，把气打出去,和朋友：合影、表情包、抓拍
S0173,宿舍床上,临时抱佛脚,天天吃,志愿者协会,月初土豪，月底吃土,操场的那圈跑道,选了，但没去过几次,器械区随便练练，练完就走,开黑到凌晨，把气打出去,和朋友：合影、表情包、抓拍
S0174,图书馆自习室,刷往年题,从不,摄影社,兼职自力更生,图书馆那张常坐的座位,早上根本没课，我的课都在下午,球场，组队打一场,睡一觉，第二天照常,吃的：外卖、食堂、探店
S0175,图书馆自习室,刷往年题,天天吃,志愿者协会,靠奖学金过日子,操场的那圈跑道,早上根本没课，我的课都在下午,球场，组队打一场,开黑到凌晨，把气打出去,风景和现场：演出、展览、天空
S0176,操场跑道,组团开黑边复习,从不,志愿者协会,靠奖学金过日子,什么也没带走，但也没白来,早上根本没课，我的课都在下午,器械区随便练练，练完就走,给家里打个电话,和朋友：合影、表情包、抓拍
S0177,网吧,临时抱佛脚,天天吃,电竞社,月初土豪，月底吃土,宿舍的那群人,选了，但没去过几次,器械区随便练练，练完就走,给家里打个电话,和朋友：合影、表情包、抓拍
S0178,操场跑道,死磕课本,偶尔,志愿者协会,家里定时打钱,操场的那圈跑道,卡着铃声冲进去，坐最后一排,器械区随便练练，练完就走,去操场跑到没力气,风景和现场：演出、展览、天空
S0179,宿舍床上,组团开黑边复习,偶尔,摄影社,家里定时打钱,宿舍的那群人,早上根本没课，我的课都在下午,球场，组队打一场,去操场跑到没力气,课件、板书、PPT 截图
S0180,操场跑道,刷往年题,天天吃,志愿者协会,月初土豪，月底吃土,食堂的那个窗口,提前十分钟到，坐前排,球场，组队打一场,去操场跑到没力气,课件、板书、PPT 截图
S0181,宿舍床上,组团开黑边复习,天天吃,摄影社,靠奖学金过日子,食堂的那个窗口,早上根本没课，我的课都在下午,看台或树下，看别人动,拉朋友出去吃一顿,风景和现场：演出、展览、天空
S0182,食堂窗口,提前两周就复习完了,偶尔,辩论队,兼职自力更生,操场的那圈跑道,卡着铃声冲进去，坐最后一排,球场，组队打一场,睡一觉，第二天照常,运动记录、跑步路线、装备
S0183,食堂窗口,刷往年题,天天吃,电竞社,月初土豪，月底吃土,什么也没带走，但也没白来,选了，但没去过几次,器械区随便练练，练完就走,开黑到凌晨，把气打出去,和朋友：合影、表情包、抓拍
S0184,网吧,临时抱佛脚,天天吃,志愿者协会,靠奖学金过日子,什么也没带走，但也没白来,选了，但没去过几次,球场，组队打一场,开黑到凌晨，把气打出去,和朋友：合影、表情包、抓拍
S0185,宿舍床上,组团开黑边复习,天天吃,乐队,月初土豪，月底吃土,食堂的那个窗口,选了，但没去过几次,球场，组队打一场,拉朋友出去吃一顿,吃的：外卖、食堂、探店
S0186,操场跑道,组团开黑边复习,天天吃,乐队,靠奖学金过日子,食堂的那个窗口,卡着铃声冲进去，坐最后一排,器械区随便练练，练完就走,开黑到凌晨，把气打出去,吃的：外卖、食堂、探店
S0187,食堂窗口,组团开黑边复习,天天吃,乐队,月初土豪，月底吃土,什么也没带走，但也没白来,早上根本没课，我的课都在下午,器械区随便练练，练完就走,睡一觉，第二天照常,风景和现场：演出、展览、天空
S0188,宿舍床上,死磕课本,从不,摄影社,靠奖学金过日子,宿舍的那群人,卡着铃声冲进去，坐最后一排,看台或树下，看别人动,睡一觉，第二天照常,课件、板书、PPT 截图
S0189,图书馆自习室,死磕课本,偶尔,志愿者协会,月初土豪，月底吃土,什么也没带走，但也没白来,让室友帮忙占座，自己慢慢来,器械区随便练练，练完就走,去操场跑到没力气,课件、板书、PPT 截图
S0190,图书馆自习室,死磕课本,一周三五次,志愿者协会,靠奖学金过日子,图书馆那张常坐的座位,提前十分钟到，坐前排,羽毛球乒乓球，约人打,睡一觉，第二天照常,课件、板书、PPT 截图
S0191,食堂窗口,死磕课本,天天吃,志愿者协会,家里定时打钱,什么也没带走，但也没白来,提前十分钟到，坐前排,看台或树下，看别人动,开黑到凌晨，把气打出去,课件、板书、PPT 截图
S0192,网吧,提前两周就复习完了,一周三五次,电竞社,月初土豪，月底吃土,操场的那圈跑道,提前十分钟到，坐前排,球场，组队打一场,睡一觉，第二天照常,和朋友：合影、表情包、抓拍
S0193,食堂窗口,死磕课本,天天吃,志愿者协会,月初土豪，月底吃土,食堂的那个窗口,早上根本没课，我的课都在下午,羽毛球乒乓球，约人打,睡一觉，第二天照常,吃的：外卖、食堂、探店
S0194,网吧,提前两周就复习完了,一周三五次,电竞社,兼职自力更生,食堂的那个窗口,选了，但没去过几次,羽毛球乒乓球，约人打,开黑到凌晨，把气打出去,吃的：外卖、食堂、探店
S0195,网吧,刷往年题,从不,摄影社,月初土豪，月底吃土,食堂的那个窗口,卡着铃声冲进去，坐最后一排,跑道上，一个人戴着耳机跑,去操场跑到没力气,和朋友：合影、表情包、抓拍
S0196,网吧,刷往年题,天天吃,摄影社,家里定时打钱,宿舍的那群人,选了，但没去过几次,看台或树下，看别人动,去操场跑到没力气,运动记录、跑步路线、装备
S0197,操场跑道,刷往年题,天天吃,辩论队,家里定时打钱,操场的那圈跑道,让室友帮忙占座，自己慢慢来,跑道上，一个人戴着耳机跑,去操场跑到没力气,风景和现场：演出、展览、天空
S0198,网吧,组团开黑边复习,天天吃,电竞社,兼职自力更生,什么也没带走，但也没白来,选了，但没去过几次,看台或树下，看别人动,拉朋友出去吃一顿,运动记录、跑步路线、装备
S0199,食堂窗口,死磕课本,天天吃,乐队,家里定时打钱,什么也没带走，但也没白来,让室友帮忙占座，自己慢慢来,器械区随便练练，练完就走,给家里打个电话,吃的：外卖、食堂、探店
S0200,网吧,提前两周就复习完了,偶尔,辩论队,月初土豪，月底吃土,宿舍的那群人,卡着铃声冲进去，坐最后一排,跑道上，一个人戴着耳机跑,拉朋友出去吃一顿,和朋友：合影、表情包、抓拍
S0201,宿舍床上,刷往年题,天天吃,志愿者协会,家里定时打钱,食堂的那个窗口,选了，但没去过几次,看台或树下，看别人动,给家里打个电话,吃的：外卖、食堂、探店
S0202,操场跑道,临时抱佛脚,一周三五次,摄影社,月初土豪，月底吃土,什么也没带走，但也没白来,早上根本没课，我的课都在下午,看台或树下，看别人动,拉朋友出去吃一顿,风景和现场：演出、展览、天空
S0203,图书馆自习室,组团开黑边复习,天天吃,志愿者协会,家里定时打钱,图书馆那张常坐的座位,早上根本没课，我的课都在下午,羽毛球乒乓球，约人打,给家里打个电话,和朋友：合影、表情包、抓拍
S0204,操场跑道,刷往年题,一周三五次,电竞社,月初土豪，月底吃土,食堂的那个窗口,卡着铃声冲进去，坐最后一排,跑道上，一个人戴着耳机跑,拉朋友出去吃一顿,和朋友：合影、表情包、抓拍
S0205,操场跑道,提前两周就复习完了,天天吃,志愿者协会,靠奖学金过日子,什么也没带走，但也没白来,提前十分钟到，坐前排,看台或树下，看别人动,开黑到凌晨，把气打出去,吃的：外卖、食堂、探店
S0206,图书馆自习室,组团开黑边复习,一周三五次,志愿者协会,家里定时打钱,图书馆那张常坐的座位,卡着铃声冲进去，坐最后一排,器械区随便练练，练完就走,睡一觉，第二天照常,课件、板书、PPT 截图
S0207,操场跑道,死磕课本,天天吃,乐队,月初土豪，月底吃土,食堂的那个窗口,选了，但没去过几次,球场，组队打一场,开黑到凌晨，把气打出去,课件、板书、PPT 截图
S0208,宿舍床上,刷往年题,一周三五次,摄影社,月初土豪，月底吃土,操场的那圈跑道,卡着铃声冲进去，坐最后一排,看台或树下，看别人动,给家里打个电话,风景和现场：演出、展览、天空
S0209,图书馆自习室,提前两周就复习完了,偶尔,辩论队,家里定时打钱,什么也没带走，但也没白来,提前十分钟到，坐前排,跑道上，一个人戴着耳机跑,睡一觉，第二天照常,课件、板书、PPT 截图
S0210,图书馆自习室,提前两周就复习完了,偶尔,乐队,靠奖学金过日子,图书馆那张常坐的座位,让室友帮忙占座，自己慢慢来,器械区随便练练，练完就走,拉朋友出去吃一顿,课件、板书、PPT 截图
S0211,操场跑道,死磕课本,一周三五次,志愿者协会,靠奖学金过日子,宿舍的那群人,让室友帮忙占座，自己慢慢来,球场，组队打一场,拉朋友出去吃一顿,吃的：外卖、食堂、探店
S0212,图书馆自习室,提前两周就复习完了,从不,辩论队,靠奖学金过日子,图书馆那张常坐的座位,提前十分钟到，坐前排,羽毛球乒乓球，约人打,给家里打个电话,运动记录、跑步路线、装备
S0213,操场跑道,临时抱佛脚,天天吃,志愿者协会,月初土豪，月底吃土,宿舍的那群人,让室友帮忙占座，自己慢慢来,器械区随便练练，练完就走,给家里打个电话,吃的：外卖、食堂、探店
S0214,操场跑道,临时抱佛脚,从不,志愿者协会,兼职自力更生,操场的那圈跑道,提前十分钟到，坐前排,器械区随便练练，练完就走,睡一觉，第二天照常,运动记录、跑步路线、装备
S0215,食堂窗口,临时抱佛脚,一周三五次,摄影社,月初土豪，月底吃土,图书馆那张常坐的座位,提前十分钟到，坐前排,羽毛球乒乓球，约人打,拉朋友出去吃一顿,风景和现场：演出、展览、天空
S0216,网吧,临时抱佛脚,一周三五次,电竞社,家里定时打钱,什么也没带走，但也没白来,早上根本没课，我的课都在下午,跑道上，一个人戴着耳机跑,开黑到凌晨，把气打出去,和朋友：合影、表情包、抓拍
S0217,操场跑道,死磕课本,从不,电竞社,靠奖学金过日子,图书馆那张常坐的座位,提前十分钟到，坐前排,器械区随便练练，练完就走,去操场跑到没力气,课件、板书、PPT 截图
S0218,食堂窗口,组团开黑边复习,天天吃,志愿者协会,月初土豪，月底吃土,什么也没带走，但也没白来,早上根本没课，我的课都在下午,器械区随便练练，练完就走,睡一觉，第二天照常,运动记录、跑步路线、装备
S0219,图书馆自习室,提前两周就复习完了,偶尔,摄影社,靠奖学金过日子,图书馆那张常坐的座位,早上根本没课，我的课都在下午,跑道上，一个人戴着耳机跑,睡一觉，第二天照常,风景和现场：演出、展览、天空
S0220,图书馆自习室,提前两周就复习完了,从不,辩论队,兼职自力更生,什么也没带走，但也没白来,提前十分钟到，坐前排,器械区随便练练，练完就走,睡一觉，第二天照常,风景和现场：演出、展览、天空
S0221,宿舍床上,组团开黑边复习,偶尔,辩论队,兼职自力更生,操场的那圈跑道,选了，但没去过几次,跑道上，一个人戴着耳机跑,给家里打个电话,运动记录、跑步路线、装备
S0222,网吧,死磕课本,天天吃,乐队,兼职自力更生,操场的那圈跑道,卡着铃声冲进去，坐最后一排,器械区随便练练，练完就走,给家里打个电话,和朋友：合影、表情包、抓拍
S0223,图书馆自习室,刷往年题,一周三五次,乐队,靠奖学金过日子,图书馆那张常坐的座位,提前十分钟到，坐前排,球场，组队打一场,给家里打个电话,吃的：外卖、食堂、探店
S0224,网吧,组团开黑边复习,天天吃,摄影社,家里定时打钱,食堂的那个窗口,选了，但没去过几次,器械区随便练练，练完就走,拉朋友出去吃一顿,课件、板书、PPT 截图
S0225,食堂窗口,组团开黑边复习,一周三五次,志愿者协会,兼职自力更生,宿舍的那群人,提前十分钟到，坐前排,跑道上，一个人戴着耳机跑,拉朋友出去吃一顿,风景和现场：演出、展览、天空
S0226,图书馆自习室,提前两周就复习完了,从不,摄影社,靠奖学金过日子,图书馆那张常坐的座位,卡着铃声冲进去，坐最后一排,跑道上，一个人戴着耳机跑,睡一觉，第二天照常,课件、板书、PPT 截图
S0227,操场跑道,死磕课本,一周三五次,摄影社,靠奖学金过日子,操场的那圈跑道,选了，但没去过几次,羽毛球乒乓球，约人打,去操场跑到没力气,吃的：外卖、食堂、探店
S0228,食堂窗口,组团开黑边复习,天天吃,摄影社,月初土豪，月底吃土,食堂的那个窗口,卡着铃声冲进去，坐最后一排,器械区随便练练，练完就走,给家里打个电话,吃的：外卖、食堂、探店
S0229,网吧,死磕课本,从不,乐队,兼职自力更生,食堂的那个窗口,让室友帮忙占座，自己慢慢来,羽毛球乒乓球，约人打,开黑到凌晨，把气打出去,吃的：外卖、食堂、探店
S0230,食堂窗口,刷往年题,一周三五次,摄影社,靠奖学金过日子,什么也没带走，但也没白来,提前十分钟到，坐前排,跑道上，一个人戴着耳机跑,去操场跑到没力气,和朋友：合影、表情包、抓拍
S0231,食堂窗口,死磕课本,偶尔,电竞社,月初土豪，月底吃土,食堂的那个窗口,卡着铃声冲进去，坐最后一排,羽毛球乒乓球，约人打,开黑到凌晨，把气打出去,和朋友：合影、表情包、抓拍
S0232,网吧,死磕课本,天天吃,电竞社,家里定时打钱,什么也没带走，但也没白来,让室友帮忙占座，自己慢慢来,跑道上，一个人戴着耳机跑,开黑到凌晨，把气打出去,课件、板书、PPT 截图
S0233,食堂窗口,刷往年题,天天吃,摄影社,月初土豪，月底吃土,食堂的那个窗口,选了，但没去过几次,看台或树下，看别人动,给家里打个电话,吃的：外卖、食堂、探店
S0234,图书馆自习室,提前两周就复习完了,从不,志愿者协会,月初土豪，月底吃土,什么也没带走，但也没白来,提前十分钟到，坐前排,羽毛球乒乓球，约人打,开黑到凌晨，把气打出去,吃的：外卖、食堂、探店
S0235,食堂窗口,组团开黑边复习,一周三五次,乐队,月初土豪，月底吃土,操场的那圈跑道,提前十分钟到，坐前排,球场，组队打一场,睡一觉，第二天照常,课件、板书、PPT 截图
S0236,食堂窗口,刷往年题,偶尔,乐队,家里定时打钱,宿舍的那群人,让室友帮忙占座，自己慢慢来,羽毛球乒乓球，约人打,开黑到凌晨，把气打出去,风景和现场：演出、展览、天空
S0237,食堂窗口,组团开黑边复习,天天吃,志愿者协会,靠奖学金过日子,食堂的那个窗口,让室友帮忙占座，自己慢慢来,球场，组队打一场,去操场跑到没力气,风景和现场：演出、展览、天空
S0238,操场跑道,组团开黑边复习,从不,电竞社,家里定时打钱,宿舍的那群人,选了，但没去过几次,羽毛球乒乓球，约人打,去操场跑到没力气,吃的：外卖、食堂、探店
S0239,宿舍床上,组团开黑边复习,天天吃,电竞社,家里定时打钱,宿舍的那群人,提前十分钟到，坐前排,羽毛球乒乓球，约人打,给家里打个电话,和朋友：合影、表情包、抓拍
S0240,食堂窗口,死磕课本,一周三五次,志愿者协会,月初土豪，月底吃土,宿舍的那群人,提前十分钟到，坐前排,器械区随便练练，练完就走,拉朋友出去吃一顿,运动记录、跑步路线、装备
S0241,网吧,组团开黑边复习,偶尔,摄影社,月初土豪，月底吃土,宿舍的那群人,卡着铃声冲进去，坐最后一排,看台或树下，看别人动,拉朋友出去吃一顿,和朋友：合影、表情包、抓拍
S0242,网吧,死磕课本,从不,辩论队,月初土豪，月底吃土,宿舍的那群人,让室友帮忙占座，自己慢慢来,看台或树下，看别人动,睡一觉，第二天照常,运动记录、跑步路线、装备
S0243,操场跑道,组团开黑边复习,一周三五次,辩论队,家里定时打钱,操场的那圈跑道,让室友帮忙占座，自己慢慢来,球场，组队打一场,拉朋友出去吃一顿,运动记录、跑步路线、装备
S0244,宿舍床上,组团开黑边复习,一周三五次,电竞社,月初土豪，月底吃土,食堂的那个窗口,选了，但没去过几次,看台或树下，看别人动,拉朋友出去吃一顿,风景和现场：演出、展览、天空
S0245,宿舍床上,临时抱佛脚,偶尔,志愿者协会,月初土豪，月底吃土,操场的那圈跑道,选了，但没去过几次,球场，组队打一场,睡一觉，第二天照常,和朋友：合影、表情包、抓拍
S0246,食堂窗口,刷往年题,一周三五次,摄影社,月初土豪，月底吃土,食堂的那个窗口,选了，但没去过几次,羽毛球乒乓球，约人打,拉朋友出去吃一顿,课件、板书、PPT 截图
S0247,宿舍床上,组团开黑边复习,从不,乐队,家里定时打钱,宿舍的那群人,卡着铃声冲进去，坐最后一排,羽毛球乒乓球，约人打,拉朋友出去吃一顿,吃的：外卖、食堂、探店
S0248,图书馆自习室,提前两周就复习完了,从不,志愿者协会,靠奖学金过日子,宿舍的那群人,早上根本没课，我的课都在下午,羽毛球乒乓球，约人打,睡一觉，第二天照常,课件、板书、PPT 截图
S0249,食堂窗口,组团开黑边复习,天天吃,志愿者协会,家里定时打钱,宿舍的那群人,卡着铃声冲进去，坐最后一排,器械区随便练练，练完就走,拉朋友出去吃一顿,吃的：外卖、食堂、探店
S0250,操场跑道,组团开黑边复习,天天吃,辩论队,月初土豪，月底吃土,宿舍的那群人,卡着铃声冲进去，坐最后一排,羽毛球乒乓球，约人打,开黑到凌晨，把气打出去,吃的：外卖、食堂、探店
S0251,宿舍床上,提前两周就复习完了,一周三五次,电竞社,靠奖学金过日子,食堂的那个窗口,提前十分钟到，坐前排,羽毛球乒乓球，约人打,拉朋友出去吃一顿,吃的：外卖、食堂、探店
S0252,图书馆自习室,死磕课本,天天吃,辩论队,家里定时打钱,图书馆那张常坐的座位,提前十分钟到，坐前排,跑道上，一个人戴着耳机跑,睡一觉，第二天照常,课件、板书、PPT 截图
S0253,宿舍床上,临时抱佛脚,偶尔,摄影社,靠奖学金过日子,图书馆那张常坐的座位,让室友帮忙占座，自己慢慢来,看台或树下，看别人动,给家里打个电话,课件、板书、PPT 截图
S0254,网吧,临时抱佛脚,天天吃,辩论队,月初土豪，月底吃土,什么也没带走，但也没白来,早上根本没课，我的课都在下午,羽毛球乒乓球，约人打,开黑到凌晨，把气打出去,课件、板书、PPT 截图
S0255,食堂窗口,死磕课本,天天吃,乐队,月初土豪，月底吃土,操场的那圈跑道,让室友帮忙占座，自己慢慢来,球场，组队打一场,给家里打个电话,和朋友：合影、表情包、抓拍
S0256,宿舍床上,组团开黑边复习,天天吃,电竞社,月初土豪，月底吃土,宿舍的那群人,卡着铃声冲进去，坐最后一排,器械区随便练练，练完就走,拉朋友出去吃一顿,和朋友：合影、表情包、抓拍
S0257,食堂窗口,组团开黑边复习,一周三五次,摄影社,兼职自力更生,图书馆那张常坐的座位,让室友帮忙占座，自己慢慢来,球场，组队打一场,拉朋友出去吃一顿,运动记录、跑步路线、装备
S0258,操场跑道,刷往年题,天天吃,志愿者协会,兼职自力更生,宿舍的那群人,卡着铃声冲进去，坐最后一排,羽毛球乒乓球，约人打,给家里打个电话,运动记录、跑步路线、装备
S0259,宿舍床上,临时抱佛脚,天天吃,乐队,兼职自力更生,操场的那圈跑道,卡着铃声冲进去，坐最后一排,跑道上，一个人戴着耳机跑,给家里打个电话,和朋友：合影、表情包、抓拍
S0260,网吧,死磕课本,从不,摄影社,兼职自力更生,食堂的那个窗口,早上根本没课，我的课都在下午,球场，组队打一场,开黑到凌晨，把气打出去,吃的：外卖、食堂、探店
S0261,网吧,临时抱佛脚,一周三五次,电竞社,兼职自力更生,什么也没带走，但也没白来,选了，但没去过几次,跑道上，一个人戴着耳机跑,给家里打个电话,吃的：外卖、食堂、探店
S0262,网吧,提前两周就复习完了,一周三五次,乐队,月初土豪，月底吃土,宿舍的那群人,选了，但没去过几次,球场，组队打一场,开黑到凌晨，把气打出去,运动记录、跑步路线、装备
S0263,宿舍床上,死磕课本,从不,志愿者协会,兼职自力更生,什么也没带走，但也没白来,卡着铃声冲进去，坐最后一排,跑道上，一个人戴着耳机跑,给家里打个电话,课件、板书、PPT 截图
S0264,食堂窗口,刷往年题,天天吃,乐队,家里定时打钱,图书馆那张常坐的座位,选了，但没去过几次,羽毛球乒乓球，约人打,开黑到凌晨，把气打出去,和朋友：合影、表情包、抓拍
S0265,操场跑道,死磕课本,偶尔,电竞社,月初土豪，月底吃土,什么也没带走，但也没白来,选了，但没去过几次,跑道上，一个人戴着耳机跑,给家里打个电话,和朋友：合影、表情包、抓拍
S0266,宿舍床上,组团开黑边复习,天天吃,电竞社,月初土豪，月底吃土,宿舍的那群人,让室友帮忙占座，自己慢慢来,羽毛球乒乓球，约人打,给家里打个电话,和朋友：合影、表情包、抓拍
S0267,宿舍床上,组团开黑边复习,一周三五次,电竞社,靠奖学金过日子,食堂的那个窗口,卡着铃声冲进去，坐最后一排,羽毛球乒乓球，约人打,睡一觉，第二天照常,吃的：外卖、食堂、探店
S0268,图书馆自习室,死磕课本,从不,志愿者协会,靠奖学金过日子,宿舍的那群人,选了，但没去过几次,羽毛球乒乓球，约人打,睡一觉，第二天照常,课件、板书、PPT 截图
S0269,网吧,临时抱佛脚,天天吃,志愿者协会,兼职自力更生,食堂的那个窗口,卡着铃声冲进去，坐最后一排,羽毛球乒乓球，约人打,给家里打个电话,和朋友：合影、表情包、抓拍
S0270,食堂窗口,死磕课本,天天吃,辩论队,家里定时打钱,宿舍的那群人,让室友帮忙占座，自己慢慢来,看台或树下，看别人动,开黑到凌晨，把气打出去,吃的：外卖、食堂、探店
S0271,图书馆自习室,临时抱佛脚,天天吃,乐队,月初土豪，月底吃土,宿舍的那群人,选了，但没去过几次,器械区随便练练，练完就走,开黑到凌晨，把气打出去,和朋友：合影、表情包、抓拍
S0272,食堂窗口,提前两周就复习完了,天天吃,乐队,靠奖学金过日子,食堂的那个窗口,选了，但没去过几次,看台或树下，看别人动,睡一觉，第二天照常,和朋友：合影、表情包、抓拍
S0273,食堂窗口,提前两周就复习完了,天天吃,辩论队,月初土豪，月底吃土,食堂的那个窗口,让室友帮忙占座，自己慢慢来,球场，组队打一场,拉朋友出去吃一顿,吃的：外卖、食堂、探店
S0274,宿舍床上,临时抱佛脚,一周三五次,摄影社,月初土豪，月底吃土,食堂的那个窗口,选了，但没去过几次,看台或树下，看别人动,给家里打个电话,和朋友：合影、表情包、抓拍
S0275,操场跑道,刷往年题,偶尔,电竞社,月初土豪，月底吃土,图书馆那张常坐的座位,提前十分钟到，坐前排,球场，组队打一场,去操场跑到没力气,课件、板书、PPT 截图
S0276,食堂窗口,死磕课本,天天吃,摄影社,兼职自力更生,食堂的那个窗口,让室友帮忙占座，自己慢慢来,球场，组队打一场,给家里打个电话,吃的：外卖、食堂、探店
S0277,图书馆自习室,死磕课本,天天吃,辩论队,靠奖学金过日子,宿舍的那群人,选了，但没去过几次,看台或树下，看别人动,给家里打个电话,课件、板书、PPT 截图
S0278,食堂窗口,临时抱佛脚,天天吃,电竞社,月初土豪，月底吃土,图书馆那张常坐的座位,提前十分钟到，坐前排,看台或树下，看别人动,给家里打个电话,运动记录、跑步路线、装备
S0279,图书馆自习室,死磕课本,从不,摄影社,家里定时打钱,宿舍的那群人,卡着铃声冲进去，坐最后一排,器械区随便练练，练完就走,给家里打个电话,课件、板书、PPT 截图
S0280,宿舍床上,死磕课本,天天吃,辩论队,家里定时打钱,什么也没带走，但也没白来,早上根本没课，我的课都在下午,跑道上，一个人戴着耳机跑,开黑到凌晨，把气打出去,运动记录、跑步路线、装备
S0281,网吧,临时抱佛脚,天天吃,电竞社,月初土豪，月底吃土,食堂的那个窗口,早上根本没课，我的课都在下午,看台或树下，看别人动,拉朋友出去吃一顿,吃的：外卖、食堂、探店
S0282,图书馆自习室,提前两周就复习完了,从不,辩论队,兼职自力更生,宿舍的那群人,卡着铃声冲进去，坐最后一排,跑道上，一个人戴着耳机跑,去操场跑到没力气,吃的：外卖、食堂、探店
S0283,宿舍床上,组团开黑边复习,偶尔,乐队,月初土豪，月底吃土,食堂的那个窗口,早上根本没课，我的课都在下午,器械区随便练练，练完就走,开黑到凌晨，把气打出去,和朋友：合影、表情包、抓拍
S0284,图书馆自习室,死磕课本,偶尔,摄影社,靠奖学金过日子,图书馆那张常坐的座位,卡着铃声冲进去，坐最后一排,羽毛球乒乓球，约人打,去操场跑到没力气,吃的：外卖、食堂、探店
S0285,宿舍床上,死磕课本,天天吃,乐队,兼职自力更生,宿舍的那群人,让室友帮忙占座，自己慢慢来,跑道上，一个人戴着耳机跑,拉朋友出去吃一顿,和朋友：合影、表情包、抓拍
S0286,图书馆自习室,刷往年题,从不,辩论队,靠奖学金过日子,图书馆那张常坐的座位,让室友帮忙占座，自己慢慢来,球场，组队打一场,睡一觉，第二天照常,课件、板书、PPT 截图
S0287,操场跑道,临时抱佛脚,一周三五次,乐队,家里定时打钱,食堂的那个窗口,早上根本没课，我的课都在下午,看台或树下，看别人动,睡一觉，第二天照常,和朋友：合影、表情包、抓拍
S0288,图书馆自习室,死磕课本,一周三五次,电竞社,月初土豪，月底吃土,宿舍的那群人,早上根本没课，我的课都在下午,器械区随便练练，练完就走,拉朋友出去吃一顿,运动记录、跑步路线、装备
S0289,宿舍床上,组团开黑边复习,天天吃,志愿者协会,兼职自力更生,食堂的那个窗口,卡着铃声冲进去，坐最后一排,跑道上，一个人戴着耳机跑,拉朋友出去吃一顿,和朋友：合影、表情包、抓拍
S0290,宿舍床上,提前两周就复习完了,一周三五次,辩论队,月初土豪，月底吃土,食堂的那个窗口,提前十分钟到，坐前排,羽毛球乒乓球，约人打,拉朋友出去吃一顿,和朋友：合影、表情包、抓拍
S0291,操场跑道,刷往年题,一周三五次,摄影社,家里定时打钱,食堂的那个窗口,让室友帮忙占座，自己慢慢来,羽毛球乒乓球，约人打,去操场跑到没力气,运动记录、跑步路线、装备
S0292,食堂窗口,死磕课本,一周三五次,辩论队,靠奖学金过日子,图书馆那张常坐的座位,提前十分钟到，坐前排,球场，组队打一场,拉朋友出去吃一顿,吃的：外卖、食堂、探店
S0293,图书馆自习室,刷往年题,偶尔,志愿者协会,兼职自力更生,宿舍的那群人,让室友帮忙占座，自己慢慢来,看台或树下，看别人动,拉朋友出去吃一顿,和朋友：合影、表情包、抓拍
S0294,宿舍床上,临时抱佛脚,天天吃,乐队,兼职自力更生,图书馆那张常坐的座位,选了，但没去过几次,器械区随便练练，练完就走,睡一觉，第二天照常,和朋友：合影、表情包、抓拍
S0295,图书馆自习室,死磕课本,从不,志愿者协会,靠奖学金过日子,图书馆那张常坐的座位,让室友帮忙占座，自己慢慢来,器械区随便练练，练完就走,睡一觉，第二天照常,风景和现场：演出、展览、天空
S0296,食堂窗口,临时抱佛脚,偶尔,乐队,月初土豪，月底吃土,什么也没带走，但也没白来,选了，但没去过几次,羽毛球乒乓球，约人打,开黑到凌晨，把气打出去,和朋友：合影、表情包、抓拍
S0297,网吧,组团开黑边复习,一周三五次,辩论队,兼职自力更生,操场的那圈跑道,卡着铃声冲进去，坐最后一排,羽毛球乒乓球，约人打,去操场跑到没力气,风景和现场：演出、展览、天空
S0298,食堂窗口,刷往年题,偶尔,摄影社,兼职自力更生,操场的那圈跑道,提前十分钟到，坐前排,跑道上，一个人戴着耳机跑,睡一觉，第二天照常,运动记录、跑步路线、装备
S0299,操场跑道,死磕课本,一周三五次,志愿者协会,家里定时打钱,宿舍的那群人,让室友帮忙占座，自己慢慢来,球场，组队打一场,开黑到凌晨，把气打出去,吃的：外卖、食堂、探店
S0300,宿舍床上,临时抱佛脚,一周三五次,摄影社,月初土豪，月底吃土,操场的那圈跑道,卡着铃声冲进去，坐最后一排,看台或树下，看别人动,拉朋友出去吃一顿,和朋友：合影、表情包、抓拍
S0301,宿舍床上,临时抱佛脚,天天吃,电竞社,月初土豪，月底吃土,什么也没带走，但也没白来,早上根本没课，我的课都在下午,球场，组队打一场,开黑到凌晨，把气打出去,运动记录、跑步路线、装备
S0302,食堂窗口,刷往年题,偶尔,乐队,月初土豪，月底吃土,食堂的那个窗口,卡着铃声冲进去，坐最后一排,球场，组队打一场,睡一觉，第二天照常,和朋友：合影、表情包、抓拍
S0303,宿舍床上,提前两周就复习完了,一周三五次,辩论队,靠奖学金过日子,图书馆那张常坐的座位,选了，但没去过几次,跑道上，一个人戴着耳机跑,睡一觉，第二天照常,和朋友：合影、表情包、抓拍
S0304,图书馆自习室,提前两周就复习完了,从不,摄影社,兼职自力更生,图书馆那张常坐的座位,选了，但没去过几次,看台或树下，看别人动,睡一觉，第二天照常,课件、板书、PPT 截图
S0305,宿舍床上,组团开黑边复习,偶尔,志愿者协会,月初土豪，月底吃土,宿舍的那群人,让室友帮忙占座，自己慢慢来,球场，组队打一场,开黑到凌晨，把气打出去,吃的：外卖、食堂、探店
S0306,宿舍床上,死磕课本,一周三五次,志愿者协会,靠奖学金过日子,操场的那圈跑道,让室友帮忙占座，自己慢慢来,球场，组队打一场,去操场跑到没力气,运动记录、跑步路线、装备
S0307,网吧,刷往年题,一周三五次,电竞社,家里定时打钱,宿舍的那群人,早上根本没课，我的课都在下午,跑道上，一个人戴着耳机跑,拉朋友出去吃一顿,风景和现场：演出、展览、天空
S0308,图书馆自习室,提前两周就复习完了,从不,乐队,靠奖学金过日子,图书馆那张常坐的座位,提前十分钟到，坐前排,球场，组队打一场,睡一觉，第二天照常,课件、板书、PPT 截图
S0309,操场跑道,组团开黑边复习,一周三五次,摄影社,家里定时打钱,操场的那圈跑道,提前十分钟到，坐前排,跑道上，一个人戴着耳机跑,去操场跑到没力气,运动记录、跑步路线、装备
S0310,食堂窗口,死磕课本,偶尔,辩论队,兼职自力更生,图书馆那张常坐的座位,提前十分钟到，坐前排,球场，组队打一场,睡一觉，第二天照常,课件、板书、PPT 截图
S0311,操场跑道,组团开黑边复习,天天吃,电竞社,家里定时打钱,宿舍的那群人,选了，但没去过几次,看台或树下，看别人动,给家里打个电话,和朋友：合影、表情包、抓拍
S0312,网吧,提前两周就复习完了,偶尔,摄影社,家里定时打钱,宿舍的那群人,卡着铃声冲进去，坐最后一排,羽毛球乒乓球，约人打,给家里打个电话,运动记录、跑步路线、装备
S0313,食堂窗口,死磕课本,一周三五次,辩论队,兼职自力更生,宿舍的那群人,早上根本没课，我的课都在下午,球场，组队打一场,睡一觉，第二天照常,和朋友：合影、表情包、抓拍
S0314,图书馆自习室,临时抱佛脚,天天吃,志愿者协会,月初土豪，月底吃土,食堂的那个窗口,卡着铃声冲进去，坐最后一排,看台或树下，看别人动,拉朋友出去吃一顿,和朋友：合影、表情包、抓拍
S0315,食堂窗口,组团开黑边复习,天天吃,辩论队,兼职自力更生,什么也没带走，但也没白来,选了，但没去过几次,球场，组队打一场,睡一觉，第二天照常,和朋友：合影、表情包、抓拍
S0316,图书馆自习室,刷往年题,天天吃,电竞社,家里定时打钱,食堂的那个窗口,卡着铃声冲进去，坐最后一排,看台或树下，看别人动,给家里打个电话,风景和现场：演出、展览、天空
S0317,宿舍床上,提前两周就复习完了,从不,辩论队,月初土豪，月底吃土,操场的那圈跑道,早上根本没课，我的课都在下午,看台或树下，看别人动,睡一觉，第二天照常,吃的：外卖、食堂、探店
S0318,食堂窗口,刷往年题,一周三五次,乐队,月初土豪，月底吃土,图书馆那张常坐的座位,让室友帮忙占座，自己慢慢来,看台或树下，看别人动,拉朋友出去吃一顿,风景和现场：演出、展览、天空
S0319,食堂窗口,临时抱佛脚,从不,辩论队,家里定时打钱,什么也没带走，但也没白来,让室友帮忙占座，自己慢慢来,跑道上，一个人戴着耳机跑,睡一觉，第二天照常,和朋友：合影、表情包、抓拍
S0320,图书馆自习室,提前两周就复习完了,从不,辩论队,兼职自力更生,图书馆那张常坐的座位,提前十分钟到，坐前排,羽毛球乒乓球，约人打,睡一觉，第二天照常,和朋友：合影、表情包、抓拍
S0321,网吧,死磕课本,天天吃,乐队,月初土豪，月底吃土,图书馆那张常坐的座位,让室友帮忙占座，自己慢慢来,羽毛球乒乓球，约人打,开黑到凌晨，把气打出去,课件、板书、PPT 截图
S0322,宿舍床上,临时抱佛脚,天天吃,志愿者协会,月初土豪，月底吃土,宿舍的那群人,选了，但没去过几次,羽毛球乒乓球，约人打,开黑到凌晨，把气打出去,吃的：外卖、食堂、探店
S0323,网吧,临时抱佛脚,一周三五次,摄影社,家里定时打钱,食堂的那个窗口,卡着铃声冲进去，坐最后一排,器械区随便练练，练完就走,拉朋友出去吃一顿,和朋友：合影、表情包、抓拍
S0324,食堂窗口,临时抱佛脚,天天吃,乐队,兼职自力更生,图书馆那张常坐的座位,卡着铃声冲进去，坐最后一排,看台或树下，看别人动,拉朋友出去吃一顿,风景和现场：演出、展览、天空
S0325,食堂窗口,临时抱佛脚,天天吃,志愿者协会,月初土豪，月底吃土,操场的那圈跑道,让室友帮忙占座，自己慢慢来,球场，组队打一场,开黑到凌晨，把气打出去,吃的：外卖、食堂、探店
S0326,宿舍床上,临时抱佛脚,天天吃,辩论队,家里定时打钱,食堂的那个窗口,早上根本没课，我的课都在下午,球场，组队打一场,拉朋友出去吃一顿,吃的：外卖、食堂、探店
S0327,图书馆自习室,死磕课本,偶尔,辩论队,月初土豪，月底吃土,食堂的那个窗口,早上根本没课，我的课都在下午,球场，组队打一场,去操场跑到没力气,吃的：外卖、食堂、探店
S0328,网吧,死磕课本,天天吃,志愿者协会,月初土豪，月底吃土,什么也没带走，但也没白来,卡着铃声冲进去，坐最后一排,跑道上，一个人戴着耳机跑,睡一觉，第二天照常,风景和现场：演出、展览、天空
S0329,宿舍床上,临时抱佛脚,天天吃,电竞社,月初土豪，月底吃土,食堂的那个窗口,早上根本没课，我的课都在下午,球场，组队打一场,给家里打个电话,风景和现场：演出、展览、天空
S0330,图书馆自习室,刷往年题,天天吃,乐队,兼职自力更生,什么也没带走，但也没白来,早上根本没课，我的课都在下午,羽毛球乒乓球，约人打,拉朋友出去吃一顿,课件、板书、PPT 截图
S0331,食堂窗口,提前两周就复习完了,天天吃,乐队,家里定时打钱,什么也没带走，但也没白来,卡着铃声冲进去，坐最后一排,羽毛球乒乓球，约人打,开黑到凌晨，把气打出去,吃的：外卖、食堂、探店
S0332,食堂窗口,刷往年题,天天吃,摄影社,月初土豪，月底吃土,宿舍的那群人,早上根本没课，我的课都在下午,球场，组队打一场,睡一觉，第二天照常,风景和现场：演出、展览、天空
S0333,网吧,临时抱佛脚,天天吃,乐队,家里定时打钱,食堂的那个窗口,提前十分钟到，坐前排,羽毛球乒乓球，约人打,去操场跑到没力气,课件、板书、PPT 截图
S0334,图书馆自习室,死磕课本,从不,辩论队,靠奖学金过日子,图书馆那张常坐的座位,早上根本没课，我的课都在下午,球场，组队打一场,开黑到凌晨，把气打出去,课件、板书、PPT 截图
S0335,网吧,临时抱佛脚,天天吃,电竞社,月初土豪，月底吃土,宿舍的那群人,让室友帮忙占座，自己慢慢来,器械区随便练练，练完就走,开黑到凌晨，把气打出去,和朋友：合影、表情包、抓拍
S0336,宿舍床上,组团开黑边复习,一周三五次,志愿者协会,月初土豪，月底吃土,图书馆那张常坐的座位,提前十分钟到，坐前排,器械区随便练练，练完就走,拉朋友出去吃一顿,吃的：外卖、食堂、探店
S0337,宿舍床上,提前两周就复习完了,从不,志愿者协会,靠奖学金过日子,什么也没带走，但也没白来,提前十分钟到，坐前排,球场，组队打一场,给家里打个电话,风景和现场：演出、展览、天空
S0338,食堂窗口,提前两周就复习完了,一周三五次,辩论队,兼职自力更生,宿舍的那群人,早上根本没课，我的课都在下午,球场，组队打一场,给家里打个电话,和朋友：合影、表情包、抓拍
S0339,宿舍床上,死磕课本,从不,乐队,靠奖学金过日子,宿舍的那群人,让室友帮忙占座，自己慢慢来,器械区随便练练，练完就走,睡一觉，第二天照常,运动记录、跑步路线、装备
S0340,图书馆自习室,刷往年题,从不,辩论队,兼职自力更生,宿舍的那群人,提前十分钟到，坐前排,羽毛球乒乓球，约人打,睡一觉，第二天照常,风景和现场：演出、展览、天空
S0341,宿舍床上,组团开黑边复习,天天吃,乐队,月初土豪，月底吃土,宿舍的那群人,早上根本没课，我的课都在下午,球场，组队打一场,开黑到凌晨，把气打出去,和朋友：合影、表情包、抓拍
S0342,操场跑道,组团开黑边复习,天天吃,辩论队,家里定时打钱,宿舍的那群人,让室友帮忙占座，自己慢慢来,羽毛球乒乓球，约人打,开黑到凌晨，把气打出去,风景和现场：演出、展览、天空
S0343,宿舍床上,刷往年题,天天吃,辩论队,家里定时打钱,操场的那圈跑道,选了，但没去过几次,球场，组队打一场,给家里打个电话,吃的：外卖、食堂、探店
S0344,操场跑道,死磕课本,天天吃,乐队,兼职自力更生,图书馆那张常坐的座位,让室友帮忙占座，自己慢慢来,羽毛球乒乓球，约人打,拉朋友出去吃一顿,和朋友：合影、表情包、抓拍
S0345,图书馆自习室,提前两周就复习完了,从不,电竞社,靠奖学金过日子,图书馆那张常坐的座位,提前十分钟到，坐前排,羽毛球乒乓球，约人打,睡一觉，第二天照常,课件、板书、PPT 截图
S0346,图书馆自习室,死磕课本,从不,辩论队,靠奖学金过日子,图书馆那张常坐的座位,提前十分钟到，坐前排,羽毛球乒乓球，约人打,睡一觉，第二天照常,课件、板书、PPT 截图
S0347,图书馆自习室,死磕课本,从不,辩论队,月初土豪，月底吃土,图书馆那张常坐的座位,卡着铃声冲进去，坐最后一排,器械区随便练练，练完就走,去操场跑到没力气,和朋友：合影、表情包、抓拍
S0348,宿舍床上,临时抱佛脚,天天吃,辩论队,兼职自力更生,什么也没带走，但也没白来,让室友帮忙占座，自己慢慢来,羽毛球乒乓球，约人打,给家里打个电话,吃的：外卖、食堂、探店
S0349,图书馆自习室,提前两周就复习完了,从不,志愿者协会,家里定时打钱,图书馆那张常坐的座位,提前十分钟到，坐前排,跑道上，一个人戴着耳机跑,睡一觉，第二天照常,课件、板书、PPT 截图
S0350,网吧,刷往年题,天天吃,摄影社,月初土豪，月底吃土,图书馆那张常坐的座位,卡着铃声冲进去，坐最后一排,看台或树下，看别人动,睡一觉，第二天照常,和朋友：合影、表情包、抓拍
S0351,网吧,组团开黑边复习,偶尔,电竞社,月初土豪，月底吃土,宿舍的那群人,卡着铃声冲进去，坐最后一排,跑道上，一个人戴着耳机跑,睡一觉，第二天照常,吃的：外卖、食堂、探店
S0352,操场跑道,提前两周就复习完了,天天吃,乐队,兼职自力更生,宿舍的那群人,早上根本没课，我的课都在下午,看台或树下，看别人动,给家里打个电话,和朋友：合影、表情包、抓拍
S0353,图书馆自习室,提前两周就复习完了,偶尔,辩论队,家里定时打钱,宿舍的那群人,提前十分钟到，坐前排,器械区随便练练，练完就走,给家里打个电话,风景和现场：演出、展览、天空
S0354,图书馆自习室,死磕课本,偶尔,电竞社,兼职自力更生,宿舍的那群人,提前十分钟到，坐前排,跑道上，一个人戴着耳机跑,给家里打个电话,吃的：外卖、食堂、探店
S0355,图书馆自习室,死磕课本,偶尔,摄影社,兼职自力更生,图书馆那张常坐的座位,提前十分钟到，坐前排,羽毛球乒乓球，约人打,去操场跑到没力气,吃的：外卖、食堂、探店
S0356,食堂窗口,刷往年题,天天吃,摄影社,靠奖学金过日子,操场的那圈跑道,选了，但没去过几次,球场，组队打一场,开黑到凌晨，把气打出去,课件、板书、PPT 截图
S0357,图书馆自习室,提前两周就复习完了,偶尔,摄影社,靠奖学金过日子,图书馆那张常坐的座位,早上根本没课，我的课都在下午,器械区随便练练，练完就走,去操场跑到没力气,课件、板书、PPT 截图
S0358,宿舍床上,组团开黑边复习,天天吃,乐队,月初土豪，月底吃土,什么也没带走，但也没白来,早上根本没课，我的课都在下午,看台或树下，看别人动,开黑到凌晨，把气打出去,吃的：外卖、食堂、探店
S0359,食堂窗口,临时抱佛脚,天天吃,志愿者协会,月初土豪，月底吃土,图书馆那张常坐的座位,卡着铃声冲进去，坐最后一排,看台或树下，看别人动,拉朋友出去吃一顿,和朋友：合影、表情包、抓拍
S0360,网吧,临时抱佛脚,一周三五次,乐队,家里定时打钱,图书馆那张常坐的座位,卡着铃声冲进去，坐最后一排,羽毛球乒乓球，约人打,开黑到凌晨，把气打出去,吃的：外卖、食堂、探店
S0361,网吧,临时抱佛脚,天天吃,乐队,家里定时打钱,宿舍的那群人,提前十分钟到，坐前排,跑道上，一个人戴着耳机跑,去操场跑到没力气,和朋友：合影、表情包、抓拍
S0362,食堂窗口,刷往年题,偶尔,乐队,兼职自力更生,操场的那圈跑道,卡着铃声冲进去，坐最后一排,跑道上，一个人戴着耳机跑,开黑到凌晨，把气打出去,运动记录、跑步路线、装备
S0363,宿舍床上,提前两周就复习完了,天天吃,乐队,月初土豪，月底吃土,图书馆那张常坐的座位,早上根本没课，我的课都在下午,球场，组队打一场,去操场跑到没力气,运动记录、跑步路线、装备
S0364,食堂窗口,临时抱佛脚,天天吃,辩论队,兼职自力更生,宿舍的那群人,选了，但没去过几次,看台或树下，看别人动,去操场跑到没力气,运动记录、跑步路线、装备
S0365,网吧,刷往年题,一周三五次,电竞社,兼职自力更生,宿舍的那群人,早上根本没课，我的课都在下午,球场，组队打一场,去操场跑到没力气,风景和现场：演出、展览、天空
S0366,网吧,刷往年题,一周三五次,乐队,兼职自力更生,食堂的那个窗口,让室友帮忙占座，自己慢慢来,跑道上，一个人戴着耳机跑,睡一觉，第二天照常,运动记录、跑步路线、装备
S0367,网吧,刷往年题,天天吃,电竞社,月初土豪，月底吃土,什么也没带走，但也没白来,早上根本没课，我的课都在下午,跑道上，一个人戴着耳机跑,给家里打个电话,吃的：外卖、食堂、探店
S0368,食堂窗口,死磕课本,天天吃,志愿者协会,家里定时打钱,宿舍的那群人,让室友帮忙占座，自己慢慢来,看台或树下，看别人动,开黑到凌晨，把气打出去,风景和现场：演出、展览、天空
S0369,食堂窗口,临时抱佛脚,天天吃,摄影社,月初土豪，月底吃土,食堂的那个窗口,选了，但没去过几次,看台或树下，看别人动,给家里打个电话,和朋友：合影、表情包、抓拍
S0370,网吧,组团开黑边复习,天天吃,志愿者协会,靠奖学金过日子,食堂的那个窗口,早上根本没课，我的课都在下午,跑道上，一个人戴着耳机跑,拉朋友出去吃一顿,吃的：外卖、食堂、探店
S0371,食堂窗口,组团开黑边复习,天天吃,志愿者协会,月初土豪，月底吃土,什么也没带走，但也没白来,卡着铃声冲进去，坐最后一排,跑道上，一个人戴着耳机跑,给家里打个电话,吃的：外卖、食堂、探店
S0372,食堂窗口,提前两周就复习完了,天天吃,志愿者协会,月初土豪，月底吃土,什么也没带走，但也没白来,早上根本没课，我的课都在下午,看台或树下，看别人动,开黑到凌晨，把气打出去,风景和现场：演出、展览、天空
S0373,图书馆自习室,提前两周就复习完了,从不,志愿者协会,靠奖学金过日子,图书馆那张常坐的座位,提前十分钟到，坐前排,羽毛球乒乓球，约人打,给家里打个电话,运动记录、跑步路线、装备
S0374,宿舍床上,临时抱佛脚,天天吃,摄影社,靠奖学金过日子,食堂的那个窗口,早上根本没课，我的课都在下午,看台或树下，看别人动,开黑到凌晨，把气打出去,运动记录、跑步路线、装备
S0375,宿舍床上,刷往年题,从不,摄影社,家里定时打钱,宿舍的那群人,提前十分钟到，坐前排,羽毛球乒乓球，约人打,开黑到凌晨，把气打出去,和朋友：合影、表情包、抓拍
S0376,食堂窗口,组团开黑边复习,从不,志愿者协会,兼职自力更生,宿舍的那群人,让室友帮忙占座，自己慢慢来,球场，组队打一场,给家里打个电话,吃的：外卖、食堂、探店
S0377,食堂窗口,死磕课本,一周三五次,志愿者协会,家里定时打钱,食堂的那个窗口,卡着铃声冲进去，坐最后一排,看台或树下，看别人动,拉朋友出去吃一顿,风景和现场：演出、展览、天空
S0378,食堂窗口,组团开黑边复习,偶尔,辩论队,兼职自力更生,宿舍的那群人,提前十分钟到，坐前排,器械区随便练练，练完就走,拉朋友出去吃一顿,风景和现场：演出、展览、天空
S0379,食堂窗口,组团开黑边复习,从不,电竞社,家里定时打钱,操场的那圈跑道,让室友帮忙占座，自己慢慢来,看台或树下，看别人动,去操场跑到没力气,吃的：外卖、食堂、探店
S0380,食堂窗口,组团开黑边复习,天天吃,电竞社,月初土豪，月底吃土,什么也没带走，但也没白来,让室友帮忙占座，自己慢慢来,羽毛球乒乓球，约人打,开黑到凌晨，把气打出去,风景和现场：演出、展览、天空
S0381,宿舍床上,组团开黑边复习,一周三五次,辩论队,月初土豪，月底吃土,图书馆那张常坐的座位,选了，但没去过几次,看台或树下，看别人动,去操场跑到没力气,吃的：外卖、食堂、探店
S0382,网吧,组团开黑边复习,偶尔,电竞社,家里定时打钱,图书馆那张常坐的座位,让室友帮忙占座，自己慢慢来,器械区随便练练，练完就走,给家里打个电话,和朋友：合影、表情包、抓拍
S0383,食堂窗口,临时抱佛脚,偶尔,辩论队,月初土豪，月底吃土,宿舍的那群人,早上根本没课，我的课都在下午,看台或树下，看别人动,给家里打个电话,运动记录、跑步路线、装备
S0384,操场跑道,死磕课本,从不,志愿者协会,兼职自力更生,操场的那圈跑道,提前十分钟到，坐前排,羽毛球乒乓球，约人打,去操场跑到没力气,吃的：外卖、食堂、探店
S0385,操场跑道,提前两周就复习完了,偶尔,辩论队,月初土豪，月底吃土,操场的那圈跑道,早上根本没课，我的课都在下午,球场，组队打一场,去操场跑到没力气,风景和现场：演出、展览、天空
S0386,食堂窗口,刷往年题,天天吃,辩论队,月初土豪，月底吃土,食堂的那个窗口,让室友帮忙占座，自己慢慢来,看台或树下，看别人动,开黑到凌晨，把气打出去,吃的：外卖、食堂、探店
S0387,食堂窗口,组团开黑边复习,偶尔,志愿者协会,靠奖学金过日子,操场的那圈跑道,选了，但没去过几次,羽毛球乒乓球，约人打,给家里打个电话,吃的：外卖、食堂、探店
S0388,操场跑道,临时抱佛脚,从不,辩论队,月初土豪，月底吃土,食堂的那个窗口,早上根本没课，我的课都在下午,球场，组队打一场,开黑到凌晨，把气打出去,风景和现场：演出、展览、天空
S0389,宿舍床上,临时抱佛脚,天天吃,电竞社,家里定时打钱,宿舍的那群人,卡着铃声冲进去，坐最后一排,看台或树下，看别人动,拉朋友出去吃一顿,风景和现场：演出、展览、天空
S0390,食堂窗口,组团开黑边复习,一周三五次,乐队,靠奖学金过日子,食堂的那个窗口,卡着铃声冲进去，坐最后一排,器械区随便练练，练完就走,开黑到凌晨，把气打出去,和朋友：合影、表情包、抓拍
S0391,操场跑道,刷往年题,一周三五次,乐队,家里定时打钱,图书馆那张常坐的座位,让室友帮忙占座，自己慢慢来,看台或树下，看别人动,去操场跑到没力气,运动记录、跑步路线、装备
S0392,图书馆自习室,临时抱佛脚,从不,辩论队,靠奖学金过日子,操场的那圈跑道,选了，但没去过几次,跑道上，一个人戴着耳机跑,开黑到凌晨，把气打出去,课件、板书、PPT 截图
S0393,网吧,提前两周就复习完了,偶尔,摄影社,家里定时打钱,操场的那圈跑道,选了，但没去过几次,跑道上，一个人戴着耳机跑,拉朋友出去吃一顿,吃的：外卖、食堂、探店
S0394,图书馆自习室,死磕课本,从不,辩论队,家里定时打钱,图书馆那张常坐的座位,让室友帮忙占座，自己慢慢来,跑道上，一个人戴着耳机跑,给家里打个电话,运动记录、跑步路线、装备
S0395,宿舍床上,临时抱佛脚,从不,辩论队,月初土豪，月底吃土,什么也没带走，但也没白来,提前十分钟到，坐前排,羽毛球乒乓球，约人打,给家里打个电话,和朋友：合影、表情包、抓拍
S0396,操场跑道,死磕课本,一周三五次,乐队,家里定时打钱,宿舍的那群人,选了，但没去过几次,球场，组队打一场,拉朋友出去吃一顿,和朋友：合影、表情包、抓拍
S0397,图书馆自习室,提前两周就复习完了,从不,辩论队,靠奖学金过日子,食堂的那个窗口,提前十分钟到，坐前排,看台或树下，看别人动,睡一觉，第二天照常,风景和现场：演出、展览、天空
S0398,网吧,组团开黑边复习,天天吃,志愿者协会,家里定时打钱,宿舍的那群人,让室友帮忙占座，自己慢慢来,羽毛球乒乓球，约人打,开黑到凌晨，把气打出去,和朋友：合影、表情包、抓拍
S0399,宿舍床上,刷往年题,偶尔,摄影社,家里定时打钱,操场的那圈跑道,早上根本没课，我的课都在下午,跑道上，一个人戴着耳机跑,给家里打个电话,课件、板书、PPT 截图
S0400,图书馆自习室,临时抱佛脚,天天吃,乐队,家里定时打钱,食堂的那个窗口,卡着铃声冲进去，坐最后一排,看台或树下，看别人动,给家里打个电话,和朋友：合影、表情包、抓拍
S0401,食堂窗口,组团开黑边复习,天天吃,志愿者协会,月初土豪，月底吃土,操场的那圈跑道,选了，但没去过几次,跑道上，一个人戴着耳机跑,拉朋友出去吃一顿,吃的：外卖、食堂、探店
S0402,食堂窗口,死磕课本,从不,志愿者协会,靠奖学金过日子,操场的那圈跑道,提前十分钟到，坐前排,器械区随便练练，练完就走,睡一觉，第二天照常,运动记录、跑步路线、装备
S0403,图书馆自习室,刷往年题,从不,辩论队,靠奖学金过日子,什么也没带走，但也没白来,提前十分钟到，坐前排,跑道上，一个人戴着耳机跑,睡一觉，第二天照常,吃的：外卖、食堂、探店
S0404,操场跑道,临时抱佛脚,偶尔,辩论队,兼职自力更生,宿舍的那群人,早上根本没课，我的课都在下午,球场，组队打一场,开黑到凌晨，把气打出去,和朋友：合影、表情包、抓拍
S0405,宿舍床上,组团开黑边复习,天天吃,乐队,月初土豪，月底吃土,食堂的那个窗口,卡着铃声冲进去，坐最后一排,球场，组队打一场,开黑到凌晨，把气打出去,吃的：外卖、食堂、探店
S0406,食堂窗口,临时抱佛脚,一周三五次,辩论队,兼职自力更生,宿舍的那群人,选了，但没去过几次,跑道上，一个人戴着耳机跑,去操场跑到没力气,和朋友：合影、表情包、抓拍
S0407,图书馆自习室,死磕课本,一周三五次,辩论队,家里定时打钱,什么也没带走，但也没白来,提前十分钟到，坐前排,羽毛球乒乓球，约人打,给家里打个电话,课件、板书、PPT 截图
S0408,图书馆自习室,死磕课本,偶尔,辩论队,靠奖学金过日子,图书馆那张常坐的座位,卡着铃声冲进去，坐最后一排,羽毛球乒乓球，约人打,给家里打个电话,和朋友：合影、表情包、抓拍
S0409,食堂窗口,组团开黑边复习,一周三五次,摄影社,靠奖学金过日子,食堂的那个窗口,让室友帮忙占座，自己慢慢来,看台或树下，看别人动,拉朋友出去吃一顿,运动记录、跑步路线、装备
S0410,网吧,临时抱佛脚,偶尔,辩论队,月初土豪，月底吃土,食堂的那个窗口,早上根本没课，我的课都在下午,器械区随便练练，练完就走,开黑到凌晨，把气打出去,和朋友：合影、表情包、抓拍
S0411,食堂窗口,临时抱佛脚,天天吃,乐队,月初土豪，月底吃土,什么也没带走，但也没白来,早上根本没课，我的课都在下午,看台或树下，看别人动,开黑到凌晨，把气打出去,运动记录、跑步路线、装备
S0412,操场跑道,提前两周就复习完了,一周三五次,志愿者协会,靠奖学金过日子,图书馆那张常坐的座位,让室友帮忙占座，自己慢慢来,跑道上，一个人戴着耳机跑,去操场跑到没力气,运动记录、跑步路线、装备
S0413,操场跑道,临时抱佛脚,一周三五次,辩论队,兼职自力更生,操场的那圈跑道,提前十分钟到，坐前排,跑道上，一个人戴着耳机跑,拉朋友出去吃一顿,和朋友：合影、表情包、抓拍
S0414,操场跑道,刷往年题,一周三五次,辩论队,兼职自力更生,操场的那圈跑道,选了，但没去过几次,跑道上，一个人戴着耳机跑,去操场跑到没力气,运动记录、跑步路线、装备
S0415,食堂窗口,临时抱佛脚,一周三五次,辩论队,月初土豪，月底吃土,食堂的那个窗口,让室友帮忙占座，自己慢慢来,羽毛球乒乓球，约人打,拉朋友出去吃一顿,吃的：外卖、食堂、探店
S0416,食堂窗口,组团开黑边复习,偶尔,乐队,靠奖学金过日子,宿舍的那群人,早上根本没课，我的课都在下午,看台或树下，看别人动,开黑到凌晨，把气打出去,和朋友：合影、表情包、抓拍
S0417,宿舍床上,提前两周就复习完了,天天吃,辩论队,兼职自力更生,宿舍的那群人,卡着铃声冲进去，坐最后一排,看台或树下，看别人动,拉朋友出去吃一顿,风景和现场：演出、展览、天空
S0418,图书馆自习室,死磕课本,一周三五次,摄影社,家里定时打钱,什么也没带走，但也没白来,提前十分钟到，坐前排,器械区随便练练，练完就走,睡一觉，第二天照常,风景和现场：演出、展览、天空
S0419,食堂窗口,组团开黑边复习,一周三五次,辩论队,月初土豪，月底吃土,食堂的那个窗口,让室友帮忙占座，自己慢慢来,球场，组队打一场,给家里打个电话,吃的：外卖、食堂、探店
S0420,图书馆自习室,死磕课本,从不,志愿者协会,靠奖学金过日子,食堂的那个窗口,让室友帮忙占座，自己慢慢来,跑道上，一个人戴着耳机跑,睡一觉，第二天照常,课件、板书、PPT 截图
S0421,图书馆自习室,死磕课本,从不,志愿者协会,靠奖学金过日子,图书馆那张常坐的座位,卡着铃声冲进去，坐最后一排,跑道上，一个人戴着耳机跑,给家里打个电话,课件、板书、PPT 截图
S0422,食堂窗口,临时抱佛脚,从不,辩论队,月初土豪，月底吃土,操场的那圈跑道,提前十分钟到，坐前排,器械区随便练练，练完就走,去操场跑到没力气,运动记录、跑步路线、装备
S0423,网吧,临时抱佛脚,天天吃,乐队,家里定时打钱,宿舍的那群人,卡着铃声冲进去，坐最后一排,看台或树下，看别人动,拉朋友出去吃一顿,和朋友：合影、表情包、抓拍
S0424,宿舍床上,组团开黑边复习,天天吃,乐队,靠奖学金过日子,食堂的那个窗口,让室友帮忙占座，自己慢慢来,跑道上，一个人戴着耳机跑,拉朋友出去吃一顿,和朋友：合影、表情包、抓拍
S0425,操场跑道,刷往年题,偶尔,志愿者协会,靠奖学金过日子,操场的那圈跑道,提前十分钟到，坐前排,跑道上，一个人戴着耳机跑,去操场跑到没力气,运动记录、跑步路线、装备
S0426,网吧,死磕课本,从不,摄影社,家里定时打钱,食堂的那个窗口,早上根本没课，我的课都在下午,羽毛球乒乓球，约人打,开黑到凌晨，把气打出去,和朋友：合影、表情包、抓拍
S0427,网吧,组团开黑边复习,一周三五次,辩论队,家里定时打钱,宿舍的那群人,选了，但没去过几次,球场，组队打一场,给家里打个电话,吃的：外卖、食堂、探店
S0428,宿舍床上,临时抱佛脚,一周三五次,乐队,月初土豪，月底吃土,什么也没带走，但也没白来,选了，但没去过几次,跑道上，一个人戴着耳机跑,开黑到凌晨，把气打出去,和朋友：合影、表情包、抓拍
S0429,食堂窗口,提前两周就复习完了,一周三五次,电竞社,月初土豪，月底吃土,图书馆那张常坐的座位,提前十分钟到，坐前排,羽毛球乒乓球，约人打,给家里打个电话,和朋友：合影、表情包、抓拍
S0430,宿舍床上,组团开黑边复习,天天吃,志愿者协会,月初土豪，月底吃土,什么也没带走，但也没白来,让室友帮忙占座，自己慢慢来,跑道上，一个人戴着耳机跑,开黑到凌晨，把气打出去,和朋友：合影、表情包、抓拍
S0431,食堂窗口,组团开黑边复习,一周三五次,志愿者协会,月初土豪，月底吃土,食堂的那个窗口,卡着铃声冲进去，坐最后一排,球场，组队打一场,拉朋友出去吃一顿,和朋友：合影、表情包、抓拍
S0432,图书馆自习室,提前两周就复习完了,偶尔,志愿者协会,靠奖学金过日子,图书馆那张常坐的座位,提前十分钟到，坐前排,球场，组队打一场,开黑到凌晨，把气打出去,课件、板书、PPT 截图
S0433,食堂窗口,组团开黑边复习,天天吃,摄影社,家里定时打钱,什么也没带走，但也没白来,让室友帮忙占座，自己慢慢来,羽毛球乒乓球，约人打,睡一觉，第二天照常,吃的：外卖、食堂、探店
S0434,网吧,临时抱佛脚,天天吃,摄影社,月初土豪，月底吃土,宿舍的那群人,早上根本没课，我的课都在下午,球场，组队打一场,开黑到凌晨，把气打出去,吃的：外卖、食堂、探店
S0435,网吧,组团开黑边复习,天天吃,乐队,兼职自力更生,宿舍的那群人,让室友帮忙占座，自己慢慢来,球场，组队打一场,拉朋友出去吃一顿,吃的：外卖、食堂、探店
S0436,宿舍床上,提前两周就复习完了,偶尔,乐队,兼职自力更生,操场的那圈跑道,选了，但没去过几次,看台或树下，看别人动,拉朋友出去吃一顿,和朋友：合影、表情包、抓拍
S0437,图书馆自习室,死磕课本,天天吃,乐队,靠奖学金过日子,什么也没带走，但也没白来,卡着铃声冲进去，坐最后一排,器械区随便练练，练完就走,睡一觉，第二天照常,课件、板书、PPT 截图
S0438,图书馆自习室,刷往年题,偶尔,辩论队,靠奖学金过日子,宿舍的那群人,卡着铃声冲进去，坐最后一排,器械区随便练练，练完就走,给家里打个电话,吃的：外卖、食堂、探店
S0439,网吧,提前两周就复习完了,天天吃,乐队,兼职自力更生,操场的那圈跑道,选了，但没去过几次,看台或树下，看别人动,去操场跑到没力气,课件、板书、PPT 截图
S0440,图书馆自习室,死磕课本,天天吃,辩论队,靠奖学金过日子,图书馆那张常坐的座位,卡着铃声冲进去，坐最后一排,看台或树下，看别人动,拉朋友出去吃一顿,风景和现场：演出、展览、天空
S0441,宿舍床上,临时抱佛脚,偶尔,摄影社,靠奖学金过日子,图书馆那张常坐的座位,早上根本没课，我的课都在下午,球场，组队打一场,给家里打个电话,吃的：外卖、食堂、探店
S0442,宿舍床上,临时抱佛脚,天天吃,电竞社,兼职自力更生,宿舍的那群人,卡着铃声冲进去，坐最后一排,跑道上，一个人戴着耳机跑,睡一觉，第二天照常,和朋友：合影、表情包、抓拍
S0443,食堂窗口,刷往年题,一周三五次,志愿者协会,兼职自力更生,宿舍的那群人,早上根本没课，我的课都在下午,球场，组队打一场,开黑到凌晨，把气打出去,和朋友：合影、表情包、抓拍
S0444,宿舍床上,死磕课本,一周三五次,志愿者协会,兼职自力更生,图书馆那张常坐的座位,提前十分钟到，坐前排,球场，组队打一场,睡一觉，第二天照常,运动记录、跑步路线、装备
S0445,宿舍床上,提前两周就复习完了,天天吃,志愿者协会,兼职自力更生,宿舍的那群人,早上根本没课，我的课都在下午,跑道上，一个人戴着耳机跑,给家里打个电话,运动记录、跑步路线、装备
S0446,操场跑道,组团开黑边复习,一周三五次,志愿者协会,月初土豪，月底吃土,食堂的那个窗口,让室友帮忙占座，自己慢慢来,看台或树下，看别人动,给家里打个电话,吃的：外卖、食堂、探店
S0447,操场跑道,组团开黑边复习,天天吃,乐队,月初土豪，月底吃土,宿舍的那群人,让室友帮忙占座，自己慢慢来,羽毛球乒乓球，约人打,给家里打个电话,和朋友：合影、表情包、抓拍
S0448,操场跑道,死磕课本,从不,志愿者协会,家里定时打钱,操场的那圈跑道,让室友帮忙占座，自己慢慢来,跑道上，一个人戴着耳机跑,给家里打个电话,运动记录、跑步路线、装备
S0449,网吧,刷往年题,偶尔,电竞社,兼职自力更生,图书馆那张常坐的座位,提前十分钟到，坐前排,器械区随便练练，练完就走,给家里打个电话,风景和现场：演出、展览、天空
S0450,操场跑道,死磕课本,天天吃,辩论队,家里定时打钱,什么也没带走，但也没白来,让室友帮忙占座，自己慢慢来,跑道上，一个人戴着耳机跑,去操场跑到没力气,风景和现场：演出、展览、天空
S0451,操场跑道,死磕课本,从不,志愿者协会,兼职自力更生,操场的那圈跑道,卡着铃声冲进去，坐最后一排,球场，组队打一场,给家里打个电话,运动记录、跑步路线、装备
S0452,操场跑道,提前两周就复习完了,从不,乐队,兼职自力更生,操场的那圈跑道,提前十分钟到，坐前排,球场，组队打一场,给家里打个电话,运动记录、跑步路线、装备
S0453,图书馆自习室,死磕课本,一周三五次,志愿者协会,靠奖学金过日子,图书馆那张常坐的座位,让室友帮忙占座，自己慢慢来,看台或树下，看别人动,给家里打个电话,运动记录、跑步路线、装备
S0454,网吧,刷往年题,偶尔,辩论队,家里定时打钱,食堂的那个窗口,让室友帮忙占座，自己慢慢来,跑道上，一个人戴着耳机跑,睡一觉，第二天照常,课件、板书、PPT 截图
S0455,操场跑道,临时抱佛脚,从不,志愿者协会,家里定时打钱,食堂的那个窗口,选了，但没去过几次,球场，组队打一场,睡一觉，第二天照常,吃的：外卖、食堂、探店
S0456,宿舍床上,刷往年题,一周三五次,摄影社,靠奖学金过日子,操场的那圈跑道,选了，但没去过几次,羽毛球乒乓球，约人打,拉朋友出去吃一顿,和朋友：合影、表情包、抓拍
S0457,图书馆自习室,死磕课本,偶尔,志愿者协会,家里定时打钱,操场的那圈跑道,选了，但没去过几次,跑道上，一个人戴着耳机跑,去操场跑到没力气,课件、板书、PPT 截图
S0458,食堂窗口,刷往年题,一周三五次,电竞社,月初土豪，月底吃土,食堂的那个窗口,让室友帮忙占座，自己慢慢来,跑道上，一个人戴着耳机跑,拉朋友出去吃一顿,吃的：外卖、食堂、探店
S0459,操场跑道,提前两周就复习完了,一周三五次,乐队,兼职自力更生,图书馆那张常坐的座位,卡着铃声冲进去，坐最后一排,跑道上，一个人戴着耳机跑,去操场跑到没力气,吃的：外卖、食堂、探店
S0460,网吧,组团开黑边复习,天天吃,乐队,月初土豪，月底吃土,什么也没带走，但也没白来,早上根本没课，我的课都在下午,看台或树下，看别人动,拉朋友出去吃一顿,风景和现场：演出、展览、天空
S0461,图书馆自习室,刷往年题,偶尔,志愿者协会,靠奖学金过日子,图书馆那张常坐的座位,让室友帮忙占座，自己慢慢来,器械区随便练练，练完就走,开黑到凌晨，把气打出去,课件、板书、PPT 截图
S0462,图书馆自习室,刷往年题,一周三五次,乐队,兼职自力更生,宿舍的那群人,选了，但没去过几次,看台或树下，看别人动,拉朋友出去吃一顿,运动记录、跑步路线、装备
S0463,图书馆自习室,提前两周就复习完了,从不,辩论队,靠奖学金过日子,什么也没带走，但也没白来,让室友帮忙占座，自己慢慢来,跑道上，一个人戴着耳机跑,睡一觉，第二天照常,运动记录、跑步路线、装备
S0464,操场跑道,死磕课本,天天吃,辩论队,兼职自力更生,操场的那圈跑道,提前十分钟到，坐前排,球场，组队打一场,给家里打个电话,运动记录、跑步路线、装备
S0465,操场跑道,提前两周就复习完了,偶尔,志愿者协会,月初土豪，月底吃土,图书馆那张常坐的座位,选了，但没去过几次,羽毛球乒乓球，约人打,拉朋友出去吃一顿,和朋友：合影、表情包、抓拍
S0466,图书馆自习室,提前两周就复习完了,偶尔,辩论队,靠奖学金过日子,图书馆那张常坐的座位,提前十分钟到，坐前排,器械区随便练练，练完就走,拉朋友出去吃一顿,吃的：外卖、食堂、探店
S0467,食堂窗口,组团开黑边复习,一周三五次,乐队,兼职自力更生,宿舍的那群人,提前十分钟到，坐前排,羽毛球乒乓球，约人打,睡一觉，第二天照常,风景和现场：演出、展览、天空
S0468,食堂窗口,死磕课本,一周三五次,辩论队,月初土豪，月底吃土,宿舍的那群人,让室友帮忙占座，自己慢慢来,看台或树下，看别人动,拉朋友出去吃一顿,课件、板书、PPT 截图
S0469,操场跑道,提前两周就复习完了,从不,辩论队,兼职自力更生,操场的那圈跑道,提前十分钟到，坐前排,器械区随便练练，练完就走,去操场跑到没力气,课件、板书、PPT 截图
S0470,宿舍床上,临时抱佛脚,一周三五次,乐队,月初土豪，月底吃土,什么也没带走，但也没白来,选了，但没去过几次,球场，组队打一场,给家里打个电话,和朋友：合影、表情包、抓拍
S0471,图书馆自习室,提前两周就复习完了,一周三五次,摄影社,靠奖学金过日子,什么也没带走，但也没白来,提前十分钟到，坐前排,器械区随便练练，练完就走,睡一觉，第二天照常,课件、板书、PPT 截图
S0472,食堂窗口,刷往年题,天天吃,电竞社,月初土豪，月底吃土,宿舍的那群人,让室友帮忙占座，自己慢慢来,器械区随便练练，练完就走,拉朋友出去吃一顿,和朋友：合影、表情包、抓拍
S0473,操场跑道,临时抱佛脚,天天吃,电竞社,月初土豪，月底吃土,操场的那圈跑道,早上根本没课，我的课都在下午,器械区随便练练，练完就走,拉朋友出去吃一顿,运动记录、跑步路线、装备
S0474,操场跑道,临时抱佛脚,天天吃,辩论队,家里定时打钱,宿舍的那群人,让室友帮忙占座，自己慢慢来,器械区随便练练，练完就走,拉朋友出去吃一顿,吃的：外卖、食堂、探店
S0475,食堂窗口,组团开黑边复习,天天吃,辩论队,月初土豪，月底吃土,宿舍的那群人,让室友帮忙占座，自己慢慢来,跑道上，一个人戴着耳机跑,开黑到凌晨，把气打出去,运动记录、跑步路线、装备
S0476,食堂窗口,临时抱佛脚,天天吃,电竞社,兼职自力更生,操场的那圈跑道,卡着铃声冲进去，坐最后一排,球场，组队打一场,给家里打个电话,风景和现场：演出、展览、天空
S0477,宿舍床上,临时抱佛脚,一周三五次,电竞社,月初土豪，月底吃土,什么也没带走，但也没白来,选了，但没去过几次,器械区随便练练，练完就走,开黑到凌晨，把气打出去,运动记录、跑步路线、装备
S0478,网吧,临时抱佛脚,天天吃,电竞社,月初土豪，月底吃土,食堂的那个窗口,卡着铃声冲进去，坐最后一排,看台或树下，看别人动,开黑到凌晨，把气打出去,和朋友：合影、表情包、抓拍
S0479,图书馆自习室,提前两周就复习完了,从不,摄影社,月初土豪，月底吃土,图书馆那张常坐的座位,卡着铃声冲进去，坐最后一排,器械区随便练练，练完就走,去操场跑到没力气,课件、板书、PPT 截图
S0480,食堂窗口,组团开黑边复习,天天吃,志愿者协会,家里定时打钱,食堂的那个窗口,让室友帮忙占座，自己慢慢来,看台或树下，看别人动,拉朋友出去吃一顿,和朋友：合影、表情包、抓拍
S0481,食堂窗口,临时抱佛脚,一周三五次,志愿者协会,家里定时打钱,食堂的那个窗口,让室友帮忙占座，自己慢慢来,羽毛球乒乓球，约人打,开黑到凌晨，把气打出去,风景和现场：演出、展览、天空
S0482,图书馆自习室,刷往年题,一周三五次,乐队,家里定时打钱,宿舍的那群人,卡着铃声冲进去，坐最后一排,看台或树下，看别人动,开黑到凌晨，把气打出去,课件、板书、PPT 截图
S0483,网吧,临时抱佛脚,天天吃,志愿者协会,兼职自力更生,什么也没带走，但也没白来,卡着铃声冲进去，坐最后一排,球场，组队打一场,开黑到凌晨，把气打出去,吃的：外卖、食堂、探店
S0484,图书馆自习室,提前两周就复习完了,从不,摄影社,靠奖学金过日子,食堂的那个窗口,卡着铃声冲进去，坐最后一排,看台或树下，看别人动,去操场跑到没力气,吃的：外卖、食堂、探店
S0485,网吧,组团开黑边复习,天天吃,电竞社,月初土豪，月底吃土,什么也没带走，但也没白来,选了，但没去过几次,看台或树下，看别人动,开黑到凌晨，把气打出去,运动记录、跑步路线、装备
S0486,食堂窗口,临时抱佛脚,偶尔,摄影社,家里定时打钱,什么也没带走，但也没白来,选了，但没去过几次,羽毛球乒乓球，约人打,拉朋友出去吃一顿,吃的：外卖、食堂、探店
S0487,网吧,组团开黑边复习,天天吃,乐队,家里定时打钱,什么也没带走，但也没白来,提前十分钟到，坐前排,看台或树下，看别人动,给家里打个电话,吃的：外卖、食堂、探店
S0488,操场跑道,刷往年题,从不,辩论队,靠奖学金过日子,操场的那圈跑道,提前十分钟到，坐前排,器械区随便练练，练完就走,给家里打个电话,课件、板书、PPT 截图
S0489,网吧,组团开黑边复习,一周三五次,电竞社,月初土豪，月底吃土,食堂的那个窗口,选了，但没去过几次,看台或树下，看别人动,拉朋友出去吃一顿,运动记录、跑步路线、装备
S0490,宿舍床上,组团开黑边复习,一周三五次,乐队,月初土豪，月底吃土,什么也没带走，但也没白来,早上根本没课，我的课都在下午,器械区随便练练，练完就走,拉朋友出去吃一顿,运动记录、跑步路线、装备
S0491,宿舍床上,临时抱佛脚,天天吃,摄影社,家里定时打钱,操场的那圈跑道,提前十分钟到，坐前排,看台或树下，看别人动,开黑到凌晨，把气打出去,和朋友：合影、表情包、抓拍
S0492,网吧,刷往年题,天天吃,志愿者协会,兼职自力更生,操场的那圈跑道,选了，但没去过几次,羽毛球乒乓球，约人打,拉朋友出去吃一顿,和朋友：合影、表情包、抓拍
S0493,食堂窗口,刷往年题,偶尔,辩论队,靠奖学金过日子,操场的那圈跑道,卡着铃声冲进去，坐最后一排,跑道上，一个人戴着耳机跑,睡一觉，第二天照常,和朋友：合影、表情包、抓拍
S0494,网吧,临时抱佛脚,偶尔,乐队,家里定时打钱,图书馆那张常坐的座位,选了，但没去过几次,看台或树下，看别人动,开黑到凌晨，把气打出去,风景和现场：演出、展览、天空
S0495,网吧,临时抱佛脚,一周三五次,志愿者协会,月初土豪，月底吃土,宿舍的那群人,早上根本没课，我的课都在下午,羽毛球乒乓球，约人打,拉朋友出去吃一顿,运动记录、跑步路线、装备
S0496,网吧,组团开黑边复习,天天吃,电竞社,月初土豪，月底吃土,宿舍的那群人,早上根本没课，我的课都在下午,器械区随便练练，练完就走,开黑到凌晨，把气打出去,吃的：外卖、食堂、探店
S0497,图书馆自习室,提前两周就复习完了,一周三五次,辩论队,家里定时打钱,什么也没带走，但也没白来,让室友帮忙占座，自己慢慢来,跑道上，一个人戴着耳机跑,拉朋友出去吃一顿,运动记录、跑步路线、装备
S0498,网吧,临时抱佛脚,一周三五次,电竞社,月初土豪，月底吃土,操场的那圈跑道,早上根本没课，我的课都在下午,羽毛球乒乓球，约人打,拉朋友出去吃一顿,和朋友：合影、表情包、抓拍
S0499,图书馆自习室,临时抱佛脚,从不,乐队,靠奖学金过日子,操场的那圈跑道,提前十分钟到，坐前排,看台或树下，看别人动,给家里打个电话,吃的：外卖、食堂、探店
S0500,图书馆自习室,提前两周就复习完了,天天吃,乐队,兼职自力更生,食堂的那个窗口,早上根本没课，我的课都在下午,看台或树下，看别人动,开黑到凌晨，把气打出去,吃的：外卖、食堂、探店
S0501,宿舍床上,刷往年题,从不,志愿者协会,家里定时打钱,操场的那圈跑道,卡着铃声冲进去，坐最后一排,器械区随便练练，练完就走,睡一觉，第二天照常,吃的：外卖、食堂、探店
S0502,图书馆自习室,刷往年题,天天吃,摄影社,兼职自力更生,食堂的那个窗口,提前十分钟到，坐前排,跑道上，一个人戴着耳机跑,去操场跑到没力气,和朋友：合影、表情包、抓拍
S0503,网吧,组团开黑边复习,一周三五次,志愿者协会,兼职自力更生,宿舍的那群人,选了，但没去过几次,球场，组队打一场,睡一觉，第二天照常,和朋友：合影、表情包、抓拍
S0504,图书馆自习室,提前两周就复习完了,从不,摄影社,家里定时打钱,食堂的那个窗口,提前十分钟到，坐前排,球场，组队打一场,睡一觉，第二天照常,吃的：外卖、食堂、探店
S0505,宿舍床上,组团开黑边复习,天天吃,电竞社,兼职自力更生,宿舍的那群人,提前十分钟到，坐前排,羽毛球乒乓球，约人打,开黑到凌晨，把气打出去,吃的：外卖、食堂、探店
S0506,图书馆自习室,提前两周就复习完了,从不,辩论队,靠奖学金过日子,图书馆那张常坐的座位,卡着铃声冲进去，坐最后一排,球场，组队打一场,给家里打个电话,课件、板书、PPT 截图
S0507,网吧,组团开黑边复习,天天吃,电竞社,月初土豪，月底吃土,什么也没带走，但也没白来,让室友帮忙占座，自己慢慢来,球场，组队打一场,睡一觉，第二天照常,和朋友：合影、表情包、抓拍
S0508,图书馆自习室,死磕课本,从不,辩论队,靠奖学金过日子,图书馆那张常坐的座位,提前十分钟到，坐前排,羽毛球乒乓球，约人打,去操场跑到没力气,课件、板书、PPT 截图
S0509,网吧,死磕课本,一周三五次,辩论队,月初土豪，月底吃土,宿舍的那群人,提前十分钟到，坐前排,器械区随便练练，练完就走,去操场跑到没力气,吃的：外卖、食堂、探店
S0510,网吧,刷往年题,天天吃,电竞社,月初土豪，月底吃土,操场的那圈跑道,选了，但没去过几次,羽毛球乒乓球，约人打,开黑到凌晨，把气打出去,风景和现场：演出、展览、天空
S0511,网吧,组团开黑边复习,天天吃,乐队,兼职自力更生,什么也没带走，但也没白来,选了，但没去过几次,羽毛球乒乓球，约人打,开黑到凌晨，把气打出去,风景和现场：演出、展览、天空
S0512,网吧,组团开黑边复习,天天吃,辩论队,月初土豪，月底吃土,什么也没带走，但也没白来,提前十分钟到，坐前排,球场，组队打一场,开黑到凌晨，把气打出去,风景和现场：演出、展览、天空
S0513,宿舍床上,死磕课本,从不,摄影社,靠奖学金过日子,食堂的那个窗口,提前十分钟到，坐前排,器械区随便练练，练完就走,给家里打个电话,课件、板书、PPT 截图
S0514,图书馆自习室,死磕课本,一周三五次,乐队,靠奖学金过日子,食堂的那个窗口,提前十分钟到，坐前排,跑道上，一个人戴着耳机跑,睡一觉，第二天照常,风景和现场：演出、展览、天空
S0515,食堂窗口,死磕课本,偶尔,志愿者协会,兼职自力更生,图书馆那张常坐的座位,选了，但没去过几次,跑道上，一个人戴着耳机跑,拉朋友出去吃一顿,运动记录、跑步路线、装备
S0516,食堂窗口,组团开黑边复习,天天吃,乐队,靠奖学金过日子,宿舍的那群人,早上根本没课，我的课都在下午,羽毛球乒乓球，约人打,去操场跑到没力气,和朋友：合影、表情包、抓拍
S0517,宿舍床上,组团开黑边复习,从不,电竞社,月初土豪，月底吃土,食堂的那个窗口,选了，但没去过几次,跑道上，一个人戴着耳机跑,去操场跑到没力气,风景和现场：演出、展览、天空
S0518,宿舍床上,提前两周就复习完了,偶尔,摄影社,家里定时打钱,宿舍的那群人,选了，但没去过几次,羽毛球乒乓球，约人打,睡一觉，第二天照常,和朋友：合影、表情包、抓拍
S0519,操场跑道,提前两周就复习完了,偶尔,辩论队,靠奖学金过日子,宿舍的那群人,卡着铃声冲进去，坐最后一排,跑道上，一个人戴着耳机跑,拉朋友出去吃一顿,课件、板书、PPT 截图
S0520,网吧,临时抱佛脚,天天吃,志愿者协会,家里定时打钱,宿舍的那群人,早上根本没课，我的课都在下午,看台或树下，看别人动,开黑到凌晨，把气打出去,风景和现场：演出、展览、天空
S0521,图书馆自习室,提前两周就复习完了,天天吃,志愿者协会,靠奖学金过日子,宿舍的那群人,提前十分钟到，坐前排,跑道上，一个人戴着耳机跑,拉朋友出去吃一顿,课件、板书、PPT 截图
S0522,网吧,临时抱佛脚,天天吃,乐队,月初土豪，月底吃土,宿舍的那群人,早上根本没课，我的课都在下午,跑道上，一个人戴着耳机跑,睡一觉，第二天照常,风景和现场：演出、展览、天空
S0523,网吧,刷往年题,一周三五次,志愿者协会,兼职自力更生,宿舍的那群人,早上根本没课，我的课都在下午,看台或树下，看别人动,开黑到凌晨，把气打出去,吃的：外卖、食堂、探店
S0524,食堂窗口,组团开黑边复习,天天吃,辩论队,月初土豪，月底吃土,宿舍的那群人,选了，但没去过几次,看台或树下，看别人动,开黑到凌晨，把气打出去,吃的：外卖、食堂、探店
S0525,操场跑道,刷往年题,天天吃,摄影社,兼职自力更生,操场的那圈跑道,提前十分钟到，坐前排,球场，组队打一场,拉朋友出去吃一顿,运动记录、跑步路线、装备
S0526,图书馆自习室,刷往年题,从不,辩论队,兼职自力更生,什么也没带走，但也没白来,提前十分钟到，坐前排,球场，组队打一场,去操场跑到没力气,课件、板书、PPT 截图
S0527,操场跑道,刷往年题,一周三五次,志愿者协会,兼职自力更生,食堂的那个窗口,卡着铃声冲进去，坐最后一排,跑道上，一个人戴着耳机跑,开黑到凌晨，把气打出去,吃的：外卖、食堂、探店
S0528,操场跑道,死磕课本,一周三五次,摄影社,兼职自力更生,操场的那圈跑道,卡着铃声冲进去，坐最后一排,跑道上，一个人戴着耳机跑,拉朋友出去吃一顿,和朋友：合影、表情包、抓拍
S0529,食堂窗口,临时抱佛脚,一周三五次,辩论队,靠奖学金过日子,操场的那圈跑道,选了，但没去过几次,器械区随便练练，练完就走,拉朋友出去吃一顿,运动记录、跑步路线、装备
S0530,宿舍床上,组团开黑边复习,天天吃,乐队,兼职自力更生,什么也没带走，但也没白来,卡着铃声冲进去，坐最后一排,球场，组队打一场,开黑到凌晨，把气打出去,和朋友：合影、表情包、抓拍
S0531,网吧,临时抱佛脚,一周三五次,乐队,家里定时打钱,什么也没带走，但也没白来,让室友帮忙占座，自己慢慢来,球场，组队打一场,给家里打个电话,运动记录、跑步路线、装备
S0532,网吧,临时抱佛脚,天天吃,乐队,兼职自力更生,操场的那圈跑道,选了，但没去过几次,羽毛球乒乓球，约人打,给家里打个电话,和朋友：合影、表情包、抓拍
S0533,食堂窗口,刷往年题,一周三五次,志愿者协会,家里定时打钱,操场的那圈跑道,提前十分钟到，坐前排,器械区随便练练，练完就走,拉朋友出去吃一顿,运动记录、跑步路线、装备
S0534,操场跑道,刷往年题,一周三五次,辩论队,家里定时打钱,图书馆那张常坐的座位,提前十分钟到，坐前排,器械区随便练练，练完就走,给家里打个电话,吃的：外卖、食堂、探店
S0535,宿舍床上,组团开黑边复习,一周三五次,电竞社,家里定时打钱,什么也没带走，但也没白来,卡着铃声冲进去，坐最后一排,羽毛球乒乓球，约人打,睡一觉，第二天照常,吃的：外卖、食堂、探店
S0536,图书馆自习室,刷往年题,天天吃,志愿者协会,兼职自力更生,什么也没带走，但也没白来,卡着铃声冲进去，坐最后一排,看台或树下，看别人动,拉朋友出去吃一顿,风景和现场：演出、展览、天空
S0537,图书馆自习室,死磕课本,一周三五次,辩论队,兼职自力更生,图书馆那张常坐的座位,卡着铃声冲进去，坐最后一排,器械区随便练练，练完就走,睡一觉，第二天照常,课件、板书、PPT 截图
S0538,宿舍床上,临时抱佛脚,偶尔,辩论队,靠奖学金过日子,宿舍的那群人,让室友帮忙占座，自己慢慢来,看台或树下，看别人动,开黑到凌晨，把气打出去,和朋友：合影、表情包、抓拍
S0539,图书馆自习室,死磕课本,从不,辩论队,兼职自力更生,图书馆那张常坐的座位,卡着铃声冲进去，坐最后一排,跑道上，一个人戴着耳机跑,睡一觉，第二天照常,课件、板书、PPT 截图
S0540,网吧,组团开黑边复习,从不,辩论队,兼职自力更生,什么也没带走，但也没白来,早上根本没课，我的课都在下午,看台或树下，看别人动,给家里打个电话,风景和现场：演出、展览、天空
S0541,食堂窗口,死磕课本,天天吃,摄影社,月初土豪，月底吃土,食堂的那个窗口,提前十分钟到，坐前排,羽毛球乒乓球，约人打,拉朋友出去吃一顿,吃的：外卖、食堂、探店
S0542,网吧,刷往年题,从不,电竞社,兼职自力更生,什么也没带走，但也没白来,早上根本没课，我的课都在下午,球场，组队打一场,开黑到凌晨，把气打出去,吃的：外卖、食堂、探店
S0543,网吧,死磕课本,天天吃,乐队,月初土豪，月底吃土,宿舍的那群人,选了，但没去过几次,球场，组队打一场,开黑到凌晨，把气打出去,运动记录、跑步路线、装备
S0544,宿舍床上,死磕课本,一周三五次,摄影社,家里定时打钱,什么也没带走，但也没白来,早上根本没课，我的课都在下午,看台或树下，看别人动,开黑到凌晨，把气打出去,吃的：外卖、食堂、探店
S0545,食堂窗口,临时抱佛脚,天天吃,志愿者协会,家里定时打钱,宿舍的那群人,卡着铃声冲进去，坐最后一排,看台或树下，看别人动,开黑到凌晨，把气打出去,课件、板书、PPT 截图
S0546,网吧,临时抱佛脚,一周三五次,电竞社,兼职自力更生,食堂的那个窗口,卡着铃声冲进去，坐最后一排,看台或树下，看别人动,开黑到凌晨，把气打出去,课件、板书、PPT 截图
S0547,网吧,刷往年题,天天吃,乐队,月初土豪，月底吃土,宿舍的那群人,选了，但没去过几次,球场，组队打一场,睡一觉，第二天照常,吃的：外卖、食堂、探店
S0548,图书馆自习室,刷往年题,偶尔,摄影社,家里定时打钱,操场的那圈跑道,让室友帮忙占座，自己慢慢来,羽毛球乒乓球，约人打,睡一觉，第二天照常,课件、板书、PPT 截图
S0549,网吧,刷往年题,偶尔,志愿者协会,月初土豪，月底吃土,宿舍的那群人,卡着铃声冲进去，坐最后一排,球场，组队打一场,开黑到凌晨，把气打出去,运动记录、跑步路线、装备
S0550,食堂窗口,刷往年题,天天吃,乐队,月初土豪，月底吃土,食堂的那个窗口,提前十分钟到，坐前排,球场，组队打一场,拉朋友出去吃一顿,风景和现场：演出、展览、天空
S0551,网吧,组团开黑边复习,从不,电竞社,月初土豪，月底吃土,什么也没带走，但也没白来,早上根本没课，我的课都在下午,看台或树下，看别人动,拉朋友出去吃一顿,和朋友：合影、表情包、抓拍
S0552,食堂窗口,组团开黑边复习,天天吃,志愿者协会,家里定时打钱,操场的那圈跑道,让室友帮忙占座，自己慢慢来,球场，组队打一场,睡一觉，第二天照常,和朋友：合影、表情包、抓拍
S0553,食堂窗口,组团开黑边复习,天天吃,志愿者协会,月初土豪，月底吃土,食堂的那个窗口,早上根本没课，我的课都在下午,羽毛球乒乓球，约人打,拉朋友出去吃一顿,吃的：外卖、食堂、探店
S0554,网吧,临时抱佛脚,一周三五次,摄影社,兼职自力更生,宿舍的那群人,选了，但没去过几次,器械区随便练练，练完就走,给家里打个电话,运动记录、跑步路线、装备
S0555,宿舍床上,提前两周就复习完了,从不,乐队,靠奖学金过日子,什么也没带走，但也没白来,提前十分钟到，坐前排,器械区随便练练，练完就走,睡一觉，第二天照常,课件、板书、PPT 截图
S0556,食堂窗口,组团开黑边复习,偶尔,志愿者协会,家里定时打钱,食堂的那个窗口,让室友帮忙占座，自己慢慢来,器械区随便练练，练完就走,拉朋友出去吃一顿,吃的：外卖、食堂、探店
S0557,图书馆自习室,刷往年题,天天吃,辩论队,靠奖学金过日子,图书馆那张常坐的座位,提前十分钟到，坐前排,器械区随便练练，练完就走,给家里打个电话,吃的：外卖、食堂、探店
S0558,食堂窗口,组团开黑边复习,天天吃,摄影社,家里定时打钱,宿舍的那群人,提前十分钟到，坐前排,跑道上，一个人戴着耳机跑,拉朋友出去吃一顿,和朋友：合影、表情包、抓拍
S0559,操场跑道,提前两周就复习完了,一周三五次,摄影社,兼职自力更生,操场的那圈跑道,提前十分钟到，坐前排,羽毛球乒乓球，约人打,开黑到凌晨，把气打出去,风景和现场：演出、展览、天空
S0560,宿舍床上,临时抱佛脚,偶尔,乐队,家里定时打钱,食堂的那个窗口,卡着铃声冲进去，坐最后一排,器械区随便练练，练完就走,睡一觉，第二天照常,和朋友：合影、表情包、抓拍
S0561,操场跑道,组团开黑边复习,偶尔,志愿者协会,靠奖学金过日子,操场的那圈跑道,提前十分钟到，坐前排,看台或树下，看别人动,去操场跑到没力气,运动记录、跑步路线、装备
S0562,食堂窗口,临时抱佛脚,偶尔,乐队,家里定时打钱,食堂的那个窗口,提前十分钟到，坐前排,跑道上，一个人戴着耳机跑,拉朋友出去吃一顿,风景和现场：演出、展览、天空
S0563,食堂窗口,刷往年题,一周三五次,摄影社,月初土豪，月底吃土,什么也没带走，但也没白来,早上根本没课，我的课都在下午,看台或树下，看别人动,睡一觉，第二天照常,吃的：外卖、食堂、探店
S0564,食堂窗口,提前两周就复习完了,从不,辩论队,靠奖学金过日子,什么也没带走，但也没白来,提前十分钟到，坐前排,器械区随便练练，练完就走,拉朋友出去吃一顿,课件、板书、PPT 截图
S0565,食堂窗口,提前两周就复习完了,一周三五次,志愿者协会,月初土豪，月底吃土,操场的那圈跑道,早上根本没课，我的课都在下午,球场，组队打一场,睡一觉，第二天照常,风景和现场：演出、展览、天空
S0566,图书馆自习室,死磕课本,偶尔,志愿者协会,靠奖学金过日子,图书馆那张常坐的座位,提前十分钟到，坐前排,器械区随便练练，练完就走,开黑到凌晨，把气打出去,课件、板书、PPT 截图
S0567,食堂窗口,组团开黑边复习,一周三五次,乐队,家里定时打钱,宿舍的那群人,提前十分钟到，坐前排,看台或树下，看别人动,去操场跑到没力气,吃的：外卖、食堂、探店
S0568,食堂窗口,组团开黑边复习,一周三五次,电竞社,家里定时打钱,操场的那圈跑道,让室友帮忙占座，自己慢慢来,看台或树下，看别人动,去操场跑到没力气,和朋友：合影、表情包、抓拍
S0569,操场跑道,临时抱佛脚,偶尔,乐队,家里定时打钱,操场的那圈跑道,早上根本没课，我的课都在下午,球场，组队打一场,开黑到凌晨，把气打出去,课件、板书、PPT 截图
S0570,食堂窗口,组团开黑边复习,天天吃,辩论队,家里定时打钱,食堂的那个窗口,早上根本没课，我的课都在下午,器械区随便练练，练完就走,开黑到凌晨，把气打出去,吃的：外卖、食堂、探店
S0571,图书馆自习室,死磕课本,从不,辩论队,靠奖学金过日子,图书馆那张常坐的座位,提前十分钟到，坐前排,羽毛球乒乓球，约人打,睡一觉，第二天照常,课件、板书、PPT 截图
S0572,宿舍床上,组团开黑边复习,一周三五次,乐队,家里定时打钱,宿舍的那群人,选了，但没去过几次,羽毛球乒乓球，约人打,开黑到凌晨，把气打出去,吃的：外卖、食堂、探店
S0573,食堂窗口,刷往年题,一周三五次,辩论队,家里定时打钱,食堂的那个窗口,卡着铃声冲进去，坐最后一排,羽毛球乒乓球，约人打,拉朋友出去吃一顿,和朋友：合影、表情包、抓拍
S0574,网吧,组团开黑边复习,一周三五次,电竞社,月初土豪，月底吃土,什么也没带走，但也没白来,卡着铃声冲进去，坐最后一排,球场，组队打一场,开黑到凌晨，把气打出去,和朋友：合影、表情包、抓拍
S0575,图书馆自习室,提前两周就复习完了,从不,志愿者协会,靠奖学金过日子,什么也没带走，但也没白来,提前十分钟到，坐前排,跑道上，一个人戴着耳机跑,去操场跑到没力气,课件、板书、PPT 截图
S0576,操场跑道,提前两周就复习完了,一周三五次,摄影社,靠奖学金过日子,宿舍的那群人,提前十分钟到，坐前排,器械区随便练练，练完就走,给家里打个电话,运动记录、跑步路线、装备
S0577,网吧,组团开黑边复习,天天吃,志愿者协会,家里定时打钱,食堂的那个窗口,提前十分钟到，坐前排,跑道上，一个人戴着耳机跑,睡一觉，第二天照常,和朋友：合影、表情包、抓拍
S0578,网吧,组团开黑边复习,一周三五次,乐队,家里定时打钱,宿舍的那群人,卡着铃声冲进去，坐最后一排,球场，组队打一场,开黑到凌晨，把气打出去,吃的：外卖、食堂、探店
S0579,图书馆自习室,刷往年题,偶尔,辩论队,家里定时打钱,宿舍的那群人,提前十分钟到，坐前排,器械区随便练练，练完就走,睡一觉，第二天照常,风景和现场：演出、展览、天空
S0580,图书馆自习室,提前两周就复习完了,从不,志愿者协会,家里定时打钱,图书馆那张常坐的座位,提前十分钟到，坐前排,跑道上，一个人戴着耳机跑,给家里打个电话,课件、板书、PPT 截图
S0581,宿舍床上,提前两周就复习完了,天天吃,摄影社,兼职自力更生,操场的那圈跑道,卡着铃声冲进去，坐最后一排,羽毛球乒乓球，约人打,给家里打个电话,课件、板书、PPT 截图
S0582,宿舍床上,提前两周就复习完了,一周三五次,摄影社,月初土豪，月底吃土,图书馆那张常坐的座位,提前十分钟到，坐前排,跑道上，一个人戴着耳机跑,睡一觉，第二天照常,运动记录、跑步路线、装备
S0583,操场跑道,死磕课本,偶尔,摄影社,家里定时打钱,食堂的那个窗口,提前十分钟到，坐前排,球场，组队打一场,睡一觉，第二天照常,运动记录、跑步路线、装备
S0584,宿舍床上,临时抱佛脚,天天吃,电竞社,家里定时打钱,宿舍的那群人,早上根本没课，我的课都在下午,器械区随便练练，练完就走,开黑到凌晨，把气打出去,和朋友：合影、表情包、抓拍
S0585,宿舍床上,刷往年题,从不,摄影社,兼职自力更生,宿舍的那群人,提前十分钟到，坐前排,羽毛球乒乓球，约人打,睡一觉，第二天照常,风景和现场：演出、展览、天空
S0586,食堂窗口,临时抱佛脚,天天吃,辩论队,月初土豪，月底吃土,食堂的那个窗口,早上根本没课，我的课都在下午,跑道上，一个人戴着耳机跑,给家里打个电话,和朋友：合影、表情包、抓拍
S0587,食堂窗口,组团开黑边复习,天天吃,摄影社,月初土豪，月底吃土,食堂的那个窗口,让室友帮忙占座，自己慢慢来,羽毛球乒乓球，约人打,开黑到凌晨，把气打出去,和朋友：合影、表情包、抓拍
S0588,网吧,死磕课本,天天吃,乐队,兼职自力更生,食堂的那个窗口,选了，但没去过几次,器械区随便练练，练完就走,开黑到凌晨，把气打出去,运动记录、跑步路线、装备
S0589,食堂窗口,死磕课本,一周三五次,辩论队,月初土豪，月底吃土,操场的那圈跑道,卡着铃声冲进去，坐最后一排,球场，组队打一场,睡一觉，第二天照常,课件、板书、PPT 截图
S0590,图书馆自习室,临时抱佛脚,偶尔,辩论队,家里定时打钱,图书馆那张常坐的座位,让室友帮忙占座，自己慢慢来,球场，组队打一场,去操场跑到没力气,和朋友：合影、表情包、抓拍
S0591,食堂窗口,刷往年题,天天吃,乐队,兼职自力更生,操场的那圈跑道,提前十分钟到，坐前排,器械区随便练练，练完就走,拉朋友出去吃一顿,运动记录、跑步路线、装备
S0592,图书馆自习室,组团开黑边复习,偶尔,乐队,靠奖学金过日子,宿舍的那群人,让室友帮忙占座，自己慢慢来,羽毛球乒乓球，约人打,去操场跑到没力气,和朋友：合影、表情包、抓拍
S0593,网吧,临时抱佛脚,一周三五次,乐队,兼职自力更生,食堂的那个窗口,早上根本没课，我的课都在下午,球场，组队打一场,睡一觉，第二天照常,吃的：外卖、食堂、探店
S0594,操场跑道,死磕课本,偶尔,摄影社,兼职自力更生,操场的那圈跑道,提前十分钟到，坐前排,球场，组队打一场,去操场跑到没力气,吃的：外卖、食堂、探店
S0595,操场跑道,临时抱佛脚,天天吃,电竞社,兼职自力更生,什么也没带走，但也没白来,让室友帮忙占座，自己慢慢来,看台或树下，看别人动,拉朋友出去吃一顿,吃的：外卖、食堂、探店
S0596,食堂窗口,临时抱佛脚,偶尔,志愿者协会,月初土豪，月底吃土,什么也没带走，但也没白来,让室友帮忙占座，自己慢慢来,羽毛球乒乓球，约人打,给家里打个电话,风景和现场：演出、展览、天空
S0597,食堂窗口,临时抱佛脚,天天吃,辩论队,月初土豪，月底吃土,食堂的那个窗口,让室友帮忙占座，自己慢慢来,看台或树下，看别人动,拉朋友出去吃一顿,运动记录、跑步路线、装备
S0598,食堂窗口,组团开黑边复习,一周三五次,摄影社,家里定时打钱,食堂的那个窗口,让室友帮忙占座，自己慢慢来,器械区随便练练，练完就走,拉朋友出去吃一顿,和朋友：合影、表情包、抓拍
S0599,图书馆自习室,提前两周就复习完了,从不,电竞社,家里定时打钱,操场的那圈跑道,提前十分钟到，坐前排,羽毛球乒乓球，约人打,给家里打个电话,风景和现场：演出、展览、天空
S0600,食堂窗口,组团开黑边复习,天天吃,摄影社,靠奖学金过日子,食堂的那个窗口,让室友帮忙占座，自己慢慢来,器械区随便练练，练完就走,开黑到凌晨，把气打出去,吃的：外卖、食堂、探店
S0601,食堂窗口,组团开黑边复习,天天吃,辩论队,兼职自力更生,宿舍的那群人,提前十分钟到，坐前排,看台或树下，看别人动,给家里打个电话,和朋友：合影、表情包、抓拍
S0602,图书馆自习室,提前两周就复习完了,一周三五次,辩论队,靠奖学金过日子,图书馆那张常坐的座位,卡着铃声冲进去，坐最后一排,跑道上，一个人戴着耳机跑,去操场跑到没力气,课件、板书、PPT 截图
S0603,操场跑道,组团开黑边复习,天天吃,乐队,家里定时打钱,什么也没带走，但也没白来,让室友帮忙占座，自己慢慢来,看台或树下，看别人动,去操场跑到没力气,课件、板书、PPT 截图
S0604,宿舍床上,组团开黑边复习,偶尔,辩论队,兼职自力更生,什么也没带走，但也没白来,选了，但没去过几次,器械区随便练练，练完就走,睡一觉，第二天照常,课件、板书、PPT 截图
S0605,网吧,临时抱佛脚,天天吃,志愿者协会,月初土豪，月底吃土,图书馆那张常坐的座位,早上根本没课，我的课都在下午,球场，组队打一场,拉朋友出去吃一顿,和朋友：合影、表情包、抓拍
S0606,操场跑道,临时抱佛脚,从不,摄影社,靠奖学金过日子,图书馆那张常坐的座位,卡着铃声冲进去，坐最后一排,球场，组队打一场,开黑到凌晨，把气打出去,和朋友：合影、表情包、抓拍
S0607,操场跑道,提前两周就复习完了,天天吃,摄影社,月初土豪，月底吃土,操场的那圈跑道,卡着铃声冲进去，坐最后一排,羽毛球乒乓球，约人打,开黑到凌晨，把气打出去,和朋友：合影、表情包、抓拍
S0608,网吧,刷往年题,从不,电竞社,兼职自力更生,什么也没带走，但也没白来,提前十分钟到，坐前排,器械区随便练练，练完就走,开黑到凌晨，把气打出去,课件、板书、PPT 截图
S0609,图书馆自习室,提前两周就复习完了,从不,辩论队,靠奖学金过日子,图书馆那张常坐的座位,提前十分钟到，坐前排,器械区随便练练，练完就走,睡一觉，第二天照常,课件、板书、PPT 截图
S0610,食堂窗口,组团开黑边复习,天天吃,乐队,家里定时打钱,食堂的那个窗口,让室友帮忙占座，自己慢慢来,器械区随便练练，练完就走,开黑到凌晨，把气打出去,吃的：外卖、食堂、探店
S0611,图书馆自习室,提前两周就复习完了,从不,摄影社,兼职自力更生,图书馆那张常坐的座位,提前十分钟到，坐前排,器械区随便练练，练完就走,睡一觉，第二天照常,课件、板书、PPT 截图
S0612,操场跑道,刷往年题,一周三五次,志愿者协会,月初土豪，月底吃土,操场的那圈跑道,提前十分钟到，坐前排,球场，组队打一场,给家里打个电话,运动记录、跑步路线、装备
S0613,宿舍床上,死磕课本,天天吃,志愿者协会,兼职自力更生,操场的那圈跑道,让室友帮忙占座，自己慢慢来,球场，组队打一场,给家里打个电话,运动记录、跑步路线、装备
S0614,操场跑道,刷往年题,一周三五次,乐队,家里定时打钱,宿舍的那群人,卡着铃声冲进去，坐最后一排,羽毛球乒乓球，约人打,拉朋友出去吃一顿,风景和现场：演出、展览、天空
S0615,操场跑道,组团开黑边复习,天天吃,电竞社,月初土豪，月底吃土,图书馆那张常坐的座位,选了，但没去过几次,羽毛球乒乓球，约人打,拉朋友出去吃一顿,和朋友：合影、表情包、抓拍
S0616,食堂窗口,提前两周就复习完了,天天吃,乐队,兼职自力更生,食堂的那个窗口,选了，但没去过几次,羽毛球乒乓球，约人打,拉朋友出去吃一顿,风景和现场：演出、展览、天空
S0617,宿舍床上,临时抱佛脚,天天吃,乐队,家里定时打钱,食堂的那个窗口,卡着铃声冲进去，坐最后一排,看台或树下，看别人动,开黑到凌晨，把气打出去,课件、板书、PPT 截图
S0618,网吧,临时抱佛脚,一周三五次,电竞社,月初土豪，月底吃土,食堂的那个窗口,卡着铃声冲进去，坐最后一排,看台或树下，看别人动,开黑到凌晨，把气打出去,吃的：外卖、食堂、探店
S0619,食堂窗口,组团开黑边复习,一周三五次,乐队,兼职自力更生,宿舍的那群人,选了，但没去过几次,羽毛球乒乓球，约人打,给家里打个电话,风景和现场：演出、展览、天空
S0620,食堂窗口,临时抱佛脚,天天吃,辩论队,月初土豪，月底吃土,食堂的那个窗口,选了，但没去过几次,跑道上，一个人戴着耳机跑,拉朋友出去吃一顿,吃的：外卖、食堂、探店
S0621,图书馆自习室,死磕课本,从不,摄影社,靠奖学金过日子,操场的那圈跑道,早上根本没课，我的课都在下午,球场，组队打一场,给家里打个电话,吃的：外卖、食堂、探店
S0622,操场跑道,提前两周就复习完了,一周三五次,电竞社,家里定时打钱,操场的那圈跑道,早上根本没课，我的课都在下午,羽毛球乒乓球，约人打,开黑到凌晨，把气打出去,课件、板书、PPT 截图
S0623,宿舍床上,提前两周就复习完了,从不,辩论队,家里定时打钱,图书馆那张常坐的座位,提前十分钟到，坐前排,器械区随便练练，练完就走,睡一觉，第二天照常,课件、板书、PPT 截图
S0624,图书馆自习室,刷往年题,从不,辩论队,月初土豪，月底吃土,图书馆那张常坐的座位,提前十分钟到，坐前排,跑道上，一个人戴着耳机跑,给家里打个电话,吃的：外卖、食堂、探店
S0625,网吧,死磕课本,天天吃,乐队,靠奖学金过日子,什么也没带走，但也没白来,选了，但没去过几次,球场，组队打一场,开黑到凌晨，把气打出去,吃的：外卖、食堂、探店
S0626,宿舍床上,临时抱佛脚,天天吃,摄影社,家里定时打钱,宿舍的那群人,早上根本没课，我的课都在下午,球场，组队打一场,去操场跑到没力气,和朋友：合影、表情包、抓拍
S0627,宿舍床上,临时抱佛脚,天天吃,乐队,兼职自力更生,什么也没带走，但也没白来,选了，但没去过几次,看台或树下，看别人动,拉朋友出去吃一顿,课件、板书、PPT 截图
S0628,网吧,临时抱佛脚,天天吃,志愿者协会,月初土豪，月底吃土,宿舍的那群人,选了，但没去过几次,跑道上，一个人戴着耳机跑,给家里打个电话,吃的：外卖、食堂、探店
S0629,操场跑道,刷往年题,一周三五次,志愿者协会,家里定时打钱,什么也没带走，但也没白来,选了，但没去过几次,器械区随便练练，练完就走,去操场跑到没力气,吃的：外卖、食堂、探店
S0630,图书馆自习室,死磕课本,偶尔,辩论队,靠奖学金过日子,操场的那圈跑道,卡着铃声冲进去，坐最后一排,球场，组队打一场,睡一觉，第二天照常,运动记录、跑步路线、装备
S0631,操场跑道,组团开黑边复习,偶尔,志愿者协会,家里定时打钱,操场的那圈跑道,提前十分钟到，坐前排,器械区随便练练，练完就走,去操场跑到没力气,课件、板书、PPT 截图
S0632,宿舍床上,提前两周就复习完了,天天吃,乐队,月初土豪，月底吃土,什么也没带走，但也没白来,早上根本没课，我的课都在下午,羽毛球乒乓球，约人打,给家里打个电话,和朋友：合影、表情包、抓拍
S0633,操场跑道,组团开黑边复习,天天吃,电竞社,月初土豪，月底吃土,宿舍的那群人,选了，但没去过几次,跑道上，一个人戴着耳机跑,开黑到凌晨，把气打出去,运动记录、跑步路线、装备
S0634,网吧,刷往年题,一周三五次,乐队,月初土豪，月底吃土,宿舍的那群人,让室友帮忙占座，自己慢慢来,看台或树下，看别人动,开黑到凌晨，把气打出去,和朋友：合影、表情包、抓拍
S0635,食堂窗口,组团开黑边复习,偶尔,摄影社,兼职自力更生,操场的那圈跑道,卡着铃声冲进去，坐最后一排,看台或树下，看别人动,给家里打个电话,风景和现场：演出、展览、天空
S0636,图书馆自习室,临时抱佛脚,一周三五次,乐队,家里定时打钱,宿舍的那群人,让室友帮忙占座，自己慢慢来,球场，组队打一场,睡一觉，第二天照常,和朋友：合影、表情包、抓拍
S0637,操场跑道,临时抱佛脚,偶尔,乐队,兼职自力更生,图书馆那张常坐的座位,早上根本没课，我的课都在下午,看台或树下，看别人动,拉朋友出去吃一顿,和朋友：合影、表情包、抓拍
S0638,宿舍床上,组团开黑边复习,天天吃,辩论队,月初土豪，月底吃土,宿舍的那群人,提前十分钟到，坐前排,球场，组队打一场,拉朋友出去吃一顿,和朋友：合影、表情包、抓拍
S0639,网吧,死磕课本,天天吃,志愿者协会,兼职自力更生,操场的那圈跑道,选了，但没去过几次,看台或树下，看别人动,开黑到凌晨，把气打出去,风景和现场：演出、展览、天空
S0640,食堂窗口,刷往年题,偶尔,乐队,兼职自力更生,宿舍的那群人,选了，但没去过几次,羽毛球乒乓球，约人打,给家里打个电话,吃的：外卖、食堂、探店
S0641,操场跑道,刷往年题,天天吃,志愿者协会,靠奖学金过日子,图书馆那张常坐的座位,提前十分钟到，坐前排,看台或树下，看别人动,去操场跑到没力气,运动记录、跑步路线、装备
S0642,网吧,临时抱佛脚,从不,辩论队,兼职自力更生,宿舍的那群人,让室友帮忙占座，自己慢慢来,羽毛球乒乓球，约人打,给家里打个电话,和朋友：合影、表情包、抓拍
S0643,宿舍床上,组团开黑边复习,天天吃,乐队,月初土豪，月底吃土,宿舍的那群人,卡着铃声冲进去，坐最后一排,看台或树下，看别人动,开黑到凌晨，把气打出去,风景和现场：演出、展览、天空
S0644,食堂窗口,刷往年题,一周三五次,乐队,兼职自力更生,操场的那圈跑道,选了，但没去过几次,羽毛球乒乓球，约人打,拉朋友出去吃一顿,风景和现场：演出、展览、天空
S0645,图书馆自习室,刷往年题,天天吃,电竞社,兼职自力更生,宿舍的那群人,早上根本没课，我的课都在下午,看台或树下，看别人动,开黑到凌晨，把气打出去,课件、板书、PPT 截图
S0646,图书馆自习室,死磕课本,偶尔,辩论队,靠奖学金过日子,食堂的那个窗口,提前十分钟到，坐前排,羽毛球乒乓球，约人打,给家里打个电话,课件、板书、PPT 截图
S0647,网吧,临时抱佛脚,一周三五次,乐队,月初土豪，月底吃土,食堂的那个窗口,卡着铃声冲进去，坐最后一排,羽毛球乒乓球，约人打,去操场跑到没力气,和朋友：合影、表情包、抓拍
S0648,宿舍床上,刷往年题,天天吃,电竞社,月初土豪，月底吃土,什么也没带走，但也没白来,早上根本没课，我的课都在下午,羽毛球乒乓球，约人打,去操场跑到没力气,和朋友：合影、表情包、抓拍
S0649,食堂窗口,组团开黑边复习,一周三五次,摄影社,兼职自力更生,食堂的那个窗口,让室友帮忙占座，自己慢慢来,器械区随便练练，练完就走,拉朋友出去吃一顿,和朋友：合影、表情包、抓拍
S0650,食堂窗口,组团开黑边复习,天天吃,辩论队,靠奖学金过日子,宿舍的那群人,卡着铃声冲进去，坐最后一排,羽毛球乒乓球，约人打,拉朋友出去吃一顿,和朋友：合影、表情包、抓拍
S0651,图书馆自习室,死磕课本,从不,辩论队,靠奖学金过日子,什么也没带走，但也没白来,提前十分钟到，坐前排,跑道上，一个人戴着耳机跑,睡一觉，第二天照常,风景和现场：演出、展览、天空
S0652,网吧,刷往年题,天天吃,电竞社,家里定时打钱,什么也没带走，但也没白来,卡着铃声冲进去，坐最后一排,跑道上，一个人戴着耳机跑,给家里打个电话,运动记录、跑步路线、装备
S0653,宿舍床上,提前两周就复习完了,天天吃,辩论队,靠奖学金过日子,操场的那圈跑道,早上根本没课，我的课都在下午,器械区随便练练，练完就走,睡一觉，第二天照常,课件、板书、PPT 截图
S0654,网吧,提前两周就复习完了,一周三五次,电竞社,月初土豪，月底吃土,图书馆那张常坐的座位,卡着铃声冲进去，坐最后一排,羽毛球乒乓球，约人打,睡一觉，第二天照常,吃的：外卖、食堂、探店
S0655,食堂窗口,临时抱佛脚,天天吃,摄影社,兼职自力更生,什么也没带走，但也没白来,卡着铃声冲进去，坐最后一排,跑道上，一个人戴着耳机跑,睡一觉，第二天照常,吃的：外卖、食堂、探店
S0656,食堂窗口,提前两周就复习完了,偶尔,乐队,家里定时打钱,操场的那圈跑道,卡着铃声冲进去，坐最后一排,跑道上，一个人戴着耳机跑,去操场跑到没力气,和朋友：合影、表情包、抓拍
S0657,图书馆自习室,提前两周就复习完了,偶尔,辩论队,靠奖学金过日子,图书馆那张常坐的座位,提前十分钟到，坐前排,球场，组队打一场,给家里打个电话,课件、板书、PPT 截图
S0658,宿舍床上,提前两周就复习完了,偶尔,摄影社,家里定时打钱,图书馆那张常坐的座位,提前十分钟到，坐前排,跑道上，一个人戴着耳机跑,去操场跑到没力气,课件、板书、PPT 截图
S0659,食堂窗口,组团开黑边复习,天天吃,志愿者协会,兼职自力更生,宿舍的那群人,卡着铃声冲进去，坐最后一排,器械区随便练练，练完就走,开黑到凌晨，把气打出去,风景和现场：演出、展览、天空
S0660,图书馆自习室,死磕课本,从不,志愿者协会,靠奖学金过日子,图书馆那张常坐的座位,提前十分钟到，坐前排,器械区随便练练，练完就走,给家里打个电话,课件、板书、PPT 截图
S0661,图书馆自习室,死磕课本,偶尔,辩论队,家里定时打钱,图书馆那张常坐的座位,选了，但没去过几次,球场，组队打一场,睡一觉，第二天照常,风景和现场：演出、展览、天空
S0662,网吧,临时抱佛脚,偶尔,电竞社,兼职自力更生,什么也没带走，但也没白来,让室友帮忙占座，自己慢慢来,看台或树下，看别人动,开黑到凌晨，把气打出去,吃的：外卖、食堂、探店
S0663,网吧,临时抱佛脚,偶尔,电竞社,兼职自力更生,什么也没带走，但也没白来,让室友帮忙占座，自己慢慢来,跑道上，一个人戴着耳机跑,给家里打个电话,课件、板书、PPT 截图
S0664,食堂窗口,死磕课本,天天吃,志愿者协会,月初土豪，月底吃土,操场的那圈跑道,早上根本没课，我的课都在下午,看台或树下，看别人动,去操场跑到没力气,吃的：外卖、食堂、探店
S0665,食堂窗口,提前两周就复习完了,天天吃,乐队,月初土豪，月底吃土,宿舍的那群人,早上根本没课，我的课都在下午,球场，组队打一场,去操场跑到没力气,吃的：外卖、食堂、探店
S0666,网吧,提前两周就复习完了,一周三五次,乐队,月初土豪，月底吃土,操场的那圈跑道,卡着铃声冲进去，坐最后一排,球场，组队打一场,给家里打个电话,和朋友：合影、表情包、抓拍
S0667,宿舍床上,临时抱佛脚,天天吃,电竞社,家里定时打钱,食堂的那个窗口,早上根本没课，我的课都在下午,器械区随便练练，练完就走,拉朋友出去吃一顿,运动记录、跑步路线、装备
S0668,图书馆自习室,临时抱佛脚,天天吃,志愿者协会,兼职自力更生,宿舍的那群人,卡着铃声冲进去，坐最后一排,羽毛球乒乓球，约人打,给家里打个电话,运动记录、跑步路线、装备
S0669,网吧,刷往年题,天天吃,电竞社,月初土豪，月底吃土,什么也没带走，但也没白来,让室友帮忙占座，自己慢慢来,羽毛球乒乓球，约人打,给家里打个电话,吃的：外卖、食堂、探店
S0670,宿舍床上,刷往年题,偶尔,乐队,靠奖学金过日子,操场的那圈跑道,早上根本没课，我的课都在下午,跑道上，一个人戴着耳机跑,去操场跑到没力气,风景和现场：演出、展览、天空
S0671,操场跑道,刷往年题,偶尔,志愿者协会,靠奖学金过日子,什么也没带走，但也没白来,提前十分钟到，坐前排,跑道上，一个人戴着耳机跑,给家里打个电话,风景和现场：演出、展览、天空
S0672,食堂窗口,组团开黑边复习,一周三五次,乐队,兼职自力更生,什么也没带走，但也没白来,卡着铃声冲进去，坐最后一排,羽毛球乒乓球，约人打,拉朋友出去吃一顿,和朋友：合影、表情包、抓拍
S0673,食堂窗口,提前两周就复习完了,偶尔,乐队,兼职自力更生,操场的那圈跑道,卡着铃声冲进去，坐最后一排,跑道上，一个人戴着耳机跑,去操场跑到没力气,和朋友：合影、表情包、抓拍
S0674,操场跑道,死磕课本,一周三五次,摄影社,月初土豪，月底吃土,宿舍的那群人,让室友帮忙占座，自己慢慢来,跑道上，一个人戴着耳机跑,给家里打个电话,课件、板书、PPT 截图
S0675,宿舍床上,组团开黑边复习,天天吃,辩论队,家里定时打钱,食堂的那个窗口,早上根本没课，我的课都在下午,看台或树下，看别人动,拉朋友出去吃一顿,课件、板书、PPT 截图
S0676,宿舍床上,刷往年题,一周三五次,辩论队,靠奖学金过日子,什么也没带走，但也没白来,让室友帮忙占座，自己慢慢来,看台或树下，看别人动,拉朋友出去吃一顿,风景和现场：演出、展览、天空
S0677,图书馆自习室,提前两周就复习完了,从不,摄影社,家里定时打钱,图书馆那张常坐的座位,卡着铃声冲进去，坐最后一排,羽毛球乒乓球，约人打,睡一觉，第二天照常,风景和现场：演出、展览、天空
S0678,网吧,临时抱佛脚,天天吃,电竞社,家里定时打钱,什么也没带走，但也没白来,早上根本没课，我的课都在下午,羽毛球乒乓球，约人打,开黑到凌晨，把气打出去,和朋友：合影、表情包、抓拍
S0679,图书馆自习室,死磕课本,从不,辩论队,靠奖学金过日子,食堂的那个窗口,让室友帮忙占座，自己慢慢来,看台或树下，看别人动,给家里打个电话,运动记录、跑步路线、装备
S0680,食堂窗口,组团开黑边复习,一周三五次,志愿者协会,兼职自力更生,宿舍的那群人,提前十分钟到，坐前排,跑道上，一个人戴着耳机跑,去操场跑到没力气,风景和现场：演出、展览、天空
S0681,操场跑道,组团开黑边复习,从不,乐队,兼职自力更生,什么也没带走，但也没白来,让室友帮忙占座，自己慢慢来,看台或树下，看别人动,睡一觉，第二天照常,和朋友：合影、表情包、抓拍
S0682,食堂窗口,组团开黑边复习,天天吃,志愿者协会,月初土豪，月底吃土,宿舍的那群人,选了，但没去过几次,羽毛球乒乓球，约人打,给家里打个电话,吃的：外卖、食堂、探店
S0683,操场跑道,组团开黑边复习,一周三五次,志愿者协会,兼职自力更生,操场的那圈跑道,卡着铃声冲进去，坐最后一排,跑道上，一个人戴着耳机跑,睡一觉，第二天照常,运动记录、跑步路线、装备
S0684,网吧,死磕课本,天天吃,摄影社,月初土豪，月底吃土,什么也没带走，但也没白来,早上根本没课，我的课都在下午,看台或树下，看别人动,开黑到凌晨，把气打出去,和朋友：合影、表情包、抓拍
S0685,宿舍床上,提前两周就复习完了,偶尔,摄影社,靠奖学金过日子,图书馆那张常坐的座位,提前十分钟到，坐前排,球场，组队打一场,给家里打个电话,课件、板书、PPT 截图
S0686,图书馆自习室,死磕课本,从不,辩论队,家里定时打钱,图书馆那张常坐的座位,提前十分钟到，坐前排,器械区随便练练，练完就走,睡一觉，第二天照常,课件、板书、PPT 截图
S0687,网吧,提前两周就复习完了,一周三五次,电竞社,家里定时打钱,宿舍的那群人,让室友帮忙占座，自己慢慢来,看台或树下，看别人动,给家里打个电话,吃的：外卖、食堂、探店
S0688,操场跑道,临时抱佛脚,天天吃,电竞社,月初土豪，月底吃土,操场的那圈跑道,让室友帮忙占座，自己慢慢来,羽毛球乒乓球，约人打,开黑到凌晨，把气打出去,和朋友：合影、表情包、抓拍
S0689,食堂窗口,组团开黑边复习,天天吃,乐队,家里定时打钱,食堂的那个窗口,提前十分钟到，坐前排,看台或树下，看别人动,睡一觉，第二天照常,风景和现场：演出、展览、天空
S0690,操场跑道,提前两周就复习完了,偶尔,志愿者协会,家里定时打钱,操场的那圈跑道,提前十分钟到，坐前排,器械区随便练练，练完就走,睡一觉，第二天照常,吃的：外卖、食堂、探店
S0691,操场跑道,临时抱佛脚,天天吃,乐队,月初土豪，月底吃土,宿舍的那群人,卡着铃声冲进去，坐最后一排,羽毛球乒乓球，约人打,拉朋友出去吃一顿,吃的：外卖、食堂、探店
S0692,操场跑道,临时抱佛脚,偶尔,志愿者协会,兼职自力更生,宿舍的那群人,提前十分钟到，坐前排,球场，组队打一场,开黑到凌晨，把气打出去,风景和现场：演出、展览、天空
S0693,食堂窗口,组团开黑边复习,天天吃,摄影社,月初土豪，月底吃土,食堂的那个窗口,选了，但没去过几次,看台或树下，看别人动,给家里打个电话,课件、板书、PPT 截图
S0694,操场跑道,刷往年题,天天吃,电竞社,月初土豪，月底吃土,操场的那圈跑道,提前十分钟到，坐前排,羽毛球乒乓球，约人打,开黑到凌晨，把气打出去,运动记录、跑步路线、装备
S0695,食堂窗口,提前两周就复习完了,偶尔,辩论队,月初土豪，月底吃土,图书馆那张常坐的座位,提前十分钟到，坐前排,器械区随便练练，练完就走,睡一觉，第二天照常,课件、板书、PPT 截图
S0696,操场跑道,临时抱佛脚,天天吃,乐队,月初土豪，月底吃土,宿舍的那群人,让室友帮忙占座，自己慢慢来,球场，组队打一场,拉朋友出去吃一顿,和朋友：合影、表情包、抓拍
S0697,宿舍床上,刷往年题,偶尔,摄影社,兼职自力更生,操场的那圈跑道,卡着铃声冲进去，坐最后一排,羽毛球乒乓球，约人打,给家里打个电话,吃的：外卖、食堂、探店
S0698,食堂窗口,临时抱佛脚,从不,辩论队,月初土豪，月底吃土,操场的那圈跑道,卡着铃声冲进去，坐最后一排,球场，组队打一场,给家里打个电话,和朋友：合影、表情包、抓拍
S0699,食堂窗口,组团开黑边复习,天天吃,志愿者协会,月初土豪，月底吃土,操场的那圈跑道,选了，但没去过几次,球场，组队打一场,开黑到凌晨，把气打出去,和朋友：合影、表情包、抓拍
S0700,图书馆自习室,提前两周就复习完了,从不,乐队,兼职自力更生,图书馆那张常坐的座位,提前十分钟到，坐前排,器械区随便练练，练完就走,给家里打个电话,课件、板书、PPT 截图
S0701,操场跑道,刷往年题,偶尔,乐队,兼职自力更生,操场的那圈跑道,早上根本没课，我的课都在下午,跑道上，一个人戴着耳机跑,去操场跑到没力气,和朋友：合影、表情包、抓拍
S0702,宿舍床上,临时抱佛脚,天天吃,辩论队,兼职自力更生,宿舍的那群人,卡着铃声冲进去，坐最后一排,羽毛球乒乓球，约人打,给家里打个电话,和朋友：合影、表情包、抓拍
S0703,宿舍床上,临时抱佛脚,天天吃,乐队,兼职自力更生,食堂的那个窗口,卡着铃声冲进去，坐最后一排,看台或树下，看别人动,睡一觉，第二天照常,风景和现场：演出、展览、天空
S0704,食堂窗口,临时抱佛脚,偶尔,乐队,家里定时打钱,宿舍的那群人,早上根本没课，我的课都在下午,羽毛球乒乓球，约人打,去操场跑到没力气,和朋友：合影、表情包、抓拍
S0705,网吧,组团开黑边复习,一周三五次,乐队,月初土豪，月底吃土,图书馆那张常坐的座位,让室友帮忙占座，自己慢慢来,羽毛球乒乓球，约人打,拉朋友出去吃一顿,课件、板书、PPT 截图
S0706,网吧,组团开黑边复习,一周三五次,乐队,月初土豪，月底吃土,宿舍的那群人,选了，但没去过几次,看台或树下，看别人动,睡一觉，第二天照常,课件、板书、PPT 截图
S0707,操场跑道,临时抱佛脚,天天吃,摄影社,家里定时打钱,什么也没带走，但也没白来,卡着铃声冲进去，坐最后一排,看台或树下，看别人动,开黑到凌晨，把气打出去,和朋友：合影、表情包、抓拍
S0708,操场跑道,死磕课本,一周三五次,摄影社,月初土豪，月底吃土,操场的那圈跑道,让室友帮忙占座，自己慢慢来,跑道上，一个人戴着耳机跑,给家里打个电话,吃的：外卖、食堂、探店
S0709,宿舍床上,组团开黑边复习,从不,辩论队,月初土豪，月底吃土,图书馆那张常坐的座位,选了，但没去过几次,器械区随便练练，练完就走,睡一觉，第二天照常,吃的：外卖、食堂、探店
S0710,网吧,临时抱佛脚,天天吃,电竞社,兼职自力更生,什么也没带走，但也没白来,卡着铃声冲进去，坐最后一排,看台或树下，看别人动,开黑到凌晨，把气打出去,和朋友：合影、表情包、抓拍
S0711,食堂窗口,刷往年题,偶尔,志愿者协会,月初土豪，月底吃土,宿舍的那群人,让室友帮忙占座，自己慢慢来,羽毛球乒乓球，约人打,开黑到凌晨，把气打出去,和朋友：合影、表情包、抓拍
S0712,网吧,刷往年题,偶尔,乐队,兼职自力更生,食堂的那个窗口,卡着铃声冲进去，坐最后一排,看台或树下，看别人动,睡一觉，第二天照常,吃的：外卖、食堂、探店
S0713,操场跑道,临时抱佛脚,偶尔,摄影社,月初土豪，月底吃土,什么也没带走，但也没白来,早上根本没课，我的课都在下午,羽毛球乒乓球，约人打,给家里打个电话,运动记录、跑步路线、装备
S0714,图书馆自习室,死磕课本,从不,辩论队,兼职自力更生,操场的那圈跑道,让室友帮忙占座，自己慢慢来,看台或树下，看别人动,给家里打个电话,风景和现场：演出、展览、天空
S0715,宿舍床上,刷往年题,偶尔,志愿者协会,月初土豪，月底吃土,宿舍的那群人,早上根本没课，我的课都在下午,羽毛球乒乓球，约人打,开黑到凌晨，把气打出去,和朋友：合影、表情包、抓拍
S0716,网吧,临时抱佛脚,天天吃,电竞社,月初土豪，月底吃土,操场的那圈跑道,选了，但没去过几次,看台或树下，看别人动,拉朋友出去吃一顿,课件、板书、PPT 截图
S0717,操场跑道,提前两周就复习完了,一周三五次,志愿者协会,兼职自力更生,操场的那圈跑道,卡着铃声冲进去，坐最后一排,跑道上，一个人戴着耳机跑,给家里打个电话,运动记录、跑步路线、装备
S0718,操场跑道,组团开黑边复习,从不,志愿者协会,月初土豪，月底吃土,操场的那圈跑道,提前十分钟到，坐前排,器械区随便练练，练完就走,开黑到凌晨，把气打出去,课件、板书、PPT 截图
S0719,食堂窗口,刷往年题,一周三五次,志愿者协会,兼职自力更生,宿舍的那群人,让室友帮忙占座，自己慢慢来,跑道上，一个人戴着耳机跑,拉朋友出去吃一顿,和朋友：合影、表情包、抓拍
S0720,操场跑道,刷往年题,天天吃,辩论队,家里定时打钱,操场的那圈跑道,提前十分钟到，坐前排,羽毛球乒乓球，约人打,给家里打个电话,风景和现场：演出、展览、天空
S0721,操场跑道,刷往年题,从不,志愿者协会,靠奖学金过日子,操场的那圈跑道,提前十分钟到，坐前排,球场，组队打一场,去操场跑到没力气,吃的：外卖、食堂、探店
S0722,网吧,死磕课本,天天吃,电竞社,月初土豪，月底吃土,食堂的那个窗口,卡着铃声冲进去，坐最后一排,跑道上，一个人戴着耳机跑,给家里打个电话,运动记录、跑步路线、装备
S0723,宿舍床上,组团开黑边复习,偶尔,电竞社,家里定时打钱,宿舍的那群人,卡着铃声冲进去，坐最后一排,羽毛球乒乓球，约人打,睡一觉，第二天照常,风景和现场：演出、展览、天空
S0724,操场跑道,临时抱佛脚,一周三五次,乐队,兼职自力更生,操场的那圈跑道,提前十分钟到，坐前排,球场，组队打一场,开黑到凌晨，把气打出去,运动记录、跑步路线、装备
S0725,宿舍床上,刷往年题,从不,辩论队,靠奖学金过日子,操场的那圈跑道,提前十分钟到，坐前排,看台或树下，看别人动,开黑到凌晨，把气打出去,课件、板书、PPT 截图
S0726,操场跑道,组团开黑边复习,天天吃,电竞社,兼职自力更生,什么也没带走，但也没白来,提前十分钟到，坐前排,羽毛球乒乓球，约人打,给家里打个电话,吃的：外卖、食堂、探店
S0727,宿舍床上,提前两周就复习完了,从不,志愿者协会,兼职自力更生,图书馆那张常坐的座位,让室友帮忙占座，自己慢慢来,羽毛球乒乓球，约人打,睡一觉，第二天照常,运动记录、跑步路线、装备
S0728,图书馆自习室,死磕课本,一周三五次,乐队,兼职自力更生,操场的那圈跑道,早上根本没课，我的课都在下午,球场，组队打一场,睡一觉，第二天照常,风景和现场：演出、展览、天空
S0729,食堂窗口,组团开黑边复习,天天吃,志愿者协会,月初土豪，月底吃土,图书馆那张常坐的座位,早上根本没课，我的课都在下午,球场，组队打一场,开黑到凌晨，把气打出去,风景和现场：演出、展览、天空
S0730,网吧,临时抱佛脚,天天吃,乐队,月初土豪，月底吃土,图书馆那张常坐的座位,早上根本没课，我的课都在下午,球场，组队打一场,拉朋友出去吃一顿,吃的：外卖、食堂、探店
S0731,图书馆自习室,刷往年题,偶尔,辩论队,靠奖学金过日子,图书馆那张常坐的座位,提前十分钟到，坐前排,跑道上，一个人戴着耳机跑,拉朋友出去吃一顿,风景和现场：演出、展览、天空
S0732,网吧,组团开黑边复习,从不,乐队,月初土豪，月底吃土,操场的那圈跑道,提前十分钟到，坐前排,球场，组队打一场,拉朋友出去吃一顿,和朋友：合影、表情包、抓拍
S0733,食堂窗口,刷往年题,一周三五次,志愿者协会,兼职自力更生,宿舍的那群人,卡着铃声冲进去，坐最后一排,看台或树下，看别人动,睡一觉，第二天照常,吃的：外卖、食堂、探店
S0734,图书馆自习室,提前两周就复习完了,天天吃,志愿者协会,月初土豪，月底吃土,食堂的那个窗口,让室友帮忙占座，自己慢慢来,器械区随便练练，练完就走,给家里打个电话,运动记录、跑步路线、装备
S0735,网吧,临时抱佛脚,天天吃,辩论队,月初土豪，月底吃土,什么也没带走，但也没白来,选了，但没去过几次,羽毛球乒乓球，约人打,拉朋友出去吃一顿,和朋友：合影、表情包、抓拍
S0736,食堂窗口,刷往年题,天天吃,乐队,月初土豪，月底吃土,宿舍的那群人,卡着铃声冲进去，坐最后一排,球场，组队打一场,拉朋友出去吃一顿,课件、板书、PPT 截图
S0737,食堂窗口,临时抱佛脚,天天吃,电竞社,月初土豪，月底吃土,食堂的那个窗口,提前十分钟到，坐前排,看台或树下，看别人动,拉朋友出去吃一顿,吃的：外卖、食堂、探店
S0738,网吧,临时抱佛脚,天天吃,辩论队,月初土豪，月底吃土,图书馆那张常坐的座位,选了，但没去过几次,器械区随便练练，练完就走,开黑到凌晨，把气打出去,课件、板书、PPT 截图
S0739,操场跑道,提前两周就复习完了,偶尔,电竞社,兼职自力更生,操场的那圈跑道,让室友帮忙占座，自己慢慢来,球场，组队打一场,去操场跑到没力气,风景和现场：演出、展览、天空
S0740,图书馆自习室,提前两周就复习完了,一周三五次,辩论队,月初土豪，月底吃土,宿舍的那群人,让室友帮忙占座，自己慢慢来,球场，组队打一场,拉朋友出去吃一顿,吃的：外卖、食堂、探店
S0741,宿舍床上,临时抱佛脚,天天吃,电竞社,月初土豪，月底吃土,图书馆那张常坐的座位,提前十分钟到，坐前排,球场，组队打一场,去操场跑到没力气,课件、板书、PPT 截图
S0742,操场跑道,死磕课本,偶尔,志愿者协会,月初土豪，月底吃土,操场的那圈跑道,提前十分钟到，坐前排,球场，组队打一场,给家里打个电话,运动记录、跑步路线、装备
S0743,食堂窗口,提前两周就复习完了,天天吃,电竞社,靠奖学金过日子,食堂的那个窗口,让室友帮忙占座，自己慢慢来,球场，组队打一场,拉朋友出去吃一顿,课件、板书、PPT 截图
S0744,网吧,临时抱佛脚,天天吃,乐队,月初土豪，月底吃土,宿舍的那群人,选了，但没去过几次,看台或树下，看别人动,开黑到凌晨，把气打出去,吃的：外卖、食堂、探店
S0745,网吧,组团开黑边复习,天天吃,电竞社,家里定时打钱,宿舍的那群人,让室友帮忙占座，自己慢慢来,看台或树下，看别人动,拉朋友出去吃一顿,和朋友：合影、表情包、抓拍
S0746,操场跑道,刷往年题,天天吃,摄影社,靠奖学金过日子,什么也没带走，但也没白来,卡着铃声冲进去，坐最后一排,看台或树下，看别人动,睡一觉，第二天照常,和朋友：合影、表情包、抓拍
S0747,食堂窗口,提前两周就复习完了,从不,志愿者协会,靠奖学金过日子,图书馆那张常坐的座位,提前十分钟到，坐前排,跑道上，一个人戴着耳机跑,去操场跑到没力气,吃的：外卖、食堂、探店
S0748,食堂窗口,刷往年题,天天吃,摄影社,家里定时打钱,食堂的那个窗口,早上根本没课，我的课都在下午,看台或树下，看别人动,开黑到凌晨，把气打出去,吃的：外卖、食堂、探店
S0749,宿舍床上,组团开黑边复习,偶尔,辩论队,家里定时打钱,什么也没带走，但也没白来,早上根本没课，我的课都在下午,球场，组队打一场,拉朋友出去吃一顿,和朋友：合影、表情包、抓拍
S0750,网吧,死磕课本,偶尔,电竞社,兼职自力更生,宿舍的那群人,卡着铃声冲进去，坐最后一排,看台或树下，看别人动,睡一觉，第二天照常,运动记录、跑步路线、装备
S0751,操场跑道,提前两周就复习完了,一周三五次,电竞社,月初土豪，月底吃土,宿舍的那群人,提前十分钟到，坐前排,看台或树下，看别人动,拉朋友出去吃一顿,运动记录、跑步路线、装备
S0752,食堂窗口,死磕课本,从不,辩论队,靠奖学金过日子,操场的那圈跑道,卡着铃声冲进去，坐最后一排,球场，组队打一场,睡一觉，第二天照常,吃的：外卖、食堂、探店
S0753,食堂窗口,临时抱佛脚,天天吃,电竞社,月初土豪，月底吃土,食堂的那个窗口,选了，但没去过几次,器械区随便练练，练完就走,睡一觉，第二天照常,和朋友：合影、表情包、抓拍
S0754,食堂窗口,组团开黑边复习,天天吃,辩论队,兼职自力更生,食堂的那个窗口,卡着铃声冲进去，坐最后一排,球场，组队打一场,给家里打个电话,和朋友：合影、表情包、抓拍
S0755,操场跑道,刷往年题,偶尔,电竞社,兼职自力更生,操场的那圈跑道,提前十分钟到，坐前排,羽毛球乒乓球，约人打,去操场跑到没力气,运动记录、跑步路线、装备
S0756,图书馆自习室,死磕课本,一周三五次,摄影社,靠奖学金过日子,图书馆那张常坐的座位,早上根本没课，我的课都在下午,跑道上，一个人戴着耳机跑,开黑到凌晨，把气打出去,吃的：外卖、食堂、探店
S0757,网吧,临时抱佛脚,天天吃,辩论队,靠奖学金过日子,操场的那圈跑道,早上根本没课，我的课都在下午,跑道上，一个人戴着耳机跑,开黑到凌晨，把气打出去,运动记录、跑步路线、装备
S0758,网吧,组团开黑边复习,天天吃,电竞社,兼职自力更生,宿舍的那群人,早上根本没课，我的课都在下午,羽毛球乒乓球，约人打,给家里打个电话,和朋友：合影、表情包、抓拍
S0759,宿舍床上,死磕课本,天天吃,乐队,家里定时打钱,食堂的那个窗口,选了，但没去过几次,球场，组队打一场,给家里打个电话,和朋友：合影、表情包、抓拍
S0760,操场跑道,提前两周就复习完了,从不,志愿者协会,月初土豪，月底吃土,宿舍的那群人,提前十分钟到，坐前排,羽毛球乒乓球，约人打,拉朋友出去吃一顿,运动记录、跑步路线、装备
S0761,操场跑道,刷往年题,偶尔,摄影社,靠奖学金过日子,宿舍的那群人,提前十分钟到，坐前排,球场，组队打一场,睡一觉，第二天照常,风景和现场：演出、展览、天空
S0762,网吧,组团开黑边复习,偶尔,乐队,靠奖学金过日子,操场的那圈跑道,卡着铃声冲进去，坐最后一排,羽毛球乒乓球，约人打,拉朋友出去吃一顿,和朋友：合影、表情包、抓拍
S0763,操场跑道,提前两周就复习完了,偶尔,摄影社,兼职自力更生,操场的那圈跑道,提前十分钟到，坐前排,羽毛球乒乓球，约人打,去操场跑到没力气,运动记录、跑步路线、装备
S0764,图书馆自习室,死磕课本,从不,辩论队,靠奖学金过日子,图书馆那张常坐的座位,让室友帮忙占座，自己慢慢来,看台或树下，看别人动,睡一觉，第二天照常,课件、板书、PPT 截图
S0765,食堂窗口,临时抱佛脚,天天吃,辩论队,家里定时打钱,食堂的那个窗口,选了，但没去过几次,看台或树下，看别人动,拉朋友出去吃一顿,运动记录、跑步路线、装备
S0766,宿舍床上,组团开黑边复习,一周三五次,摄影社,兼职自力更生,操场的那圈跑道,选了，但没去过几次,球场，组队打一场,拉朋友出去吃一顿,和朋友：合影、表情包、抓拍
S0767,操场跑道,临时抱佛脚,偶尔,摄影社,兼职自力更生,操场的那圈跑道,早上根本没课，我的课都在下午,球场，组队打一场,给家里打个电话,和朋友：合影、表情包、抓拍
S0768,操场跑道,死磕课本,从不,乐队,月初土豪，月底吃土,食堂的那个窗口,选了，但没去过几次,器械区随便练练，练完就走,开黑到凌晨，把气打出去,和朋友：合影、表情包、抓拍
S0769,图书馆自习室,刷往年题,天天吃,摄影社,靠奖学金过日子,图书馆那张常坐的座位,卡着铃声冲进去，坐最后一排,羽毛球乒乓球，约人打,拉朋友出去吃一顿,吃的：外卖、食堂、探店
S0770,图书馆自习室,提前两周就复习完了,偶尔,志愿者协会,兼职自力更生,什么也没带走，但也没白来,早上根本没课，我的课都在下午,羽毛球乒乓球，约人打,睡一觉，第二天照常,课件、板书、PPT 截图
S0771,食堂窗口,临时抱佛脚,一周三五次,电竞社,月初土豪，月底吃土,食堂的那个窗口,卡着铃声冲进去，坐最后一排,球场，组队打一场,拉朋友出去吃一顿,和朋友：合影、表情包、抓拍
S0772,图书馆自习室,提前两周就复习完了,从不,摄影社,靠奖学金过日子,宿舍的那群人,提前十分钟到，坐前排,羽毛球乒乓球，约人打,给家里打个电话,课件、板书、PPT 截图
S0773,食堂窗口,组团开黑边复习,天天吃,摄影社,兼职自力更生,宿舍的那群人,卡着铃声冲进去，坐最后一排,羽毛球乒乓球，约人打,拉朋友出去吃一顿,吃的：外卖、食堂、探店
S0774,食堂窗口,刷往年题,天天吃,摄影社,月初土豪，月底吃土,操场的那圈跑道,卡着铃声冲进去，坐最后一排,看台或树下，看别人动,开黑到凌晨，把气打出去,吃的：外卖、食堂、探店
S0775,宿舍床上,组团开黑边复习,一周三五次,乐队,家里定时打钱,操场的那圈跑道,早上根本没课，我的课都在下午,羽毛球乒乓球，约人打,开黑到凌晨，把气打出去,吃的：外卖、食堂、探店
S0776,操场跑道,临时抱佛脚,一周三五次,摄影社,家里定时打钱,什么也没带走，但也没白来,让室友帮忙占座，自己慢慢来,羽毛球乒乓球，约人打,去操场跑到没力气,和朋友：合影、表情包、抓拍
S0777,操场跑道,临时抱佛脚,天天吃,电竞社,月初土豪，月底吃土,什么也没带走，但也没白来,卡着铃声冲进去，坐最后一排,球场，组队打一场,拉朋友出去吃一顿,运动记录、跑步路线、装备
S0778,图书馆自习室,死磕课本,偶尔,摄影社,靠奖学金过日子,食堂的那个窗口,提前十分钟到，坐前排,跑道上，一个人戴着耳机跑,去操场跑到没力气,课件、板书、PPT 截图
S0779,网吧,临时抱佛脚,一周三五次,乐队,月初土豪，月底吃土,宿舍的那群人,选了，但没去过几次,球场，组队打一场,开黑到凌晨，把气打出去,和朋友：合影、表情包、抓拍
S0780,网吧,刷往年题,天天吃,电竞社,兼职自力更生,宿舍的那群人,选了，但没去过几次,球场，组队打一场,拉朋友出去吃一顿,和朋友：合影、表情包、抓拍
S0781,图书馆自习室,刷往年题,偶尔,志愿者协会,靠奖学金过日子,图书馆那张常坐的座位,提前十分钟到，坐前排,球场，组队打一场,给家里打个电话,风景和现场：演出、展览、天空
S0782,图书馆自习室,死磕课本,从不,辩论队,家里定时打钱,图书馆那张常坐的座位,让室友帮忙占座，自己慢慢来,器械区随便练练，练完就走,睡一觉，第二天照常,课件、板书、PPT 截图
S0783,宿舍床上,刷往年题,天天吃,电竞社,月初土豪，月底吃土,食堂的那个窗口,让室友帮忙占座，自己慢慢来,看台或树下，看别人动,开黑到凌晨，把气打出去,和朋友：合影、表情包、抓拍
S0784,宿舍床上,刷往年题,一周三五次,志愿者协会,兼职自力更生,宿舍的那群人,早上根本没课，我的课都在下午,器械区随便练练，练完就走,给家里打个电话,运动记录、跑步路线、装备
S0785,食堂窗口,死磕课本,天天吃,电竞社,月初土豪，月底吃土,操场的那圈跑道,卡着铃声冲进去，坐最后一排,球场，组队打一场,拉朋友出去吃一顿,吃的：外卖、食堂、探店
S0786,操场跑道,组团开黑边复习,偶尔,乐队,兼职自力更生,宿舍的那群人,卡着铃声冲进去，坐最后一排,羽毛球乒乓球，约人打,给家里打个电话,和朋友：合影、表情包、抓拍
S0787,图书馆自习室,死磕课本,从不,志愿者协会,兼职自力更生,宿舍的那群人,卡着铃声冲进去，坐最后一排,看台或树下，看别人动,睡一觉，第二天照常,课件、板书、PPT 截图
S0788,食堂窗口,刷往年题,偶尔,志愿者协会,月初土豪，月底吃土,宿舍的那群人,让室友帮忙占座，自己慢慢来,球场，组队打一场,给家里打个电话,和朋友：合影、表情包、抓拍
S0789,网吧,刷往年题,一周三五次,电竞社,家里定时打钱,宿舍的那群人,选了，但没去过几次,器械区随便练练，练完就走,睡一觉，第二天照常,吃的：外卖、食堂、探店
S0790,网吧,临时抱佛脚,天天吃,辩论队,家里定时打钱,什么也没带走，但也没白来,让室友帮忙占座，自己慢慢来,球场，组队打一场,去操场跑到没力气,和朋友：合影、表情包、抓拍
S0791,食堂窗口,刷往年题,天天吃,电竞社,月初土豪，月底吃土,食堂的那个窗口,选了，但没去过几次,看台或树下，看别人动,拉朋友出去吃一顿,和朋友：合影、表情包、抓拍
S0792,图书馆自习室,提前两周就复习完了,从不,辩论队,靠奖学金过日子,图书馆那张常坐的座位,提前十分钟到，坐前排,羽毛球乒乓球，约人打,睡一觉，第二天照常,课件、板书、PPT 截图
S0793,操场跑道,提前两周就复习完了,偶尔,摄影社,兼职自力更生,操场的那圈跑道,卡着铃声冲进去，坐最后一排,跑道上，一个人戴着耳机跑,睡一觉，第二天照常,运动记录、跑步路线、装备
S0794,网吧,临时抱佛脚,天天吃,乐队,月初土豪，月底吃土,什么也没带走，但也没白来,选了，但没去过几次,看台或树下，看别人动,开黑到凌晨，把气打出去,和朋友：合影、表情包、抓拍
S0795,网吧,组团开黑边复习,天天吃,电竞社,月初土豪，月底吃土,什么也没带走，但也没白来,卡着铃声冲进去，坐最后一排,看台或树下，看别人动,给家里打个电话,吃的：外卖、食堂、探店
S0796,宿舍床上,刷往年题,天天吃,乐队,月初土豪，月底吃土,食堂的那个窗口,让室友帮忙占座，自己慢慢来,球场，组队打一场,给家里打个电话,运动记录、跑步路线、装备
S0797,操场跑道,刷往年题,天天吃,电竞社,兼职自力更生,图书馆那张常坐的座位,选了，但没去过几次,看台或树下，看别人动,拉朋友出去吃一顿,吃的：外卖、食堂、探店
S0798,操场跑道,临时抱佛脚,天天吃,电竞社,月初土豪，月底吃土,宿舍的那群人,选了，但没去过几次,看台或树下，看别人动,开黑到凌晨，把气打出去,运动记录、跑步路线、装备
S0799,网吧,临时抱佛脚,一周三五次,电竞社,月初土豪，月底吃土,食堂的那个窗口,卡着铃声冲进去，坐最后一排,看台或树下，看别人动,睡一觉，第二天照常,运动记录、跑步路线、装备
S0800,操场跑道,死磕课本,一周三五次,电竞社,月初土豪，月底吃土,什么也没带走，但也没白来,早上根本没课，我的课都在下午,跑道上，一个人戴着耳机跑,去操场跑到没力气,风景和现场：演出、展览、天空
S0801,网吧,提前两周就复习完了,从不,乐队,靠奖学金过日子,图书馆那张常坐的座位,早上根本没课，我的课都在下午,看台或树下，看别人动,开黑到凌晨，把气打出去,运动记录、跑步路线、装备
S0802,宿舍床上,临时抱佛脚,一周三五次,乐队,兼职自力更生,图书馆那张常坐的座位,让室友帮忙占座，自己慢慢来,羽毛球乒乓球，约人打,拉朋友出去吃一顿,运动记录、跑步路线、装备
S0803,食堂窗口,提前两周就复习完了,从不,辩论队,靠奖学金过日子,什么也没带走，但也没白来,让室友帮忙占座，自己慢慢来,器械区随便练练，练完就走,去操场跑到没力气,风景和现场：演出、展览、天空
S0804,图书馆自习室,刷往年题,偶尔,乐队,家里定时打钱,宿舍的那群人,早上根本没课，我的课都在下午,看台或树下，看别人动,给家里打个电话,吃的：外卖、食堂、探店
S0805,图书馆自习室,刷往年题,一周三五次,电竞社,月初土豪，月底吃土,食堂的那个窗口,卡着铃声冲进去，坐最后一排,看台或树下，看别人动,拉朋友出去吃一顿,吃的：外卖、食堂、探店
S0806,食堂窗口,临时抱佛脚,天天吃,摄影社,兼职自力更生,操场的那圈跑道,让室友帮忙占座，自己慢慢来,看台或树下，看别人动,给家里打个电话,吃的：外卖、食堂、探店
S0807,宿舍床上,组团开黑边复习,天天吃,电竞社,靠奖学金过日子,操场的那圈跑道,早上根本没课，我的课都在下午,球场，组队打一场,拉朋友出去吃一顿,课件、板书、PPT 截图
S0808,网吧,临时抱佛脚,偶尔,乐队,月初土豪，月底吃土,食堂的那个窗口,早上根本没课，我的课都在下午,看台或树下，看别人动,开黑到凌晨，把气打出去,和朋友：合影、表情包、抓拍
S0809,图书馆自习室,提前两周就复习完了,偶尔,志愿者协会,家里定时打钱,食堂的那个窗口,提前十分钟到，坐前排,跑道上，一个人戴着耳机跑,给家里打个电话,课件、板书、PPT 截图
S0810,食堂窗口,临时抱佛脚,天天吃,电竞社,兼职自力更生,食堂的那个窗口,让室友帮忙占座，自己慢慢来,球场，组队打一场,去操场跑到没力气,吃的：外卖、食堂、探店
S0811,食堂窗口,组团开黑边复习,天天吃,志愿者协会,兼职自力更生,食堂的那个窗口,早上根本没课，我的课都在下午,羽毛球乒乓球，约人打,拉朋友出去吃一顿,吃的：外卖、食堂、探店
S0812,食堂窗口,刷往年题,一周三五次,乐队,月初土豪，月底吃土,什么也没带走，但也没白来,让室友帮忙占座，自己慢慢来,看台或树下，看别人动,开黑到凌晨，把气打出去,和朋友：合影、表情包、抓拍
S0813,网吧,临时抱佛脚,偶尔,志愿者协会,月初土豪，月底吃土,操场的那圈跑道,提前十分钟到，坐前排,看台或树下，看别人动,拉朋友出去吃一顿,风景和现场：演出、展览、天空
S0814,食堂窗口,提前两周就复习完了,一周三五次,乐队,家里定时打钱,图书馆那张常坐的座位,选了，但没去过几次,球场，组队打一场,睡一觉，第二天照常,吃的：外卖、食堂、探店
S0815,宿舍床上,刷往年题,一周三五次,辩论队,靠奖学金过日子,图书馆那张常坐的座位,提前十分钟到，坐前排,器械区随便练练，练完就走,睡一觉，第二天照常,课件、板书、PPT 截图
S0816,图书馆自习室,提前两周就复习完了,从不,乐队,靠奖学金过日子,图书馆那张常坐的座位,提前十分钟到，坐前排,器械区随便练练，练完就走,睡一觉，第二天照常,课件、板书、PPT 截图
S0817,食堂窗口,组团开黑边复习,一周三五次,电竞社,家里定时打钱,食堂的那个窗口,让室友帮忙占座，自己慢慢来,看台或树下，看别人动,拉朋友出去吃一顿,和朋友：合影、表情包、抓拍
S0818,食堂窗口,刷往年题,天天吃,志愿者协会,家里定时打钱,食堂的那个窗口,卡着铃声冲进去，坐最后一排,看台或树下，看别人动,给家里打个电话,吃的：外卖、食堂、探店
S0819,图书馆自习室,提前两周就复习完了,偶尔,乐队,兼职自力更生,图书馆那张常坐的座位,卡着铃声冲进去，坐最后一排,球场，组队打一场,睡一觉，第二天照常,课件、板书、PPT 截图
S0820,图书馆自习室,提前两周就复习完了,偶尔,乐队,靠奖学金过日子,图书馆那张常坐的座位,提前十分钟到，坐前排,看台或树下，看别人动,去操场跑到没力气,课件、板书、PPT 截图
S0821,图书馆自习室,刷往年题,偶尔,志愿者协会,兼职自力更生,图书馆那张常坐的座位,提前十分钟到，坐前排,羽毛球乒乓球，约人打,睡一觉，第二天照常,课件、板书、PPT 截图
S0822,食堂窗口,组团开黑边复习,一周三五次,摄影社,月初土豪，月底吃土,食堂的那个窗口,选了，但没去过几次,球场，组队打一场,给家里打个电话,吃的：外卖、食堂、探店
S0823,网吧,临时抱佛脚,天天吃,电竞社,兼职自力更生,宿舍的那群人,选了，但没去过几次,看台或树下，看别人动,拉朋友出去吃一顿,和朋友：合影、表情包、抓拍
S0824,宿舍床上,组团开黑边复习,天天吃,辩论队,月初土豪，月底吃土,什么也没带走，但也没白来,提前十分钟到，坐前排,跑道上，一个人戴着耳机跑,给家里打个电话,风景和现场：演出、展览、天空
S0825,食堂窗口,临时抱佛脚,一周三五次,乐队,月初土豪，月底吃土,宿舍的那群人,卡着铃声冲进去，坐最后一排,球场，组队打一场,拉朋友出去吃一顿,吃的：外卖、食堂、探店
S0826,食堂窗口,刷往年题,偶尔,志愿者协会,月初土豪，月底吃土,宿舍的那群人,卡着铃声冲进去，坐最后一排,羽毛球乒乓球，约人打,拉朋友出去吃一顿,和朋友：合影、表情包、抓拍
S0827,食堂窗口,组团开黑边复习,一周三五次,辩论队,家里定时打钱,食堂的那个窗口,卡着铃声冲进去，坐最后一排,看台或树下，看别人动,拉朋友出去吃一顿,吃的：外卖、食堂、探店
S0828,网吧,组团开黑边复习,天天吃,志愿者协会,月初土豪，月底吃土,宿舍的那群人,让室友帮忙占座，自己慢慢来,羽毛球乒乓球，约人打,拉朋友出去吃一顿,和朋友：合影、表情包、抓拍
S0829,食堂窗口,死磕课本,从不,乐队,靠奖学金过日子,宿舍的那群人,提前十分钟到，坐前排,跑道上，一个人戴着耳机跑,给家里打个电话,和朋友：合影、表情包、抓拍
S0830,操场跑道,死磕课本,天天吃,志愿者协会,兼职自力更生,宿舍的那群人,卡着铃声冲进去，坐最后一排,跑道上，一个人戴着耳机跑,去操场跑到没力气,运动记录、跑步路线、装备
S0831,图书馆自习室,提前两周就复习完了,偶尔,摄影社,靠奖学金过日子,食堂的那个窗口,选了，但没去过几次,看台或树下，看别人动,去操场跑到没力气,课件、板书、PPT 截图
S0832,网吧,组团开黑边复习,偶尔,电竞社,靠奖学金过日子,图书馆那张常坐的座位,卡着铃声冲进去，坐最后一排,球场，组队打一场,去操场跑到没力气,运动记录、跑步路线、装备
S0833,宿舍床上,提前两周就复习完了,偶尔,辩论队,靠奖学金过日子,食堂的那个窗口,让室友帮忙占座，自己慢慢来,器械区随便练练，练完就走,睡一觉，第二天照常,课件、板书、PPT 截图
S0834,图书馆自习室,提前两周就复习完了,从不,辩论队,靠奖学金过日子,食堂的那个窗口,提前十分钟到，坐前排,跑道上，一个人戴着耳机跑,睡一觉，第二天照常,课件、板书、PPT 截图
S0835,食堂窗口,组团开黑边复习,从不,乐队,月初土豪，月底吃土,操场的那圈跑道,让室友帮忙占座，自己慢慢来,羽毛球乒乓球，约人打,拉朋友出去吃一顿,和朋友：合影、表情包、抓拍
S0836,宿舍床上,组团开黑边复习,天天吃,乐队,月初土豪，月底吃土,食堂的那个窗口,让室友帮忙占座，自己慢慢来,看台或树下，看别人动,给家里打个电话,吃的：外卖、食堂、探店
S0837,宿舍床上,提前两周就复习完了,偶尔,志愿者协会,靠奖学金过日子,图书馆那张常坐的座位,早上根本没课，我的课都在下午,跑道上，一个人戴着耳机跑,给家里打个电话,吃的：外卖、食堂、探店
S0838,网吧,提前两周就复习完了,一周三五次,乐队,靠奖学金过日子,宿舍的那群人,让室友帮忙占座，自己慢慢来,羽毛球乒乓球，约人打,拉朋友出去吃一顿,运动记录、跑步路线、装备
S0839,食堂窗口,临时抱佛脚,一周三五次,志愿者协会,家里定时打钱,操场的那圈跑道,卡着铃声冲进去，坐最后一排,跑道上，一个人戴着耳机跑,睡一觉，第二天照常,吃的：外卖、食堂、探店
S0840,图书馆自习室,临时抱佛脚,天天吃,电竞社,家里定时打钱,食堂的那个窗口,让室友帮忙占座，自己慢慢来,看台或树下，看别人动,给家里打个电话,风景和现场：演出、展览、天空
S0841,操场跑道,提前两周就复习完了,偶尔,志愿者协会,家里定时打钱,操场的那圈跑道,选了，但没去过几次,球场，组队打一场,去操场跑到没力气,运动记录、跑步路线、装备
S0842,图书馆自习室,死磕课本,偶尔,辩论队,家里定时打钱,宿舍的那群人,让室友帮忙占座，自己慢慢来,器械区随便练练，练完就走,给家里打个电话,和朋友：合影、表情包、抓拍
S0843,操场跑道,组团开黑边复习,天天吃,乐队,靠奖学金过日子,宿舍的那群人,让室友帮忙占座，自己慢慢来,球场，组队打一场,拉朋友出去吃一顿,和朋友：合影、表情包、抓拍
S0844,宿舍床上,组团开黑边复习,一周三五次,乐队,家里定时打钱,宿舍的那群人,让室友帮忙占座，自己慢慢来,器械区随便练练，练完就走,开黑到凌晨，把气打出去,吃的：外卖、食堂、探店
S0845,图书馆自习室,死磕课本,天天吃,辩论队,兼职自力更生,食堂的那个窗口,让室友帮忙占座，自己慢慢来,跑道上，一个人戴着耳机跑,给家里打个电话,和朋友：合影、表情包、抓拍
S0846,宿舍床上,临时抱佛脚,天天吃,电竞社,月初土豪，月底吃土,食堂的那个窗口,选了，但没去过几次,看台或树下，看别人动,去操场跑到没力气,和朋友：合影、表情包、抓拍
S0847,操场跑道,组团开黑边复习,天天吃,志愿者协会,月初土豪，月底吃土,什么也没带走，但也没白来,卡着铃声冲进去，坐最后一排,球场，组队打一场,拉朋友出去吃一顿,和朋友：合影、表情包、抓拍
S0848,网吧,死磕课本,天天吃,志愿者协会,月初土豪，月底吃土,宿舍的那群人,卡着铃声冲进去，坐最后一排,羽毛球乒乓球，约人打,开黑到凌晨，把气打出去,和朋友：合影、表情包、抓拍
S0849,食堂窗口,组团开黑边复习,一周三五次,乐队,月初土豪，月底吃土,食堂的那个窗口,让室友帮忙占座，自己慢慢来,羽毛球乒乓球，约人打,拉朋友出去吃一顿,风景和现场：演出、展览、天空
S0850,宿舍床上,组团开黑边复习,偶尔,乐队,兼职自力更生,操场的那圈跑道,提前十分钟到，坐前排,器械区随便练练，练完就走,给家里打个电话,和朋友：合影、表情包、抓拍
S0851,宿舍床上,组团开黑边复习,从不,电竞社,月初土豪，月底吃土,宿舍的那群人,让室友帮忙占座，自己慢慢来,看台或树下，看别人动,拉朋友出去吃一顿,运动记录、跑步路线、装备
S0852,食堂窗口,刷往年题,天天吃,志愿者协会,月初土豪，月底吃土,食堂的那个窗口,早上根本没课，我的课都在下午,球场，组队打一场,给家里打个电话,风景和现场：演出、展览、天空
S0853,食堂窗口,刷往年题,天天吃,电竞社,月初土豪，月底吃土,食堂的那个窗口,卡着铃声冲进去，坐最后一排,球场，组队打一场,拉朋友出去吃一顿,风景和现场：演出、展览、天空
S0854,操场跑道,刷往年题,偶尔,志愿者协会,家里定时打钱,什么也没带走，但也没白来,提前十分钟到，坐前排,跑道上，一个人戴着耳机跑,去操场跑到没力气,课件、板书、PPT 截图
S0855,操场跑道,组团开黑边复习,天天吃,乐队,月初土豪，月底吃土,食堂的那个窗口,让室友帮忙占座，自己慢慢来,球场，组队打一场,去操场跑到没力气,和朋友：合影、表情包、抓拍
S0856,图书馆自习室,刷往年题,从不,乐队,家里定时打钱,什么也没带走，但也没白来,提前十分钟到，坐前排,球场，组队打一场,睡一觉，第二天照常,吃的：外卖、食堂、探店
S0857,食堂窗口,组团开黑边复习,一周三五次,辩论队,月初土豪，月底吃土,宿舍的那群人,早上根本没课，我的课都在下午,看台或树下，看别人动,去操场跑到没力气,和朋友：合影、表情包、抓拍
S0858,网吧,临时抱佛脚,天天吃,摄影社,靠奖学金过日子,图书馆那张常坐的座位,早上根本没课，我的课都在下午,羽毛球乒乓球，约人打,拉朋友出去吃一顿,和朋友：合影、表情包、抓拍
S0859,食堂窗口,组团开黑边复习,偶尔,志愿者协会,月初土豪，月底吃土,食堂的那个窗口,提前十分钟到，坐前排,羽毛球乒乓球，约人打,拉朋友出去吃一顿,和朋友：合影、表情包、抓拍
S0860,操场跑道,提前两周就复习完了,天天吃,志愿者协会,月初土豪，月底吃土,操场的那圈跑道,卡着铃声冲进去，坐最后一排,跑道上，一个人戴着耳机跑,去操场跑到没力气,风景和现场：演出、展览、天空
S0861,食堂窗口,组团开黑边复习,从不,辩论队,月初土豪，月底吃土,什么也没带走，但也没白来,卡着铃声冲进去，坐最后一排,球场，组队打一场,给家里打个电话,吃的：外卖、食堂、探店
S0862,食堂窗口,组团开黑边复习,从不,志愿者协会,月初土豪，月底吃土,什么也没带走，但也没白来,早上根本没课，我的课都在下午,器械区随便练练，练完就走,开黑到凌晨，把气打出去,和朋友：合影、表情包、抓拍
S0863,操场跑道,临时抱佛脚,天天吃,志愿者协会,兼职自力更生,什么也没带走，但也没白来,卡着铃声冲进去，坐最后一排,看台或树下，看别人动,拉朋友出去吃一顿,运动记录、跑步路线、装备
S0864,食堂窗口,组团开黑边复习,偶尔,乐队,月初土豪，月底吃土,食堂的那个窗口,让室友帮忙占座，自己慢慢来,球场，组队打一场,拉朋友出去吃一顿,和朋友：合影、表情包、抓拍
S0865,网吧,组团开黑边复习,天天吃,摄影社,家里定时打钱,宿舍的那群人,提前十分钟到，坐前排,看台或树下，看别人动,拉朋友出去吃一顿,运动记录、跑步路线、装备
S0866,图书馆自习室,提前两周就复习完了,偶尔,辩论队,靠奖学金过日子,图书馆那张常坐的座位,卡着铃声冲进去，坐最后一排,器械区随便练练，练完就走,给家里打个电话,课件、板书、PPT 截图
S0867,图书馆自习室,临时抱佛脚,一周三五次,电竞社,家里定时打钱,什么也没带走，但也没白来,卡着铃声冲进去，坐最后一排,跑道上，一个人戴着耳机跑,开黑到凌晨，把气打出去,和朋友：合影、表情包、抓拍
S0868,操场跑道,组团开黑边复习,一周三五次,乐队,兼职自力更生,操场的那圈跑道,让室友帮忙占座，自己慢慢来,跑道上，一个人戴着耳机跑,给家里打个电话,吃的：外卖、食堂、探店
S0869,网吧,组团开黑边复习,天天吃,辩论队,兼职自力更生,图书馆那张常坐的座位,提前十分钟到，坐前排,器械区随便练练，练完就走,开黑到凌晨，把气打出去,吃的：外卖、食堂、探店
S0870,宿舍床上,组团开黑边复习,一周三五次,志愿者协会,靠奖学金过日子,宿舍的那群人,卡着铃声冲进去，坐最后一排,羽毛球乒乓球，约人打,开黑到凌晨，把气打出去,和朋友：合影、表情包、抓拍
S0871,食堂窗口,组团开黑边复习,一周三五次,电竞社,月初土豪，月底吃土,操场的那圈跑道,让室友帮忙占座，自己慢慢来,看台或树下，看别人动,拉朋友出去吃一顿,吃的：外卖、食堂、探店
S0872,宿舍床上,组团开黑边复习,天天吃,摄影社,月初土豪，月底吃土,食堂的那个窗口,早上根本没课，我的课都在下午,球场，组队打一场,拉朋友出去吃一顿,和朋友：合影、表情包、抓拍
S0873,宿舍床上,组团开黑边复习,一周三五次,志愿者协会,兼职自力更生,操场的那圈跑道,让室友帮忙占座，自己慢慢来,球场，组队打一场,拉朋友出去吃一顿,和朋友：合影、表情包、抓拍
S0874,食堂窗口,提前两周就复习完了,天天吃,摄影社,月初土豪，月底吃土,什么也没带走，但也没白来,选了，但没去过几次,看台或树下，看别人动,拉朋友出去吃一顿,吃的：外卖、食堂、探店
S0875,图书馆自习室,死磕课本,一周三五次,乐队,月初土豪，月底吃土,食堂的那个窗口,卡着铃声冲进去，坐最后一排,羽毛球乒乓球，约人打,拉朋友出去吃一顿,风景和现场：演出、展览、天空
S0876,食堂窗口,临时抱佛脚,一周三五次,电竞社,家里定时打钱,食堂的那个窗口,选了，但没去过几次,跑道上，一个人戴着耳机跑,开黑到凌晨，把气打出去,吃的：外卖、食堂、探店
S0877,宿舍床上,提前两周就复习完了,偶尔,志愿者协会,靠奖学金过日子,图书馆那张常坐的座位,提前十分钟到，坐前排,看台或树下，看别人动,开黑到凌晨，把气打出去,风景和现场：演出、展览、天空
S0878,网吧,组团开黑边复习,一周三五次,电竞社,家里定时打钱,图书馆那张常坐的座位,早上根本没课，我的课都在下午,球场，组队打一场,开黑到凌晨，把气打出去,课件、板书、PPT 截图
S0879,宿舍床上,组团开黑边复习,从不,摄影社,兼职自力更生,操场的那圈跑道,卡着铃声冲进去，坐最后一排,球场，组队打一场,睡一觉，第二天照常,和朋友：合影、表情包、抓拍
S0880,图书馆自习室,死磕课本,偶尔,辩论队,兼职自力更生,操场的那圈跑道,卡着铃声冲进去，坐最后一排,球场，组队打一场,拉朋友出去吃一顿,和朋友：合影、表情包、抓拍
S0881,操场跑道,死磕课本,偶尔,乐队,兼职自力更生,操场的那圈跑道,卡着铃声冲进去，坐最后一排,器械区随便练练，练完就走,去操场跑到没力气,运动记录、跑步路线、装备
S0882,食堂窗口,组团开黑边复习,一周三五次,辩论队,月初土豪，月底吃土,宿舍的那群人,让室友帮忙占座，自己慢慢来,羽毛球乒乓球，约人打,去操场跑到没力气,课件、板书、PPT 截图
S0883,食堂窗口,组团开黑边复习,天天吃,乐队,兼职自力更生,操场的那圈跑道,卡着铃声冲进去，坐最后一排,看台或树下，看别人动,开黑到凌晨，把气打出去,和朋友：合影、表情包、抓拍
S0884,食堂窗口,提前两周就复习完了,天天吃,乐队,月初土豪，月底吃土,食堂的那个窗口,卡着铃声冲进去，坐最后一排,看台或树下，看别人动,开黑到凌晨，把气打出去,吃的：外卖、食堂、探店
S0885,图书馆自习室,组团开黑边复习,一周三五次,志愿者协会,兼职自力更生,操场的那圈跑道,选了，但没去过几次,球场，组队打一场,去操场跑到没力气,和朋友：合影、表情包、抓拍
S0886,操场跑道,刷往年题,一周三五次,摄影社,兼职自力更生,操场的那圈跑道,让室友帮忙占座，自己慢慢来,球场，组队打一场,去操场跑到没力气,运动记录、跑步路线、装备
S0887,网吧,刷往年题,天天吃,乐队,月初土豪，月底吃土,食堂的那个窗口,早上根本没课，我的课都在下午,羽毛球乒乓球，约人打,给家里打个电话,运动记录、跑步路线、装备
S0888,图书馆自习室,刷往年题,一周三五次,电竞社,靠奖学金过日子,食堂的那个窗口,让室友帮忙占座，自己慢慢来,跑道上，一个人戴着耳机跑,拉朋友出去吃一顿,吃的：外卖、食堂、探店
S0889,图书馆自习室,刷往年题,偶尔,志愿者协会,靠奖学金过日子,食堂的那个窗口,提前十分钟到，坐前排,跑道上，一个人戴着耳机跑,给家里打个电话,风景和现场：演出、展览、天空
S0890,网吧,临时抱佛脚,天天吃,电竞社,兼职自力更生,什么也没带走，但也没白来,让室友帮忙占座，自己慢慢来,看台或树下，看别人动,睡一觉，第二天照常,和朋友：合影、表情包、抓拍
S0891,图书馆自习室,组团开黑边复习,天天吃,电竞社,靠奖学金过日子,食堂的那个窗口,提前十分钟到，坐前排,羽毛球乒乓球，约人打,给家里打个电话,和朋友：合影、表情包、抓拍
S0892,宿舍床上,组团开黑边复习,天天吃,电竞社,家里定时打钱,宿舍的那群人,选了，但没去过几次,看台或树下，看别人动,开黑到凌晨，把气打出去,运动记录、跑步路线、装备
S0893,网吧,组团开黑边复习,一周三五次,乐队,月初土豪，月底吃土,宿舍的那群人,选了，但没去过几次,看台或树下，看别人动,开黑到凌晨，把气打出去,和朋友：合影、表情包、抓拍
S0894,操场跑道,组团开黑边复习,从不,辩论队,家里定时打钱,操场的那圈跑道,提前十分钟到，坐前排,器械区随便练练，练完就走,去操场跑到没力气,和朋友：合影、表情包、抓拍
S0895,操场跑道,组团开黑边复习,一周三五次,乐队,家里定时打钱,宿舍的那群人,卡着铃声冲进去，坐最后一排,球场，组队打一场,拉朋友出去吃一顿,和朋友：合影、表情包、抓拍
S0896,食堂窗口,死磕课本,一周三五次,乐队,月初土豪，月底吃土,食堂的那个窗口,选了，但没去过几次,球场，组队打一场,给家里打个电话,风景和现场：演出、展览、天空
S0897,图书馆自习室,刷往年题,一周三五次,辩论队,靠奖学金过日子,宿舍的那群人,让室友帮忙占座，自己慢慢来,球场，组队打一场,睡一觉，第二天照常,课件、板书、PPT 截图
S0898,食堂窗口,组团开黑边复习,偶尔,乐队,月初土豪，月底吃土,宿舍的那群人,提前十分钟到，坐前排,羽毛球乒乓球，约人打,睡一觉，第二天照常,和朋友：合影、表情包、抓拍
S0899,食堂窗口,组团开黑边复习,一周三五次,电竞社,靠奖学金过日子,食堂的那个窗口,卡着铃声冲进去，坐最后一排,球场，组队打一场,开黑到凌晨，把气打出去,课件、板书、PPT 截图
S0900,图书馆自习室,死磕课本,天天吃,摄影社,兼职自力更生,什么也没带走，但也没白来,让室友帮忙占座，自己慢慢来,跑道上，一个人戴着耳机跑,拉朋友出去吃一顿,课件、板书、PPT 截图
S0901,宿舍床上,临时抱佛脚,一周三五次,乐队,兼职自力更生,食堂的那个窗口,卡着铃声冲进去，坐最后一排,羽毛球乒乓球，约人打,开黑到凌晨，把气打出去,和朋友：合影、表情包、抓拍
S0902,图书馆自习室,组团开黑边复习,天天吃,辩论队,兼职自力更生,图书馆那张常坐的座位,选了，但没去过几次,看台或树下，看别人动,给家里打个电话,风景和现场：演出、展览、天空
S0903,操场跑道,组团开黑边复习,天天吃,辩论队,月初土豪，月底吃土,什么也没带走，但也没白来,提前十分钟到，坐前排,羽毛球乒乓球，约人打,给家里打个电话,和朋友：合影、表情包、抓拍
S0904,食堂窗口,临时抱佛脚,一周三五次,辩论队,月初土豪，月底吃土,图书馆那张常坐的座位,选了，但没去过几次,器械区随便练练，练完就走,去操场跑到没力气,运动记录、跑步路线、装备
S0905,宿舍床上,临时抱佛脚,从不,电竞社,月初土豪，月底吃土,食堂的那个窗口,选了，但没去过几次,跑道上，一个人戴着耳机跑,拉朋友出去吃一顿,风景和现场：演出、展览、天空
S0906,图书馆自习室,提前两周就复习完了,从不,志愿者协会,家里定时打钱,图书馆那张常坐的座位,让室友帮忙占座，自己慢慢来,器械区随便练练，练完就走,睡一觉，第二天照常,课件、板书、PPT 截图
S0907,网吧,临时抱佛脚,天天吃,电竞社,月初土豪，月底吃土,宿舍的那群人,早上根本没课，我的课都在下午,跑道上，一个人戴着耳机跑,拉朋友出去吃一顿,和朋友：合影、表情包、抓拍
S0908,图书馆自习室,提前两周就复习完了,偶尔,摄影社,家里定时打钱,图书馆那张常坐的座位,提前十分钟到，坐前排,器械区随便练练，练完就走,睡一觉，第二天照常,运动记录、跑步路线、装备
S0909,网吧,组团开黑边复习,天天吃,乐队,靠奖学金过日子,食堂的那个窗口,卡着铃声冲进去，坐最后一排,羽毛球乒乓球，约人打,睡一觉，第二天照常,吃的：外卖、食堂、探店
S0910,操场跑道,临时抱佛脚,一周三五次,志愿者协会,家里定时打钱,宿舍的那群人,让室友帮忙占座，自己慢慢来,羽毛球乒乓球，约人打,给家里打个电话,吃的：外卖、食堂、探店
S0911,食堂窗口,刷往年题,天天吃,乐队,兼职自力更生,食堂的那个窗口,提前十分钟到，坐前排,看台或树下，看别人动,拉朋友出去吃一顿,吃的：外卖、食堂、探店
S0912,宿舍床上,刷往年题,天天吃,乐队,月初土豪，月底吃土,食堂的那个窗口,早上根本没课，我的课都在下午,羽毛球乒乓球，约人打,开黑到凌晨，把气打出去,运动记录、跑步路线、装备
S0913,网吧,提前两周就复习完了,天天吃,乐队,月初土豪，月底吃土,操场的那圈跑道,让室友帮忙占座，自己慢慢来,看台或树下，看别人动,开黑到凌晨，把气打出去,吃的：外卖、食堂、探店
S0914,食堂窗口,组团开黑边复习,天天吃,志愿者协会,家里定时打钱,图书馆那张常坐的座位,让室友帮忙占座，自己慢慢来,球场，组队打一场,给家里打个电话,吃的：外卖、食堂、探店
S0915,操场跑道,组团开黑边复习,一周三五次,辩论队,月初土豪，月底吃土,食堂的那个窗口,卡着铃声冲进去，坐最后一排,看台或树下，看别人动,去操场跑到没力气,风景和现场：演出、展览、天空
S0916,宿舍床上,组团开黑边复习,一周三五次,辩论队,家里定时打钱,什么也没带走，但也没白来,卡着铃声冲进去，坐最后一排,器械区随便练练，练完就走,去操场跑到没力气,和朋友：合影、表情包、抓拍
S0917,图书馆自习室,死磕课本,一周三五次,电竞社,兼职自力更生,宿舍的那群人,卡着铃声冲进去，坐最后一排,跑道上，一个人戴着耳机跑,睡一觉，第二天照常,运动记录、跑步路线、装备
S0918,操场跑道,死磕课本,一周三五次,电竞社,兼职自力更生,操场的那圈跑道,卡着铃声冲进去，坐最后一排,跑道上，一个人戴着耳机跑,给家里打个电话,和朋友：合影、表情包、抓拍
S0919,图书馆自习室,刷往年题,偶尔,辩论队,靠奖学金过日子,图书馆那张常坐的座位,选了，但没去过几次,跑道上，一个人戴着耳机跑,睡一觉，第二天照常,课件、板书、PPT 截图
S0920,网吧,临时抱佛脚,偶尔,电竞社,月初土豪，月底吃土,什么也没带走，但也没白来,卡着铃声冲进去，坐最后一排,看台或树下，看别人动,开黑到凌晨，把气打出去,风景和现场：演出、展览、天空
S0921,图书馆自习室,组团开黑边复习,从不,志愿者协会,靠奖学金过日子,宿舍的那群人,卡着铃声冲进去，坐最后一排,器械区随便练练，练完就走,睡一觉，第二天照常,课件、板书、PPT 截图
S0922,操场跑道,组团开黑边复习,偶尔,电竞社,兼职自力更生,宿舍的那群人,让室友帮忙占座，自己慢慢来,球场，组队打一场,开黑到凌晨，把气打出去,和朋友：合影、表情包、抓拍
S0923,宿舍床上,组团开黑边复习,天天吃,摄影社,靠奖学金过日子,食堂的那个窗口,卡着铃声冲进去，坐最后一排,羽毛球乒乓球，约人打,睡一觉，第二天照常,吃的：外卖、食堂、探店
S0924,网吧,临时抱佛脚,天天吃,摄影社,兼职自力更生,食堂的那个窗口,提前十分钟到，坐前排,羽毛球乒乓球，约人打,给家里打个电话,吃的：外卖、食堂、探店
S0925,操场跑道,刷往年题,偶尔,摄影社,家里定时打钱,什么也没带走，但也没白来,卡着铃声冲进去，坐最后一排,球场，组队打一场,睡一觉，第二天照常,运动记录、跑步路线、装备
S0926,图书馆自习室,死磕课本,偶尔,辩论队,靠奖学金过日子,图书馆那张常坐的座位,提前十分钟到，坐前排,器械区随便练练，练完就走,拉朋友出去吃一顿,课件、板书、PPT 截图
S0927,宿舍床上,死磕课本,从不,辩论队,靠奖学金过日子,操场的那圈跑道,提前十分钟到，坐前排,跑道上，一个人戴着耳机跑,睡一觉，第二天照常,课件、板书、PPT 截图
S0928,网吧,刷往年题,偶尔,摄影社,月初土豪，月底吃土,食堂的那个窗口,卡着铃声冲进去，坐最后一排,球场，组队打一场,睡一觉，第二天照常,吃的：外卖、食堂、探店
S0929,图书馆自习室,刷往年题,从不,辩论队,家里定时打钱,图书馆那张常坐的座位,提前十分钟到，坐前排,器械区随便练练，练完就走,给家里打个电话,课件、板书、PPT 截图
S0930,食堂窗口,提前两周就复习完了,天天吃,辩论队,兼职自力更生,食堂的那个窗口,早上根本没课，我的课都在下午,羽毛球乒乓球，约人打,睡一觉，第二天照常,吃的：外卖、食堂、探店
S0931,图书馆自习室,死磕课本,从不,志愿者协会,兼职自力更生,什么也没带走，但也没白来,早上根本没课，我的课都在下午,看台或树下，看别人动,睡一觉，第二天照常,课件、板书、PPT 截图
S0932,宿舍床上,组团开黑边复习,一周三五次,乐队,兼职自力更生,宿舍的那群人,提前十分钟到，坐前排,器械区随便练练，练完就走,开黑到凌晨，把气打出去,运动记录、跑步路线、装备
S0933,宿舍床上,提前两周就复习完了,一周三五次,乐队,月初土豪，月底吃土,宿舍的那群人,卡着铃声冲进去，坐最后一排,看台或树下，看别人动,拉朋友出去吃一顿,风景和现场：演出、展览、天空
S0934,食堂窗口,组团开黑边复习,天天吃,志愿者协会,月初土豪，月底吃土,食堂的那个窗口,卡着铃声冲进去，坐最后一排,羽毛球乒乓球，约人打,给家里打个电话,风景和现场：演出、展览、天空
S0935,图书馆自习室,死磕课本,一周三五次,志愿者协会,靠奖学金过日子,宿舍的那群人,提前十分钟到，坐前排,球场，组队打一场,开黑到凌晨，把气打出去,运动记录、跑步路线、装备
S0936,食堂窗口,死磕课本,一周三五次,乐队,月初土豪，月底吃土,食堂的那个窗口,早上根本没课，我的课都在下午,球场，组队打一场,睡一觉，第二天照常,吃的：外卖、食堂、探店
S0937,操场跑道,组团开黑边复习,一周三五次,辩论队,兼职自力更生,食堂的那个窗口,让室友帮忙占座，自己慢慢来,看台或树下，看别人动,拉朋友出去吃一顿,和朋友：合影、表情包、抓拍
S0938,宿舍床上,组团开黑边复习,天天吃,乐队,家里定时打钱,图书馆那张常坐的座位,让室友帮忙占座，自己慢慢来,看台或树下，看别人动,拉朋友出去吃一顿,吃的：外卖、食堂、探店
S0939,图书馆自习室,刷往年题,天天吃,志愿者协会,月初土豪，月底吃土,食堂的那个窗口,提前十分钟到，坐前排,球场，组队打一场,拉朋友出去吃一顿,和朋友：合影、表情包、抓拍
S0940,网吧,死磕课本,偶尔,电竞社,月初土豪，月底吃土,食堂的那个窗口,选了，但没去过几次,羽毛球乒乓球，约人打,开黑到凌晨，把气打出去,运动记录、跑步路线、装备
S0941,网吧,提前两周就复习完了,一周三五次,乐队,月初土豪，月底吃土,什么也没带走，但也没白来,卡着铃声冲进去，坐最后一排,球场，组队打一场,睡一觉，第二天照常,风景和现场：演出、展览、天空
S0942,网吧,提前两周就复习完了,偶尔,电竞社,月初土豪，月底吃土,操场的那圈跑道,让室友帮忙占座，自己慢慢来,看台或树下，看别人动,拉朋友出去吃一顿,和朋友：合影、表情包、抓拍
S0943,图书馆自习室,临时抱佛脚,天天吃,乐队,家里定时打钱,宿舍的那群人,选了，但没去过几次,看台或树下，看别人动,开黑到凌晨，把气打出去,吃的：外卖、食堂、探店
S0944,网吧,临时抱佛脚,一周三五次,辩论队,家里定时打钱,宿舍的那群人,让室友帮忙占座，自己慢慢来,羽毛球乒乓球，约人打,给家里打个电话,和朋友：合影、表情包、抓拍
S0945,网吧,刷往年题,天天吃,辩论队,月初土豪，月底吃土,宿舍的那群人,选了，但没去过几次,球场，组队打一场,开黑到凌晨，把气打出去,吃的：外卖、食堂、探店
S0946,食堂窗口,死磕课本,天天吃,电竞社,兼职自力更生,食堂的那个窗口,让室友帮忙占座，自己慢慢来,羽毛球乒乓球，约人打,拉朋友出去吃一顿,和朋友：合影、表情包、抓拍
S0947,网吧,临时抱佛脚,一周三五次,辩论队,月初土豪，月底吃土,操场的那圈跑道,早上根本没课，我的课都在下午,羽毛球乒乓球，约人打,开黑到凌晨，把气打出去,和朋友：合影、表情包、抓拍
S0948,宿舍床上,临时抱佛脚,从不,乐队,月初土豪，月底吃土,宿舍的那群人,让室友帮忙占座，自己慢慢来,羽毛球乒乓球，约人打,开黑到凌晨，把气打出去,吃的：外卖、食堂、探店
S0949,网吧,组团开黑边复习,天天吃,志愿者协会,月初土豪，月底吃土,食堂的那个窗口,早上根本没课，我的课都在下午,羽毛球乒乓球，约人打,给家里打个电话,和朋友：合影、表情包、抓拍
S0950,操场跑道,刷往年题,天天吃,摄影社,月初土豪，月底吃土,操场的那圈跑道,卡着铃声冲进去，坐最后一排,羽毛球乒乓球，约人打,给家里打个电话,和朋友：合影、表情包、抓拍
S0951,宿舍床上,组团开黑边复习,天天吃,乐队,兼职自力更生,宿舍的那群人,卡着铃声冲进去，坐最后一排,跑道上，一个人戴着耳机跑,给家里打个电话,吃的：外卖、食堂、探店
S0952,食堂窗口,组团开黑边复习,天天吃,志愿者协会,家里定时打钱,食堂的那个窗口,让室友帮忙占座，自己慢慢来,羽毛球乒乓球，约人打,拉朋友出去吃一顿,和朋友：合影、表情包、抓拍
S0953,宿舍床上,组团开黑边复习,一周三五次,摄影社,兼职自力更生,什么也没带走，但也没白来,选了，但没去过几次,球场，组队打一场,睡一觉，第二天照常,吃的：外卖、食堂、探店
S0954,网吧,临时抱佛脚,偶尔,志愿者协会,靠奖学金过日子,食堂的那个窗口,让室友帮忙占座，自己慢慢来,羽毛球乒乓球，约人打,睡一觉，第二天照常,和朋友：合影、表情包、抓拍
S0955,食堂窗口,刷往年题,一周三五次,辩论队,月初土豪，月底吃土,宿舍的那群人,让室友帮忙占座，自己慢慢来,羽毛球乒乓球，约人打,开黑到凌晨，把气打出去,风景和现场：演出、展览、天空
S0956,食堂窗口,组团开黑边复习,天天吃,辩论队,月初土豪，月底吃土,宿舍的那群人,早上根本没课，我的课都在下午,羽毛球乒乓球，约人打,拉朋友出去吃一顿,和朋友：合影、表情包、抓拍
S0957,食堂窗口,组团开黑边复习,天天吃,乐队,家里定时打钱,食堂的那个窗口,选了，但没去过几次,球场，组队打一场,给家里打个电话,风景和现场：演出、展览、天空
S0958,食堂窗口,死磕课本,天天吃,电竞社,靠奖学金过日子,什么也没带走，但也没白来,卡着铃声冲进去，坐最后一排,羽毛球乒乓球，约人打,给家里打个电话,风景和现场：演出、展览、天空
S0959,操场跑道,提前两周就复习完了,偶尔,乐队,兼职自力更生,操场的那圈跑道,让室友帮忙占座，自己慢慢来,羽毛球乒乓球，约人打,睡一觉，第二天照常,运动记录、跑步路线、装备
S0960,图书馆自习室,刷往年题,偶尔,摄影社,月初土豪，月底吃土,操场的那圈跑道,让室友帮忙占座，自己慢慢来,看台或树下，看别人动,拉朋友出去吃一顿,和朋友：合影、表情包、抓拍
S0961,操场跑道,死磕课本,从不,辩论队,家里定时打钱,操场的那圈跑道,让室友帮忙占座，自己慢慢来,球场，组队打一场,去操场跑到没力气,运动记录、跑步路线、装备
S0962,食堂窗口,组团开黑边复习,一周三五次,电竞社,月初土豪，月底吃土,宿舍的那群人,早上根本没课，我的课都在下午,看台或树下，看别人动,开黑到凌晨，把气打出去,吃的：外卖、食堂、探店
S0963,网吧,临时抱佛脚,天天吃,乐队,兼职自力更生,什么也没带走，但也没白来,早上根本没课，我的课都在下午,球场，组队打一场,去操场跑到没力气,风景和现场：演出、展览、天空
S0964,宿舍床上,组团开黑边复习,天天吃,电竞社,家里定时打钱,什么也没带走，但也没白来,选了，但没去过几次,器械区随便练练，练完就走,睡一觉，第二天照常,和朋友：合影、表情包、抓拍
S0965,操场跑道,刷往年题,偶尔,志愿者协会,靠奖学金过日子,操场的那圈跑道,提前十分钟到，坐前排,球场，组队打一场,去操场跑到没力气,运动记录、跑步路线、装备
S0966,网吧,刷往年题,天天吃,电竞社,月初土豪，月底吃土,图书馆那张常坐的座位,卡着铃声冲进去，坐最后一排,跑道上，一个人戴着耳机跑,开黑到凌晨，把气打出去,课件、板书、PPT 截图
S0967,宿舍床上,刷往年题,天天吃,乐队,兼职自力更生,食堂的那个窗口,卡着铃声冲进去，坐最后一排,跑道上，一个人戴着耳机跑,拉朋友出去吃一顿,风景和现场：演出、展览、天空
S0968,食堂窗口,刷往年题,从不,辩论队,家里定时打钱,操场的那圈跑道,让室友帮忙占座，自己慢慢来,器械区随便练练，练完就走,开黑到凌晨，把气打出去,运动记录、跑步路线、装备
S0969,图书馆自习室,死磕课本,偶尔,辩论队,靠奖学金过日子,图书馆那张常坐的座位,卡着铃声冲进去，坐最后一排,器械区随便练练，练完就走,拉朋友出去吃一顿,课件、板书、PPT 截图
S0970,网吧,组团开黑边复习,偶尔,志愿者协会,家里定时打钱,宿舍的那群人,卡着铃声冲进去，坐最后一排,看台或树下，看别人动,去操场跑到没力气,和朋友：合影、表情包、抓拍
S0971,图书馆自习室,组团开黑边复习,偶尔,摄影社,兼职自力更生,操场的那圈跑道,卡着铃声冲进去，坐最后一排,羽毛球乒乓球，约人打,给家里打个电话,风景和现场：演出、展览、天空
S0972,宿舍床上,提前两周就复习完了,偶尔,辩论队,靠奖学金过日子,什么也没带走，但也没白来,提前十分钟到，坐前排,球场，组队打一场,睡一觉，第二天照常,课件、板书、PPT 截图
S0973,网吧,提前两周就复习完了,从不,辩论队,靠奖学金过日子,什么也没带走，但也没白来,卡着铃声冲进去，坐最后一排,跑道上，一个人戴着耳机跑,给家里打个电话,风景和现场：演出、展览、天空
S0974,操场跑道,组团开黑边复习,一周三五次,摄影社,兼职自力更生,食堂的那个窗口,卡着铃声冲进去，坐最后一排,羽毛球乒乓球，约人打,拉朋友出去吃一顿,课件、板书、PPT 截图
S0975,图书馆自习室,提前两周就复习完了,偶尔,乐队,兼职自力更生,宿舍的那群人,早上根本没课，我的课都在下午,看台或树下，看别人动,睡一觉，第二天照常,课件、板书、PPT 截图
S0976,网吧,组团开黑边复习,天天吃,摄影社,兼职自力更生,图书馆那张常坐的座位,选了，但没去过几次,球场，组队打一场,拉朋友出去吃一顿,和朋友：合影、表情包、抓拍
S0977,宿舍床上,临时抱佛脚,天天吃,摄影社,月初土豪，月底吃土,宿舍的那群人,卡着铃声冲进去，坐最后一排,球场，组队打一场,开黑到凌晨，把气打出去,风景和现场：演出、展览、天空
S0978,网吧,组团开黑边复习,天天吃,乐队,家里定时打钱,什么也没带走，但也没白来,早上根本没课，我的课都在下午,羽毛球乒乓球，约人打,拉朋友出去吃一顿,和朋友：合影、表情包、抓拍
S0979,宿舍床上,组团开黑边复习,天天吃,乐队,兼职自力更生,食堂的那个窗口,提前十分钟到，坐前排,跑道上，一个人戴着耳机跑,睡一觉，第二天照常,吃的：外卖、食堂、探店
S0980,网吧,组团开黑边复习,一周三五次,摄影社,家里定时打钱,什么也没带走，但也没白来,选了，但没去过几次,看台或树下，看别人动,开黑到凌晨，把气打出去,风景和现场：演出、展览、天空
S0981,网吧,刷往年题,偶尔,电竞社,家里定时打钱,宿舍的那群人,卡着铃声冲进去，坐最后一排,器械区随便练练，练完就走,拉朋友出去吃一顿,和朋友：合影、表情包、抓拍
S0982,图书馆自习室,提前两周就复习完了,从不,摄影社,家里定时打钱,图书馆那张常坐的座位,提前十分钟到，坐前排,球场，组队打一场,睡一觉，第二天照常,运动记录、跑步路线、装备
S0983,食堂窗口,组团开黑边复习,偶尔,乐队,靠奖学金过日子,宿舍的那群人,提前十分钟到，坐前排,球场，组队打一场,开黑到凌晨，把气打出去,课件、板书、PPT 截图
S0984,食堂窗口,刷往年题,天天吃,乐队,月初土豪，月底吃土,食堂的那个窗口,卡着铃声冲进去，坐最后一排,器械区随便练练，练完就走,给家里打个电话,吃的：外卖、食堂、探店
S0985,宿舍床上,临时抱佛脚,天天吃,电竞社,月初土豪，月底吃土,操场的那圈跑道,早上根本没课，我的课都在下午,器械区随便练练，练完就走,睡一觉，第二天照常,吃的：外卖、食堂、探店
S0986,食堂窗口,组团开黑边复习,天天吃,志愿者协会,兼职自力更生,宿舍的那群人,让室友帮忙占座，自己慢慢来,看台或树下，看别人动,睡一觉，第二天照常,和朋友：合影、表情包、抓拍
S0987,食堂窗口,刷往年题,从不,乐队,月初土豪，月底吃土,食堂的那个窗口,选了，但没去过几次,看台或树下，看别人动,给家里打个电话,和朋友：合影、表情包、抓拍
S0988,网吧,临时抱佛脚,一周三五次,志愿者协会,月初土豪，月底吃土,什么也没带走，但也没白来,选了，但没去过几次,羽毛球乒乓球，约人打,开黑到凌晨，把气打出去,运动记录、跑步路线、装备
S0989,网吧,刷往年题,一周三五次,辩论队,兼职自力更生,食堂的那个窗口,选了，但没去过几次,羽毛球乒乓球，约人打,开黑到凌晨，把气打出去,吃的：外卖、食堂、探店
S0990,图书馆自习室,死磕课本,从不,志愿者协会,靠奖学金过日子,什么也没带走，但也没白来,让室友帮忙占座，自己慢慢来,跑道上，一个人戴着耳机跑,睡一觉，第二天照常,课件、板书、PPT 截图
S0991,网吧,刷往年题,天天吃,摄影社,家里定时打钱,什么也没带走，但也没白来,早上根本没课，我的课都在下午,看台或树下，看别人动,睡一觉，第二天照常,和朋友：合影、表情包、抓拍
S0992,网吧,组团开黑边复习,从不,志愿者协会,家里定时打钱,操场的那圈跑道,选了，但没去过几次,器械区随便练练，练完就走,睡一觉，第二天照常,风景和现场：演出、展览、天空
S0993,图书馆自习室,刷往年题,偶尔,志愿者协会,靠奖学金过日子,图书馆那张常坐的座位,提前十分钟到，坐前排,器械区随便练练，练完就走,睡一觉，第二天照常,风景和现场：演出、展览、天空
S0994,图书馆自习室,刷往年题,从不,乐队,家里定时打钱,图书馆那张常坐的座位,提前十分钟到，坐前排,器械区随便练练，练完就走,去操场跑到没力气,风景和现场：演出、展览、天空
S0995,操场跑道,临时抱佛脚,从不,摄影社,兼职自力更生,图书馆那张常坐的座位,卡着铃声冲进去，坐最后一排,看台或树下，看别人动,拉朋友出去吃一顿,运动记录、跑步路线、装备
S0996,图书馆自习室,提前两周就复习完了,天天吃,辩论队,靠奖学金过日子,图书馆那张常坐的座位,提前十分钟到，坐前排,跑道上，一个人戴着耳机跑,给家里打个电话,吃的：外卖、食堂、探店
S0997,网吧,临时抱佛脚,偶尔,志愿者协会,兼职自力更生,宿舍的那群人,卡着铃声冲进去，坐最后一排,羽毛球乒乓球，约人打,拉朋友出去吃一顿,吃的：外卖、食堂、探店
S0998,食堂窗口,组团开黑边复习,从不,乐队,家里定时打钱,食堂的那个窗口,让室友帮忙占座，自己慢慢来,看台或树下，看别人动,拉朋友出去吃一顿,吃的：外卖、食堂、探店
S0999,网吧,刷往年题,天天吃,摄影社,月初土豪，月底吃土,什么也没带走，但也没白来,选了，但没去过几次,羽毛球乒乓球，约人打,给家里打个电话,风景和现场：演出、展览、天空
S1000,图书馆自习室,组团开黑边复习,一周三五次,志愿者协会,靠奖学金过日子,宿舍的那群人,提前十分钟到，坐前排,球场，组队打一场,拉朋友出去吃一顿,课件、板书、PPT 截图
S1001,食堂窗口,临时抱佛脚,偶尔,摄影社,月初土豪，月底吃土,图书馆那张常坐的座位,选了，但没去过几次,器械区随便练练，练完就走,给家里打个电话,吃的：外卖、食堂、探店
S1002,操场跑道,提前两周就复习完了,偶尔,辩论队,兼职自力更生,什么也没带走，但也没白来,早上根本没课，我的课都在下午,跑道上，一个人戴着耳机跑,给家里打个电话,运动记录、跑步路线、装备
S1003,食堂窗口,死磕课本,天天吃,乐队,兼职自力更生,食堂的那个窗口,提前十分钟到，坐前排,羽毛球乒乓球，约人打,拉朋友出去吃一顿,吃的：外卖、食堂、探店
S1004,图书馆自习室,提前两周就复习完了,偶尔,辩论队,家里定时打钱,图书馆那张常坐的座位,提前十分钟到，坐前排,器械区随便练练，练完就走,给家里打个电话,课件、板书、PPT 截图
S1005,食堂窗口,组团开黑边复习,一周三五次,电竞社,兼职自力更生,什么也没带走，但也没白来,提前十分钟到，坐前排,球场，组队打一场,拉朋友出去吃一顿,和朋友：合影、表情包、抓拍
S1006,图书馆自习室,刷往年题,一周三五次,摄影社,月初土豪，月底吃土,宿舍的那群人,选了，但没去过几次,球场，组队打一场,睡一觉，第二天照常,运动记录、跑步路线、装备
S1007,宿舍床上,死磕课本,天天吃,摄影社,月初土豪，月底吃土,图书馆那张常坐的座位,选了，但没去过几次,跑道上，一个人戴着耳机跑,拉朋友出去吃一顿,吃的：外卖、食堂、探店
S1008,图书馆自习室,死磕课本,一周三五次,摄影社,家里定时打钱,图书馆那张常坐的座位,提前十分钟到，坐前排,看台或树下，看别人动,睡一觉，第二天照常,课件、板书、PPT 截图
S1009,图书馆自习室,提前两周就复习完了,偶尔,摄影社,靠奖学金过日子,图书馆那张常坐的座位,卡着铃声冲进去，坐最后一排,球场，组队打一场,给家里打个电话,吃的：外卖、食堂、探店
S1010,网吧,组团开黑边复习,天天吃,乐队,月初土豪，月底吃土,食堂的那个窗口,让室友帮忙占座，自己慢慢来,看台或树下，看别人动,开黑到凌晨，把气打出去,和朋友：合影、表情包、抓拍
S1011,网吧,提前两周就复习完了,天天吃,电竞社,家里定时打钱,操场的那圈跑道,让室友帮忙占座，自己慢慢来,羽毛球乒乓球，约人打,给家里打个电话,和朋友：合影、表情包、抓拍
S1012,图书馆自习室,刷往年题,一周三五次,摄影社,靠奖学金过日子,什么也没带走，但也没白来,早上根本没课，我的课都在下午,跑道上，一个人戴着耳机跑,去操场跑到没力气,课件、板书、PPT 截图
S1013,图书馆自习室,临时抱佛脚,从不,辩论队,靠奖学金过日子,图书馆那张常坐的座位,提前十分钟到，坐前排,跑道上，一个人戴着耳机跑,睡一觉，第二天照常,运动记录、跑步路线、装备
S1014,操场跑道,刷往年题,从不,志愿者协会,家里定时打钱,操场的那圈跑道,提前十分钟到，坐前排,跑道上，一个人戴着耳机跑,去操场跑到没力气,运动记录、跑步路线、装备
S1015,图书馆自习室,提前两周就复习完了,一周三五次,摄影社,月初土豪，月底吃土,图书馆那张常坐的座位,早上根本没课，我的课都在下午,看台或树下，看别人动,开黑到凌晨，把气打出去,运动记录、跑步路线、装备
S1016,宿舍床上,组团开黑边复习,天天吃,摄影社,家里定时打钱,宿舍的那群人,让室友帮忙占座，自己慢慢来,球场，组队打一场,给家里打个电话,课件、板书、PPT 截图
S1017,操场跑道,刷往年题,天天吃,志愿者协会,兼职自力更生,操场的那圈跑道,提前十分钟到，坐前排,羽毛球乒乓球，约人打,给家里打个电话,运动记录、跑步路线、装备
S1018,食堂窗口,刷往年题,偶尔,乐队,兼职自力更生,宿舍的那群人,让室友帮忙占座，自己慢慢来,看台或树下，看别人动,给家里打个电话,和朋友：合影、表情包、抓拍
S1019,宿舍床上,临时抱佛脚,天天吃,电竞社,月初土豪，月底吃土,食堂的那个窗口,卡着铃声冲进去，坐最后一排,看台或树下，看别人动,给家里打个电话,和朋友：合影、表情包、抓拍
S1020,网吧,临时抱佛脚,天天吃,电竞社,月初土豪，月底吃土,什么也没带走，但也没白来,卡着铃声冲进去，坐最后一排,看台或树下，看别人动,拉朋友出去吃一顿,和朋友：合影、表情包、抓拍
S1021,网吧,临时抱佛脚,天天吃,电竞社,靠奖学金过日子,什么也没带走，但也没白来,早上根本没课，我的课都在下午,器械区随便练练，练完就走,拉朋友出去吃一顿,和朋友：合影、表情包、抓拍
S1022,操场跑道,组团开黑边复习,天天吃,电竞社,月初土豪，月底吃土,宿舍的那群人,选了，但没去过几次,球场，组队打一场,拉朋友出去吃一顿,和朋友：合影、表情包、抓拍
S1023,宿舍床上,死磕课本,天天吃,摄影社,月初土豪，月底吃土,操场的那圈跑道,提前十分钟到，坐前排,跑道上，一个人戴着耳机跑,去操场跑到没力气,和朋友：合影、表情包、抓拍
S1024,食堂窗口,死磕课本,天天吃,摄影社,月初土豪，月底吃土,食堂的那个窗口,选了，但没去过几次,看台或树下，看别人动,给家里打个电话,吃的：外卖、食堂、探店
S1025,操场跑道,死磕课本,天天吃,乐队,月初土豪，月底吃土,宿舍的那群人,卡着铃声冲进去，坐最后一排,看台或树下，看别人动,拉朋友出去吃一顿,和朋友：合影、表情包、抓拍
S1026,宿舍床上,死磕课本,偶尔,摄影社,家里定时打钱,宿舍的那群人,提前十分钟到，坐前排,看台或树下，看别人动,给家里打个电话,课件、板书、PPT 截图
S1027,食堂窗口,组团开黑边复习,天天吃,乐队,月初土豪，月底吃土,食堂的那个窗口,提前十分钟到，坐前排,器械区随便练练，练完就走,拉朋友出去吃一顿,吃的：外卖、食堂、探店
S1028,网吧,临时抱佛脚,一周三五次,摄影社,兼职自力更生,宿舍的那群人,早上根本没课，我的课都在下午,看台或树下，看别人动,睡一觉，第二天照常,吃的：外卖、食堂、探店
S1029,网吧,组团开黑边复习,从不,电竞社,兼职自力更生,什么也没带走，但也没白来,选了，但没去过几次,跑道上，一个人戴着耳机跑,开黑到凌晨，把气打出去,吃的：外卖、食堂、探店
S1030,宿舍床上,组团开黑边复习,一周三五次,乐队,月初土豪，月底吃土,图书馆那张常坐的座位,卡着铃声冲进去，坐最后一排,看台或树下，看别人动,开黑到凌晨，把气打出去,和朋友：合影、表情包、抓拍
S1031,操场跑道,死磕课本,一周三五次,志愿者协会,靠奖学金过日子,宿舍的那群人,让室友帮忙占座，自己慢慢来,跑道上，一个人戴着耳机跑,睡一觉，第二天照常,风景和现场：演出、展览、天空
S1032,操场跑道,刷往年题,天天吃,辩论队,兼职自力更生,操场的那圈跑道,提前十分钟到，坐前排,球场，组队打一场,开黑到凌晨，把气打出去,风景和现场：演出、展览、天空
S1033,食堂窗口,刷往年题,天天吃,乐队,月初土豪，月底吃土,食堂的那个窗口,早上根本没课，我的课都在下午,看台或树下，看别人动,拉朋友出去吃一顿,吃的：外卖、食堂、探店
S1034,食堂窗口,组团开黑边复习,天天吃,摄影社,兼职自力更生,食堂的那个窗口,早上根本没课，我的课都在下午,羽毛球乒乓球，约人打,拉朋友出去吃一顿,和朋友：合影、表情包、抓拍
S1035,食堂窗口,刷往年题,天天吃,乐队,月初土豪，月底吃土,什么也没带走，但也没白来,让室友帮忙占座，自己慢慢来,羽毛球乒乓球，约人打,睡一觉，第二天照常,课件、板书、PPT 截图
S1036,食堂窗口,临时抱佛脚,天天吃,辩论队,月初土豪，月底吃土,什么也没带走，但也没白来,选了，但没去过几次,羽毛球乒乓球，约人打,开黑到凌晨，把气打出去,吃的：外卖、食堂、探店
S1037,图书馆自习室,提前两周就复习完了,天天吃,摄影社,兼职自力更生,图书馆那张常坐的座位,让室友帮忙占座，自己慢慢来,跑道上，一个人戴着耳机跑,给家里打个电话,课件、板书、PPT 截图
S1038,操场跑道,刷往年题,一周三五次,摄影社,兼职自力更生,操场的那圈跑道,早上根本没课，我的课都在下午,器械区随便练练，练完就走,拉朋友出去吃一顿,运动记录、跑步路线、装备
S1039,食堂窗口,刷往年题,偶尔,电竞社,家里定时打钱,食堂的那个窗口,让室友帮忙占座，自己慢慢来,羽毛球乒乓球，约人打,睡一觉，第二天照常,和朋友：合影、表情包、抓拍
S1040,宿舍床上,刷往年题,偶尔,摄影社,兼职自力更生,操场的那圈跑道,早上根本没课，我的课都在下午,看台或树下，看别人动,睡一觉，第二天照常,吃的：外卖、食堂、探店
S1041,宿舍床上,刷往年题,天天吃,电竞社,家里定时打钱,操场的那圈跑道,提前十分钟到，坐前排,球场，组队打一场,去操场跑到没力气,运动记录、跑步路线、装备
S1042,图书馆自习室,提前两周就复习完了,偶尔,电竞社,靠奖学金过日子,图书馆那张常坐的座位,卡着铃声冲进去，坐最后一排,看台或树下，看别人动,给家里打个电话,课件、板书、PPT 截图
S1043,网吧,死磕课本,一周三五次,摄影社,家里定时打钱,食堂的那个窗口,提前十分钟到，坐前排,器械区随便练练，练完就走,睡一觉，第二天照常,课件、板书、PPT 截图
S1044,操场跑道,组团开黑边复习,一周三五次,电竞社,月初土豪，月底吃土,宿舍的那群人,卡着铃声冲进去，坐最后一排,跑道上，一个人戴着耳机跑,给家里打个电话,和朋友：合影、表情包、抓拍
S1045,图书馆自习室,提前两周就复习完了,从不,辩论队,家里定时打钱,宿舍的那群人,卡着铃声冲进去，坐最后一排,跑道上，一个人戴着耳机跑,睡一觉，第二天照常,课件、板书、PPT 截图
S1046,图书馆自习室,组团开黑边复习,一周三五次,乐队,月初土豪，月底吃土,什么也没带走，但也没白来,让室友帮忙占座，自己慢慢来,球场，组队打一场,去操场跑到没力气,课件、板书、PPT 截图
S1047,操场跑道,死磕课本,从不,摄影社,月初土豪，月底吃土,图书馆那张常坐的座位,提前十分钟到，坐前排,球场，组队打一场,睡一觉，第二天照常,课件、板书、PPT 截图
S1048,宿舍床上,提前两周就复习完了,从不,乐队,靠奖学金过日子,食堂的那个窗口,选了，但没去过几次,跑道上，一个人戴着耳机跑,开黑到凌晨，把气打出去,吃的：外卖、食堂、探店
S1049,食堂窗口,临时抱佛脚,一周三五次,电竞社,月初土豪，月底吃土,食堂的那个窗口,提前十分钟到，坐前排,跑道上，一个人戴着耳机跑,去操场跑到没力气,风景和现场：演出、展览、天空
S1050,操场跑道,组团开黑边复习,偶尔,电竞社,靠奖学金过日子,操场的那圈跑道,提前十分钟到，坐前排,球场，组队打一场,开黑到凌晨，把气打出去,运动记录、跑步路线、装备
S1051,图书馆自习室,死磕课本,偶尔,乐队,靠奖学金过日子,图书馆那张常坐的座位,提前十分钟到，坐前排,跑道上，一个人戴着耳机跑,睡一觉，第二天照常,课件、板书、PPT 截图
S1052,食堂窗口,组团开黑边复习,一周三五次,辩论队,月初土豪，月底吃土,宿舍的那群人,让室友帮忙占座，自己慢慢来,羽毛球乒乓球，约人打,拉朋友出去吃一顿,风景和现场：演出、展览、天空
S1053,网吧,临时抱佛脚,一周三五次,摄影社,兼职自力更生,宿舍的那群人,让室友帮忙占座，自己慢慢来,跑道上，一个人戴着耳机跑,开黑到凌晨，把气打出去,课件、板书、PPT 截图
S1054,宿舍床上,临时抱佛脚,天天吃,电竞社,月初土豪，月底吃土,操场的那圈跑道,早上根本没课，我的课都在下午,器械区随便练练，练完就走,拉朋友出去吃一顿,运动记录、跑步路线、装备
S1055,图书馆自习室,临时抱佛脚,一周三五次,电竞社,月初土豪，月底吃土,食堂的那个窗口,选了，但没去过几次,看台或树下，看别人动,去操场跑到没力气,吃的：外卖、食堂、探店
S1056,宿舍床上,临时抱佛脚,一周三五次,电竞社,兼职自力更生,宿舍的那群人,提前十分钟到，坐前排,器械区随便练练，练完就走,拉朋友出去吃一顿,风景和现场：演出、展览、天空
S1057,图书馆自习室,刷往年题,从不,摄影社,靠奖学金过日子,图书馆那张常坐的座位,提前十分钟到，坐前排,跑道上，一个人戴着耳机跑,睡一觉，第二天照常,课件、板书、PPT 截图
S1058,图书馆自习室,死磕课本,从不,摄影社,家里定时打钱,操场的那圈跑道,提前十分钟到，坐前排,器械区随便练练，练完就走,给家里打个电话,和朋友：合影、表情包、抓拍
S1059,网吧,组团开黑边复习,天天吃,志愿者协会,家里定时打钱,什么也没带走，但也没白来,让室友帮忙占座，自己慢慢来,看台或树下，看别人动,开黑到凌晨，把气打出去,吃的：外卖、食堂、探店
S1060,食堂窗口,临时抱佛脚,天天吃,辩论队,家里定时打钱,食堂的那个窗口,卡着铃声冲进去，坐最后一排,看台或树下，看别人动,给家里打个电话,和朋友：合影、表情包、抓拍
S1061,食堂窗口,刷往年题,偶尔,辩论队,靠奖学金过日子,操场的那圈跑道,提前十分钟到，坐前排,看台或树下，看别人动,睡一觉，第二天照常,课件、板书、PPT 截图
S1062,图书馆自习室,临时抱佛脚,偶尔,摄影社,月初土豪，月底吃土,图书馆那张常坐的座位,卡着铃声冲进去，坐最后一排,器械区随便练练，练完就走,开黑到凌晨，把气打出去,吃的：外卖、食堂、探店
S1063,食堂窗口,死磕课本,天天吃,志愿者协会,月初土豪，月底吃土,操场的那圈跑道,让室友帮忙占座，自己慢慢来,球场，组队打一场,开黑到凌晨，把气打出去,和朋友：合影、表情包、抓拍
S1064,食堂窗口,临时抱佛脚,天天吃,辩论队,兼职自力更生,食堂的那个窗口,早上根本没课，我的课都在下午,球场，组队打一场,给家里打个电话,课件、板书、PPT 截图
S1065,食堂窗口,临时抱佛脚,天天吃,乐队,兼职自力更生,食堂的那个窗口,让室友帮忙占座，自己慢慢来,羽毛球乒乓球，约人打,拉朋友出去吃一顿,吃的：外卖、食堂、探店
S1066,图书馆自习室,死磕课本,一周三五次,摄影社,月初土豪，月底吃土,宿舍的那群人,让室友帮忙占座，自己慢慢来,看台或树下，看别人动,拉朋友出去吃一顿,风景和现场：演出、展览、天空
S1067,网吧,组团开黑边复习,天天吃,电竞社,兼职自力更生,什么也没带走，但也没白来,选了，但没去过几次,器械区随便练练，练完就走,拉朋友出去吃一顿,风景和现场：演出、展览、天空
S1068,操场跑道,提前两周就复习完了,天天吃,辩论队,家里定时打钱,宿舍的那群人,提前十分钟到，坐前排,看台或树下，看别人动,给家里打个电话,吃的：外卖、食堂、探店
S1069,网吧,临时抱佛脚,天天吃,电竞社,月初土豪，月底吃土,宿舍的那群人,选了，但没去过几次,球场，组队打一场,拉朋友出去吃一顿,课件、板书、PPT 截图
S1070,宿舍床上,临时抱佛脚,偶尔,摄影社,月初土豪，月底吃土,食堂的那个窗口,早上根本没课，我的课都在下午,羽毛球乒乓球，约人打,开黑到凌晨，把气打出去,和朋友：合影、表情包、抓拍
S1071,宿舍床上,临时抱佛脚,偶尔,电竞社,家里定时打钱,图书馆那张常坐的座位,提前十分钟到，坐前排,跑道上，一个人戴着耳机跑,拉朋友出去吃一顿,课件、板书、PPT 截图
S1072,食堂窗口,组团开黑边复习,天天吃,乐队,兼职自力更生,操场的那圈跑道,让室友帮忙占座，自己慢慢来,看台或树下，看别人动,开黑到凌晨，把气打出去,吃的：外卖、食堂、探店
S1073,图书馆自习室,死磕课本,天天吃,电竞社,兼职自力更生,图书馆那张常坐的座位,选了，但没去过几次,跑道上，一个人戴着耳机跑,给家里打个电话,吃的：外卖、食堂、探店
S1074,食堂窗口,临时抱佛脚,偶尔,乐队,靠奖学金过日子,宿舍的那群人,早上根本没课，我的课都在下午,羽毛球乒乓球，约人打,拉朋友出去吃一顿,和朋友：合影、表情包、抓拍
S1075,图书馆自习室,提前两周就复习完了,从不,辩论队,靠奖学金过日子,图书馆那张常坐的座位,提前十分钟到，坐前排,跑道上，一个人戴着耳机跑,给家里打个电话,课件、板书、PPT 截图
S1076,宿舍床上,临时抱佛脚,偶尔,志愿者协会,靠奖学金过日子,什么也没带走，但也没白来,选了，但没去过几次,跑道上，一个人戴着耳机跑,开黑到凌晨，把气打出去,运动记录、跑步路线、装备
S1077,宿舍床上,提前两周就复习完了,天天吃,乐队,月初土豪，月底吃土,宿舍的那群人,选了，但没去过几次,看台或树下，看别人动,睡一觉，第二天照常,吃的：外卖、食堂、探店
S1078,食堂窗口,死磕课本,天天吃,乐队,月初土豪，月底吃土,食堂的那个窗口,让室友帮忙占座，自己慢慢来,看台或树下，看别人动,拉朋友出去吃一顿,风景和现场：演出、展览、天空
S1079,食堂窗口,临时抱佛脚,天天吃,摄影社,兼职自力更生,食堂的那个窗口,早上根本没课，我的课都在下午,羽毛球乒乓球，约人打,睡一觉，第二天照常,吃的：外卖、食堂、探店
S1080,图书馆自习室,死磕课本,从不,摄影社,靠奖学金过日子,宿舍的那群人,提前十分钟到，坐前排,器械区随便练练，练完就走,睡一觉，第二天照常,课件、板书、PPT 截图
S1081,食堂窗口,组团开黑边复习,偶尔,乐队,月初土豪，月底吃土,宿舍的那群人,卡着铃声冲进去，坐最后一排,跑道上，一个人戴着耳机跑,拉朋友出去吃一顿,风景和现场：演出、展览、天空
S1082,食堂窗口,临时抱佛脚,一周三五次,乐队,月初土豪，月底吃土,食堂的那个窗口,让室友帮忙占座，自己慢慢来,器械区随便练练，练完就走,拉朋友出去吃一顿,吃的：外卖、食堂、探店
S1083,图书馆自习室,刷往年题,一周三五次,辩论队,靠奖学金过日子,操场的那圈跑道,卡着铃声冲进去，坐最后一排,器械区随便练练，练完就走,睡一觉，第二天照常,课件、板书、PPT 截图
S1084,食堂窗口,临时抱佛脚,天天吃,志愿者协会,家里定时打钱,食堂的那个窗口,选了，但没去过几次,看台或树下，看别人动,开黑到凌晨，把气打出去,运动记录、跑步路线、装备
S1085,操场跑道,刷往年题,一周三五次,乐队,月初土豪，月底吃土,操场的那圈跑道,让室友帮忙占座，自己慢慢来,羽毛球乒乓球，约人打,拉朋友出去吃一顿,和朋友：合影、表情包、抓拍
S1086,图书馆自习室,刷往年题,偶尔,志愿者协会,家里定时打钱,什么也没带走，但也没白来,提前十分钟到，坐前排,器械区随便练练，练完就走,睡一觉，第二天照常,吃的：外卖、食堂、探店
S1087,食堂窗口,组团开黑边复习,天天吃,乐队,家里定时打钱,宿舍的那群人,提前十分钟到，坐前排,羽毛球乒乓球，约人打,睡一觉，第二天照常,吃的：外卖、食堂、探店
S1088,食堂窗口,临时抱佛脚,天天吃,乐队,家里定时打钱,操场的那圈跑道,早上根本没课，我的课都在下午,羽毛球乒乓球，约人打,开黑到凌晨，把气打出去,吃的：外卖、食堂、探店
S1089,操场跑道,刷往年题,偶尔,辩论队,兼职自力更生,操场的那圈跑道,提前十分钟到，坐前排,跑道上，一个人戴着耳机跑,去操场跑到没力气,和朋友：合影、表情包、抓拍
S1090,食堂窗口,临时抱佛脚,一周三五次,乐队,家里定时打钱,操场的那圈跑道,选了，但没去过几次,球场，组队打一场,拉朋友出去吃一顿,和朋友：合影、表情包、抓拍
S1091,网吧,刷往年题,天天吃,电竞社,月初土豪，月底吃土,宿舍的那群人,选了，但没去过几次,看台或树下，看别人动,开黑到凌晨，把气打出去,运动记录、跑步路线、装备
S1092,宿舍床上,组团开黑边复习,天天吃,辩论队,月初土豪，月底吃土,操场的那圈跑道,早上根本没课，我的课都在下午,羽毛球乒乓球，约人打,给家里打个电话,和朋友：合影、表情包、抓拍
S1093,宿舍床上,刷往年题,一周三五次,电竞社,家里定时打钱,食堂的那个窗口,提前十分钟到，坐前排,看台或树下，看别人动,去操场跑到没力气,吃的：外卖、食堂、探店
S1094,图书馆自习室,提前两周就复习完了,偶尔,志愿者协会,家里定时打钱,图书馆那张常坐的座位,卡着铃声冲进去，坐最后一排,看台或树下，看别人动,给家里打个电话,运动记录、跑步路线、装备
S1095,网吧,刷往年题,天天吃,志愿者协会,家里定时打钱,图书馆那张常坐的座位,卡着铃声冲进去，坐最后一排,器械区随便练练，练完就走,开黑到凌晨，把气打出去,吃的：外卖、食堂、探店
S1096,食堂窗口,刷往年题,天天吃,乐队,月初土豪，月底吃土,什么也没带走，但也没白来,选了，但没去过几次,看台或树下，看别人动,给家里打个电话,运动记录、跑步路线、装备
S1097,图书馆自习室,提前两周就复习完了,天天吃,乐队,兼职自力更生,图书馆那张常坐的座位,让室友帮忙占座，自己慢慢来,器械区随便练练，练完就走,拉朋友出去吃一顿,和朋友：合影、表情包、抓拍
S1098,宿舍床上,组团开黑边复习,一周三五次,电竞社,家里定时打钱,宿舍的那群人,选了，但没去过几次,球场，组队打一场,去操场跑到没力气,吃的：外卖、食堂、探店
S1099,操场跑道,提前两周就复习完了,偶尔,志愿者协会,兼职自力更生,宿舍的那群人,提前十分钟到，坐前排,器械区随便练练，练完就走,睡一觉，第二天照常,和朋友：合影、表情包、抓拍
S1100,食堂窗口,临时抱佛脚,天天吃,志愿者协会,兼职自力更生,什么也没带走，但也没白来,选了，但没去过几次,看台或树下，看别人动,拉朋友出去吃一顿,和朋友：合影、表情包、抓拍
S1101,操场跑道,提前两周就复习完了,一周三五次,志愿者协会,靠奖学金过日子,宿舍的那群人,提前十分钟到，坐前排,球场，组队打一场,给家里打个电话,吃的：外卖、食堂、探店
S1102,网吧,临时抱佛脚,天天吃,电竞社,月初土豪，月底吃土,什么也没带走，但也没白来,选了，但没去过几次,羽毛球乒乓球，约人打,开黑到凌晨，把气打出去,风景和现场：演出、展览、天空
S1103,食堂窗口,组团开黑边复习,天天吃,志愿者协会,月初土豪，月底吃土,食堂的那个窗口,选了，但没去过几次,球场，组队打一场,开黑到凌晨，把气打出去,和朋友：合影、表情包、抓拍
S1104,操场跑道,死磕课本,一周三五次,志愿者协会,家里定时打钱,操场的那圈跑道,让室友帮忙占座，自己慢慢来,球场，组队打一场,去操场跑到没力气,和朋友：合影、表情包、抓拍
S1105,食堂窗口,组团开黑边复习,天天吃,电竞社,兼职自力更生,宿舍的那群人,卡着铃声冲进去，坐最后一排,看台或树下，看别人动,给家里打个电话,吃的：外卖、食堂、探店
S1106,图书馆自习室,提前两周就复习完了,一周三五次,辩论队,靠奖学金过日子,图书馆那张常坐的座位,提前十分钟到，坐前排,跑道上，一个人戴着耳机跑,拉朋友出去吃一顿,课件、板书、PPT 截图
S1107,网吧,死磕课本,一周三五次,电竞社,月初土豪，月底吃土,食堂的那个窗口,提前十分钟到，坐前排,羽毛球乒乓球，约人打,拉朋友出去吃一顿,和朋友：合影、表情包、抓拍
S1108,操场跑道,死磕课本,偶尔,乐队,兼职自力更生,食堂的那个窗口,提前十分钟到，坐前排,看台或树下，看别人动,拉朋友出去吃一顿,和朋友：合影、表情包、抓拍
S1109,食堂窗口,临时抱佛脚,天天吃,乐队,家里定时打钱,什么也没带走，但也没白来,让室友帮忙占座，自己慢慢来,羽毛球乒乓球，约人打,睡一觉，第二天照常,风景和现场：演出、展览、天空
S1110,操场跑道,刷往年题,偶尔,志愿者协会,兼职自力更生,操场的那圈跑道,卡着铃声冲进去，坐最后一排,跑道上，一个人戴着耳机跑,去操场跑到没力气,运动记录、跑步路线、装备
S1111,图书馆自习室,组团开黑边复习,一周三五次,志愿者协会,兼职自力更生,什么也没带走，但也没白来,卡着铃声冲进去，坐最后一排,羽毛球乒乓球，约人打,睡一觉，第二天照常,课件、板书、PPT 截图
S1112,图书馆自习室,提前两周就复习完了,一周三五次,摄影社,家里定时打钱,图书馆那张常坐的座位,早上根本没课，我的课都在下午,跑道上，一个人戴着耳机跑,去操场跑到没力气,课件、板书、PPT 截图
S1113,网吧,临时抱佛脚,一周三五次,乐队,月初土豪，月底吃土,什么也没带走，但也没白来,提前十分钟到，坐前排,看台或树下，看别人动,拉朋友出去吃一顿,吃的：外卖、食堂、探店
S1114,宿舍床上,组团开黑边复习,天天吃,志愿者协会,月初土豪，月底吃土,操场的那圈跑道,早上根本没课，我的课都在下午,看台或树下，看别人动,给家里打个电话,和朋友：合影、表情包、抓拍
S1115,食堂窗口,死磕课本,天天吃,志愿者协会,月初土豪，月底吃土,什么也没带走，但也没白来,让室友帮忙占座，自己慢慢来,看台或树下，看别人动,给家里打个电话,风景和现场：演出、展览、天空
S1116,宿舍床上,死磕课本,一周三五次,志愿者协会,靠奖学金过日子,操场的那圈跑道,卡着铃声冲进去，坐最后一排,球场，组队打一场,去操场跑到没力气,运动记录、跑步路线、装备
S1117,图书馆自习室,提前两周就复习完了,天天吃,志愿者协会,月初土豪，月底吃土,食堂的那个窗口,早上根本没课，我的课都在下午,看台或树下，看别人动,拉朋友出去吃一顿,吃的：外卖、食堂、探店
S1118,网吧,刷往年题,天天吃,摄影社,月初土豪，月底吃土,什么也没带走，但也没白来,让室友帮忙占座，自己慢慢来,器械区随便练练，练完就走,开黑到凌晨，把气打出去,运动记录、跑步路线、装备
S1119,食堂窗口,死磕课本,偶尔,辩论队,兼职自力更生,操场的那圈跑道,卡着铃声冲进去，坐最后一排,球场，组队打一场,拉朋友出去吃一顿,和朋友：合影、表情包、抓拍
S1120,图书馆自习室,提前两周就复习完了,从不,辩论队,靠奖学金过日子,图书馆那张常坐的座位,提前十分钟到，坐前排,看台或树下，看别人动,给家里打个电话,课件、板书、PPT 截图
S1121,食堂窗口,死磕课本,偶尔,志愿者协会,月初土豪，月底吃土,食堂的那个窗口,卡着铃声冲进去，坐最后一排,羽毛球乒乓球，约人打,拉朋友出去吃一顿,运动记录、跑步路线、装备
S1122,操场跑道,死磕课本,偶尔,辩论队,家里定时打钱,操场的那圈跑道,提前十分钟到，坐前排,羽毛球乒乓球，约人打,去操场跑到没力气,运动记录、跑步路线、装备
S1123,食堂窗口,提前两周就复习完了,一周三五次,乐队,兼职自力更生,食堂的那个窗口,让室友帮忙占座，自己慢慢来,球场，组队打一场,拉朋友出去吃一顿,课件、板书、PPT 截图
S1124,食堂窗口,提前两周就复习完了,从不,辩论队,靠奖学金过日子,宿舍的那群人,提前十分钟到，坐前排,器械区随便练练，练完就走,拉朋友出去吃一顿,和朋友：合影、表情包、抓拍
S1125,图书馆自习室,死磕课本,从不,志愿者协会,兼职自力更生,图书馆那张常坐的座位,提前十分钟到，坐前排,跑道上，一个人戴着耳机跑,睡一觉，第二天照常,课件、板书、PPT 截图
S1126,操场跑道,组团开黑边复习,天天吃,乐队,家里定时打钱,宿舍的那群人,让室友帮忙占座，自己慢慢来,羽毛球乒乓球，约人打,开黑到凌晨，把气打出去,吃的：外卖、食堂、探店
S1127,图书馆自习室,提前两周就复习完了,从不,志愿者协会,靠奖学金过日子,什么也没带走，但也没白来,早上根本没课，我的课都在下午,羽毛球乒乓球，约人打,睡一觉，第二天照常,课件、板书、PPT 截图
S1128,操场跑道,提前两周就复习完了,偶尔,乐队,兼职自力更生,图书馆那张常坐的座位,卡着铃声冲进去，坐最后一排,球场，组队打一场,睡一觉，第二天照常,课件、板书、PPT 截图
S1129,图书馆自习室,刷往年题,一周三五次,电竞社,靠奖学金过日子,图书馆那张常坐的座位,提前十分钟到，坐前排,器械区随便练练，练完就走,给家里打个电话,吃的：外卖、食堂、探店
S1130,操场跑道,临时抱佛脚,偶尔,乐队,兼职自力更生,宿舍的那群人,让室友帮忙占座，自己慢慢来,球场，组队打一场,去操场跑到没力气,运动记录、跑步路线、装备
S1131,网吧,组团开黑边复习,天天吃,摄影社,月初土豪，月底吃土,什么也没带走，但也没白来,让室友帮忙占座，自己慢慢来,球场，组队打一场,拉朋友出去吃一顿,吃的：外卖、食堂、探店
S1132,宿舍床上,临时抱佛脚,偶尔,志愿者协会,家里定时打钱,宿舍的那群人,让室友帮忙占座，自己慢慢来,羽毛球乒乓球，约人打,拉朋友出去吃一顿,吃的：外卖、食堂、探店
S1133,食堂窗口,临时抱佛脚,天天吃,辩论队,靠奖学金过日子,什么也没带走，但也没白来,卡着铃声冲进去，坐最后一排,球场，组队打一场,开黑到凌晨，把气打出去,课件、板书、PPT 截图
S1134,宿舍床上,刷往年题,从不,乐队,家里定时打钱,图书馆那张常坐的座位,卡着铃声冲进去，坐最后一排,羽毛球乒乓球，约人打,给家里打个电话,课件、板书、PPT 截图
S1135,网吧,临时抱佛脚,天天吃,乐队,月初土豪，月底吃土,什么也没带走，但也没白来,早上根本没课，我的课都在下午,球场，组队打一场,开黑到凌晨，把气打出去,风景和现场：演出、展览、天空
S1136,图书馆自习室,死磕课本,一周三五次,辩论队,靠奖学金过日子,图书馆那张常坐的座位,卡着铃声冲进去，坐最后一排,器械区随便练练，练完就走,睡一觉，第二天照常,运动记录、跑步路线、装备
S1137,网吧,临时抱佛脚,从不,志愿者协会,兼职自力更生,图书馆那张常坐的座位,早上根本没课，我的课都在下午,看台或树下，看别人动,开黑到凌晨，把气打出去,吃的：外卖、食堂、探店
S1138,网吧,组团开黑边复习,一周三五次,电竞社,月初土豪，月底吃土,宿舍的那群人,早上根本没课，我的课都在下午,跑道上，一个人戴着耳机跑,睡一觉，第二天照常,运动记录、跑步路线、装备
S1139,食堂窗口,组团开黑边复习,天天吃,摄影社,月初土豪，月底吃土,食堂的那个窗口,早上根本没课，我的课都在下午,看台或树下，看别人动,拉朋友出去吃一顿,吃的：外卖、食堂、探店
S1140,网吧,临时抱佛脚,天天吃,摄影社,家里定时打钱,宿舍的那群人,卡着铃声冲进去，坐最后一排,羽毛球乒乓球，约人打,睡一觉，第二天照常,风景和现场：演出、展览、天空
S1141,网吧,死磕课本,一周三五次,电竞社,兼职自力更生,宿舍的那群人,早上根本没课，我的课都在下午,看台或树下，看别人动,开黑到凌晨，把气打出去,吃的：外卖、食堂、探店
S1142,操场跑道,组团开黑边复习,从不,辩论队,月初土豪，月底吃土,宿舍的那群人,早上根本没课，我的课都在下午,羽毛球乒乓球，约人打,拉朋友出去吃一顿,吃的：外卖、食堂、探店
S1143,网吧,临时抱佛脚,天天吃,辩论队,月初土豪，月底吃土,食堂的那个窗口,卡着铃声冲进去，坐最后一排,看台或树下，看别人动,拉朋友出去吃一顿,吃的：外卖、食堂、探店
S1144,食堂窗口,组团开黑边复习,从不,乐队,兼职自力更生,宿舍的那群人,卡着铃声冲进去，坐最后一排,跑道上，一个人戴着耳机跑,给家里打个电话,课件、板书、PPT 截图
S1145,宿舍床上,临时抱佛脚,从不,辩论队,兼职自力更生,宿舍的那群人,让室友帮忙占座，自己慢慢来,球场，组队打一场,拉朋友出去吃一顿,和朋友：合影、表情包、抓拍
S1146,网吧,临时抱佛脚,一周三五次,辩论队,家里定时打钱,操场的那圈跑道,让室友帮忙占座，自己慢慢来,跑道上，一个人戴着耳机跑,给家里打个电话,和朋友：合影、表情包、抓拍
S1147,食堂窗口,组团开黑边复习,一周三五次,乐队,兼职自力更生,食堂的那个窗口,早上根本没课，我的课都在下午,看台或树下，看别人动,开黑到凌晨，把气打出去,吃的：外卖、食堂、探店
S1148,操场跑道,组团开黑边复习,一周三五次,乐队,家里定时打钱,操场的那圈跑道,卡着铃声冲进去，坐最后一排,羽毛球乒乓球，约人打,拉朋友出去吃一顿,和朋友：合影、表情包、抓拍
S1149,网吧,死磕课本,天天吃,电竞社,家里定时打钱,操场的那圈跑道,早上根本没课，我的课都在下午,看台或树下，看别人动,给家里打个电话,吃的：外卖、食堂、探店
S1150,图书馆自习室,提前两周就复习完了,从不,志愿者协会,月初土豪，月底吃土,宿舍的那群人,早上根本没课，我的课都在下午,球场，组队打一场,开黑到凌晨，把气打出去,课件、板书、PPT 截图
S1151,宿舍床上,死磕课本,偶尔,志愿者协会,家里定时打钱,图书馆那张常坐的座位,提前十分钟到，坐前排,球场，组队打一场,去操场跑到没力气,和朋友：合影、表情包、抓拍
S1152,操场跑道,组团开黑边复习,天天吃,辩论队,月初土豪，月底吃土,什么也没带走，但也没白来,让室友帮忙占座，自己慢慢来,跑道上，一个人戴着耳机跑,拉朋友出去吃一顿,和朋友：合影、表情包、抓拍
S1153,网吧,临时抱佛脚,一周三五次,志愿者协会,月初土豪，月底吃土,食堂的那个窗口,早上根本没课，我的课都在下午,看台或树下，看别人动,开黑到凌晨，把气打出去,和朋友：合影、表情包、抓拍
S1154,宿舍床上,死磕课本,天天吃,乐队,月初土豪，月底吃土,什么也没带走，但也没白来,提前十分钟到，坐前排,羽毛球乒乓球，约人打,睡一觉，第二天照常,和朋友：合影、表情包、抓拍
S1155,食堂窗口,临时抱佛脚,天天吃,志愿者协会,月初土豪，月底吃土,什么也没带走，但也没白来,让室友帮忙占座，自己慢慢来,球场，组队打一场,拉朋友出去吃一顿,和朋友：合影、表情包、抓拍
S1156,网吧,临时抱佛脚,天天吃,电竞社,兼职自力更生,宿舍的那群人,早上根本没课，我的课都在下午,看台或树下，看别人动,开黑到凌晨，把气打出去,风景和现场：演出、展览、天空
S1157,网吧,临时抱佛脚,一周三五次,摄影社,兼职自力更生,操场的那圈跑道,提前十分钟到，坐前排,羽毛球乒乓球，约人打,给家里打个电话,吃的：外卖、食堂、探店
S1158,宿舍床上,组团开黑边复习,偶尔,辩论队,月初土豪，月底吃土,宿舍的那群人,提前十分钟到，坐前排,羽毛球乒乓球，约人打,给家里打个电话,和朋友：合影、表情包、抓拍
S1159,操场跑道,刷往年题,偶尔,电竞社,兼职自力更生,什么也没带走，但也没白来,让室友帮忙占座，自己慢慢来,羽毛球乒乓球，约人打,拉朋友出去吃一顿,风景和现场：演出、展览、天空
S1160,食堂窗口,组团开黑边复习,天天吃,乐队,靠奖学金过日子,食堂的那个窗口,提前十分钟到，坐前排,器械区随便练练，练完就走,给家里打个电话,吃的：外卖、食堂、探店
S1161,网吧,临时抱佛脚,天天吃,电竞社,家里定时打钱,宿舍的那群人,卡着铃声冲进去，坐最后一排,看台或树下，看别人动,给家里打个电话,和朋友：合影、表情包、抓拍
S1162,食堂窗口,临时抱佛脚,天天吃,乐队,家里定时打钱,食堂的那个窗口,提前十分钟到，坐前排,看台或树下，看别人动,给家里打个电话,吃的：外卖、食堂、探店
S1163,宿舍床上,死磕课本,天天吃,乐队,月初土豪，月底吃土,宿舍的那群人,让室友帮忙占座，自己慢慢来,球场，组队打一场,拉朋友出去吃一顿,风景和现场：演出、展览、天空
S1164,宿舍床上,刷往年题,一周三五次,志愿者协会,靠奖学金过日子,操场的那圈跑道,让室友帮忙占座，自己慢慢来,跑道上，一个人戴着耳机跑,拉朋友出去吃一顿,风景和现场：演出、展览、天空
S1165,网吧,组团开黑边复习,一周三五次,电竞社,家里定时打钱,食堂的那个窗口,让室友帮忙占座，自己慢慢来,看台或树下，看别人动,开黑到凌晨，把气打出去,吃的：外卖、食堂、探店
S1166,宿舍床上,组团开黑边复习,天天吃,摄影社,家里定时打钱,食堂的那个窗口,卡着铃声冲进去，坐最后一排,羽毛球乒乓球，约人打,拉朋友出去吃一顿,吃的：外卖、食堂、探店
S1167,操场跑道,刷往年题,天天吃,志愿者协会,家里定时打钱,图书馆那张常坐的座位,提前十分钟到，坐前排,看台或树下，看别人动,给家里打个电话,课件、板书、PPT 截图
S1168,宿舍床上,刷往年题,一周三五次,摄影社,兼职自力更生,食堂的那个窗口,早上根本没课，我的课都在下午,器械区随便练练，练完就走,开黑到凌晨，把气打出去,运动记录、跑步路线、装备
S1169,操场跑道,刷往年题,从不,志愿者协会,兼职自力更生,什么也没带走，但也没白来,早上根本没课，我的课都在下午,球场，组队打一场,去操场跑到没力气,运动记录、跑步路线、装备
S1170,图书馆自习室,提前两周就复习完了,偶尔,辩论队,靠奖学金过日子,图书馆那张常坐的座位,让室友帮忙占座，自己慢慢来,跑道上，一个人戴着耳机跑,睡一觉，第二天照常,运动记录、跑步路线、装备
S1171,食堂窗口,临时抱佛脚,从不,乐队,月初土豪，月底吃土,食堂的那个窗口,选了，但没去过几次,球场，组队打一场,拉朋友出去吃一顿,和朋友：合影、表情包、抓拍
S1172,操场跑道,临时抱佛脚,偶尔,摄影社,兼职自力更生,宿舍的那群人,卡着铃声冲进去，坐最后一排,跑道上，一个人戴着耳机跑,开黑到凌晨，把气打出去,课件、板书、PPT 截图
S1173,操场跑道,死磕课本,一周三五次,摄影社,兼职自力更生,操场的那圈跑道,早上根本没课，我的课都在下午,跑道上，一个人戴着耳机跑,去操场跑到没力气,运动记录、跑步路线、装备
S1174,食堂窗口,组团开黑边复习,天天吃,乐队,月初土豪，月底吃土,食堂的那个窗口,让室友帮忙占座，自己慢慢来,羽毛球乒乓球，约人打,开黑到凌晨，把气打出去,课件、板书、PPT 截图
S1175,网吧,临时抱佛脚,偶尔,摄影社,月初土豪，月底吃土,什么也没带走，但也没白来,让室友帮忙占座，自己慢慢来,跑道上，一个人戴着耳机跑,给家里打个电话,运动记录、跑步路线、装备
S1176,操场跑道,组团开黑边复习,天天吃,志愿者协会,月初土豪，月底吃土,图书馆那张常坐的座位,让室友帮忙占座，自己慢慢来,看台或树下，看别人动,给家里打个电话,和朋友：合影、表情包、抓拍
S1177,网吧,提前两周就复习完了,天天吃,乐队,月初土豪，月底吃土,宿舍的那群人,让室友帮忙占座，自己慢慢来,器械区随便练练，练完就走,睡一觉，第二天照常,吃的：外卖、食堂、探店
S1178,食堂窗口,组团开黑边复习,天天吃,电竞社,靠奖学金过日子,宿舍的那群人,卡着铃声冲进去，坐最后一排,球场，组队打一场,拉朋友出去吃一顿,课件、板书、PPT 截图
S1179,食堂窗口,死磕课本,从不,辩论队,靠奖学金过日子,图书馆那张常坐的座位,提前十分钟到，坐前排,羽毛球乒乓球，约人打,睡一觉，第二天照常,运动记录、跑步路线、装备
S1180,食堂窗口,死磕课本,天天吃,电竞社,月初土豪，月底吃土,图书馆那张常坐的座位,卡着铃声冲进去，坐最后一排,球场，组队打一场,拉朋友出去吃一顿,运动记录、跑步路线、装备
S1181,宿舍床上,组团开黑边复习,天天吃,电竞社,家里定时打钱,什么也没带走，但也没白来,选了，但没去过几次,跑道上，一个人戴着耳机跑,开黑到凌晨，把气打出去,风景和现场：演出、展览、天空
S1182,食堂窗口,死磕课本,天天吃,志愿者协会,月初土豪，月底吃土,什么也没带走，但也没白来,早上根本没课，我的课都在下午,器械区随便练练，练完就走,开黑到凌晨，把气打出去,吃的：外卖、食堂、探店
S1183,宿舍床上,组团开黑边复习,一周三五次,辩论队,家里定时打钱,宿舍的那群人,卡着铃声冲进去，坐最后一排,跑道上，一个人戴着耳机跑,拉朋友出去吃一顿,和朋友：合影、表情包、抓拍
S1184,操场跑道,死磕课本,偶尔,摄影社,兼职自力更生,图书馆那张常坐的座位,提前十分钟到，坐前排,跑道上，一个人戴着耳机跑,拉朋友出去吃一顿,运动记录、跑步路线、装备
S1185,图书馆自习室,临时抱佛脚,天天吃,乐队,兼职自力更生,什么也没带走，但也没白来,早上根本没课，我的课都在下午,跑道上，一个人戴着耳机跑,拉朋友出去吃一顿,课件、板书、PPT 截图
S1186,食堂窗口,组团开黑边复习,一周三五次,乐队,兼职自力更生,宿舍的那群人,选了，但没去过几次,羽毛球乒乓球，约人打,拉朋友出去吃一顿,运动记录、跑步路线、装备
S1187,操场跑道,死磕课本,从不,摄影社,靠奖学金过日子,操场的那圈跑道,提前十分钟到，坐前排,跑道上，一个人戴着耳机跑,睡一觉，第二天照常,风景和现场：演出、展览、天空
S1188,操场跑道,提前两周就复习完了,一周三五次,辩论队,靠奖学金过日子,图书馆那张常坐的座位,让室友帮忙占座，自己慢慢来,看台或树下，看别人动,开黑到凌晨，把气打出去,课件、板书、PPT 截图
S1189,操场跑道,刷往年题,一周三五次,志愿者协会,靠奖学金过日子,什么也没带走，但也没白来,早上根本没课，我的课都在下午,跑道上，一个人戴着耳机跑,给家里打个电话,和朋友：合影、表情包、抓拍
S1190,食堂窗口,刷往年题,天天吃,乐队,月初土豪，月底吃土,食堂的那个窗口,早上根本没课，我的课都在下午,球场，组队打一场,给家里打个电话,运动记录、跑步路线、装备
S1191,食堂窗口,死磕课本,一周三五次,电竞社,月初土豪，月底吃土,操场的那圈跑道,早上根本没课，我的课都在下午,器械区随便练练，练完就走,开黑到凌晨，把气打出去,吃的：外卖、食堂、探店
S1192,食堂窗口,组团开黑边复习,一周三五次,乐队,月初土豪，月底吃土,食堂的那个窗口,早上根本没课，我的课都在下午,羽毛球乒乓球，约人打,给家里打个电话,风景和现场：演出、展览、天空
S1193,食堂窗口,提前两周就复习完了,天天吃,辩论队,家里定时打钱,食堂的那个窗口,早上根本没课，我的课都在下午,看台或树下，看别人动,去操场跑到没力气,运动记录、跑步路线、装备
S1194,图书馆自习室,组团开黑边复习,一周三五次,乐队,兼职自力更生,宿舍的那群人,选了，但没去过几次,羽毛球乒乓球，约人打,拉朋友出去吃一顿,和朋友：合影、表情包、抓拍
S1195,操场跑道,组团开黑边复习,天天吃,乐队,月初土豪，月底吃土,食堂的那个窗口,卡着铃声冲进去，坐最后一排,羽毛球乒乓球，约人打,去操场跑到没力气,风景和现场：演出、展览、天空
S1196,宿舍床上,刷往年题,偶尔,电竞社,兼职自力更生,食堂的那个窗口,早上根本没课，我的课都在下午,看台或树下，看别人动,拉朋友出去吃一顿,风景和现场：演出、展览、天空
S1197,宿舍床上,临时抱佛脚,一周三五次,电竞社,月初土豪，月底吃土,图书馆那张常坐的座位,卡着铃声冲进去，坐最后一排,跑道上，一个人戴着耳机跑,去操场跑到没力气,和朋友：合影、表情包、抓拍
S1198,食堂窗口,临时抱佛脚,天天吃,电竞社,家里定时打钱,食堂的那个窗口,提前十分钟到，坐前排,跑道上，一个人戴着耳机跑,拉朋友出去吃一顿,风景和现场：演出、展览、天空
S1199,网吧,临时抱佛脚,天天吃,志愿者协会,家里定时打钱,宿舍的那群人,让室友帮忙占座，自己慢慢来,羽毛球乒乓球，约人打,拉朋友出去吃一顿,和朋友：合影、表情包、抓拍
S1200,图书馆自习室,组团开黑边复习,偶尔,摄影社,月初土豪，月底吃土,食堂的那个窗口,早上根本没课，我的课都在下午,跑道上，一个人戴着耳机跑,开黑到凌晨，把气打出去,吃的：外卖、食堂、探店
S1201,图书馆自习室,提前两周就复习完了,偶尔,电竞社,靠奖学金过日子,图书馆那张常坐的座位,提前十分钟到，坐前排,看台或树下，看别人动,睡一觉，第二天照常,课件、板书、PPT 截图
S1202,操场跑道,死磕课本,从不,辩论队,月初土豪，月底吃土,操场的那圈跑道,提前十分钟到，坐前排,羽毛球乒乓球，约人打,拉朋友出去吃一顿,运动记录、跑步路线、装备
S1203,食堂窗口,组团开黑边复习,天天吃,志愿者协会,月初土豪，月底吃土,操场的那圈跑道,让室友帮忙占座，自己慢慢来,球场，组队打一场,开黑到凌晨，把气打出去,和朋友：合影、表情包、抓拍
S1204,操场跑道,死磕课本,偶尔,志愿者协会,月初土豪，月底吃土,食堂的那个窗口,选了，但没去过几次,羽毛球乒乓球，约人打,去操场跑到没力气,和朋友：合影、表情包、抓拍
S1205,操场跑道,提前两周就复习完了,天天吃,辩论队,兼职自力更生,操场的那圈跑道,提前十分钟到，坐前排,器械区随便练练，练完就走,去操场跑到没力气,风景和现场：演出、展览、天空
S1206,图书馆自习室,提前两周就复习完了,一周三五次,摄影社,靠奖学金过日子,图书馆那张常坐的座位,提前十分钟到，坐前排,跑道上，一个人戴着耳机跑,去操场跑到没力气,和朋友：合影、表情包、抓拍
S1207,网吧,组团开黑边复习,天天吃,摄影社,月初土豪，月底吃土,什么也没带走，但也没白来,选了，但没去过几次,球场，组队打一场,开黑到凌晨，把气打出去,吃的：外卖、食堂、探店
S1208,食堂窗口,临时抱佛脚,一周三五次,摄影社,兼职自力更生,宿舍的那群人,让室友帮忙占座，自己慢慢来,看台或树下，看别人动,拉朋友出去吃一顿,和朋友：合影、表情包、抓拍
S1209,食堂窗口,临时抱佛脚,天天吃,电竞社,月初土豪，月底吃土,宿舍的那群人,卡着铃声冲进去，坐最后一排,看台或树下，看别人动,开黑到凌晨，把气打出去,吃的：外卖、食堂、探店
S1210,操场跑道,组团开黑边复习,从不,乐队,月初土豪，月底吃土,宿舍的那群人,卡着铃声冲进去，坐最后一排,羽毛球乒乓球，约人打,拉朋友出去吃一顿,和朋友：合影、表情包、抓拍
S1211,宿舍床上,提前两周就复习完了,从不,辩论队,兼职自力更生,什么也没带走，但也没白来,提前十分钟到，坐前排,球场，组队打一场,睡一觉，第二天照常,运动记录、跑步路线、装备
S1212,食堂窗口,刷往年题,天天吃,乐队,月初土豪，月底吃土,食堂的那个窗口,卡着铃声冲进去，坐最后一排,羽毛球乒乓球，约人打,拉朋友出去吃一顿,风景和现场：演出、展览、天空
S1213,操场跑道,刷往年题,从不,志愿者协会,兼职自力更生,宿舍的那群人,选了，但没去过几次,球场，组队打一场,拉朋友出去吃一顿,和朋友：合影、表情包、抓拍
S1214,网吧,临时抱佛脚,一周三五次,志愿者协会,月初土豪，月底吃土,食堂的那个窗口,早上根本没课，我的课都在下午,羽毛球乒乓球，约人打,拉朋友出去吃一顿,和朋友：合影、表情包、抓拍
S1215,操场跑道,刷往年题,偶尔,志愿者协会,靠奖学金过日子,操场的那圈跑道,提前十分钟到，坐前排,器械区随便练练，练完就走,去操场跑到没力气,风景和现场：演出、展览、天空
S1216,宿舍床上,组团开黑边复习,天天吃,摄影社,靠奖学金过日子,什么也没带走，但也没白来,让室友帮忙占座，自己慢慢来,球场，组队打一场,拉朋友出去吃一顿,和朋友：合影、表情包、抓拍
S1217,图书馆自习室,提前两周就复习完了,从不,志愿者协会,靠奖学金过日子,操场的那圈跑道,选了，但没去过几次,器械区随便练练，练完就走,睡一觉，第二天照常,课件、板书、PPT 截图
S1218,图书馆自习室,提前两周就复习完了,偶尔,电竞社,兼职自力更生,食堂的那个窗口,提前十分钟到，坐前排,球场，组队打一场,睡一觉，第二天照常,运动记录、跑步路线、装备
S1219,图书馆自习室,临时抱佛脚,天天吃,电竞社,月初土豪，月底吃土,什么也没带走，但也没白来,让室友帮忙占座，自己慢慢来,看台或树下，看别人动,开黑到凌晨，把气打出去,吃的：外卖、食堂、探店
S1220,食堂窗口,组团开黑边复习,天天吃,乐队,月初土豪，月底吃土,操场的那圈跑道,提前十分钟到，坐前排,球场，组队打一场,拉朋友出去吃一顿,吃的：外卖、食堂、探店
S1221,图书馆自习室,提前两周就复习完了,偶尔,辩论队,兼职自力更生,什么也没带走，但也没白来,提前十分钟到，坐前排,器械区随便练练，练完就走,给家里打个电话,和朋友：合影、表情包、抓拍
S1222,操场跑道,临时抱佛脚,从不,摄影社,兼职自力更生,操场的那圈跑道,卡着铃声冲进去，坐最后一排,羽毛球乒乓球，约人打,拉朋友出去吃一顿,运动记录、跑步路线、装备
S1223,宿舍床上,提前两周就复习完了,天天吃,电竞社,月初土豪，月底吃土,食堂的那个窗口,早上根本没课，我的课都在下午,羽毛球乒乓球，约人打,开黑到凌晨，把气打出去,课件、板书、PPT 截图
S1224,网吧,刷往年题,一周三五次,电竞社,月初土豪，月底吃土,什么也没带走，但也没白来,让室友帮忙占座，自己慢慢来,看台或树下，看别人动,开黑到凌晨，把气打出去,吃的：外卖、食堂、探店
S1225,宿舍床上,组团开黑边复习,一周三五次,辩论队,月初土豪，月底吃土,食堂的那个窗口,选了，但没去过几次,羽毛球乒乓球，约人打,拉朋友出去吃一顿,和朋友：合影、表情包、抓拍
S1226,食堂窗口,组团开黑边复习,天天吃,志愿者协会,家里定时打钱,食堂的那个窗口,早上根本没课，我的课都在下午,看台或树下，看别人动,给家里打个电话,和朋友：合影、表情包、抓拍
S1227,操场跑道,组团开黑边复习,天天吃,电竞社,家里定时打钱,操场的那圈跑道,选了，但没去过几次,球场，组队打一场,去操场跑到没力气,风景和现场：演出、展览、天空
S1228,宿舍床上,组团开黑边复习,天天吃,电竞社,家里定时打钱,宿舍的那群人,让室友帮忙占座，自己慢慢来,羽毛球乒乓球，约人打,拉朋友出去吃一顿,和朋友：合影、表情包、抓拍
S1229,宿舍床上,临时抱佛脚,天天吃,电竞社,家里定时打钱,图书馆那张常坐的座位,卡着铃声冲进去，坐最后一排,看台或树下，看别人动,给家里打个电话,风景和现场：演出、展览、天空
S1230,食堂窗口,组团开黑边复习,天天吃,乐队,家里定时打钱,食堂的那个窗口,卡着铃声冲进去，坐最后一排,羽毛球乒乓球，约人打,拉朋友出去吃一顿,风景和现场：演出、展览、天空
S1231,图书馆自习室,死磕课本,从不,摄影社,靠奖学金过日子,宿舍的那群人,卡着铃声冲进去，坐最后一排,跑道上，一个人戴着耳机跑,去操场跑到没力气,吃的：外卖、食堂、探店
S1232,图书馆自习室,组团开黑边复习,天天吃,辩论队,月初土豪，月底吃土,什么也没带走，但也没白来,让室友帮忙占座，自己慢慢来,羽毛球乒乓球，约人打,睡一觉，第二天照常,风景和现场：演出、展览、天空
S1233,食堂窗口,临时抱佛脚,天天吃,辩论队,月初土豪，月底吃土,宿舍的那群人,让室友帮忙占座，自己慢慢来,羽毛球乒乓球，约人打,拉朋友出去吃一顿,和朋友：合影、表情包、抓拍
S1234,食堂窗口,临时抱佛脚,天天吃,电竞社,靠奖学金过日子,食堂的那个窗口,选了，但没去过几次,看台或树下，看别人动,去操场跑到没力气,运动记录、跑步路线、装备
S1235,宿舍床上,死磕课本,天天吃,乐队,家里定时打钱,操场的那圈跑道,让室友帮忙占座，自己慢慢来,羽毛球乒乓球，约人打,给家里打个电话,和朋友：合影、表情包、抓拍
S1236,宿舍床上,刷往年题,天天吃,电竞社,家里定时打钱,什么也没带走，但也没白来,卡着铃声冲进去，坐最后一排,看台或树下，看别人动,开黑到凌晨，把气打出去,风景和现场：演出、展览、天空
S1237,操场跑道,死磕课本,从不,辩论队,兼职自力更生,图书馆那张常坐的座位,提前十分钟到，坐前排,球场，组队打一场,去操场跑到没力气,课件、板书、PPT 截图
S1238,宿舍床上,组团开黑边复习,一周三五次,电竞社,兼职自力更生,食堂的那个窗口,卡着铃声冲进去，坐最后一排,看台或树下，看别人动,开黑到凌晨，把气打出去,和朋友：合影、表情包、抓拍
S1239,图书馆自习室,提前两周就复习完了,从不,志愿者协会,靠奖学金过日子,宿舍的那群人,让室友帮忙占座，自己慢慢来,器械区随便练练，练完就走,给家里打个电话,和朋友：合影、表情包、抓拍
S1240,网吧,组团开黑边复习,天天吃,辩论队,月初土豪，月底吃土,宿舍的那群人,卡着铃声冲进去，坐最后一排,看台或树下，看别人动,拉朋友出去吃一顿,风景和现场：演出、展览、天空
S1241,操场跑道,临时抱佛脚,天天吃,电竞社,兼职自力更生,什么也没带走，但也没白来,卡着铃声冲进去，坐最后一排,羽毛球乒乓球，约人打,拉朋友出去吃一顿,和朋友：合影、表情包、抓拍
S1242,图书馆自习室,刷往年题,从不,辩论队,家里定时打钱,图书馆那张常坐的座位,提前十分钟到，坐前排,看台或树下，看别人动,给家里打个电话,和朋友：合影、表情包、抓拍
S1243,操场跑道,组团开黑边复习,天天吃,乐队,兼职自力更生,宿舍的那群人,早上根本没课，我的课都在下午,看台或树下，看别人动,开黑到凌晨，把气打出去,和朋友：合影、表情包、抓拍
S1244,食堂窗口,组团开黑边复习,偶尔,电竞社,月初土豪，月底吃土,什么也没带走，但也没白来,早上根本没课，我的课都在下午,跑道上，一个人戴着耳机跑,开黑到凌晨，把气打出去,风景和现场：演出、展览、天空
S1245,宿舍床上,组团开黑边复习,天天吃,摄影社,家里定时打钱,什么也没带走，但也没白来,卡着铃声冲进去，坐最后一排,跑道上，一个人戴着耳机跑,拉朋友出去吃一顿,吃的：外卖、食堂、探店
S1246,网吧,临时抱佛脚,一周三五次,辩论队,月初土豪，月底吃土,图书馆那张常坐的座位,选了，但没去过几次,羽毛球乒乓球，约人打,去操场跑到没力气,吃的：外卖、食堂、探店
S1247,食堂窗口,组团开黑边复习,一周三五次,摄影社,兼职自力更生,宿舍的那群人,让室友帮忙占座，自己慢慢来,羽毛球乒乓球，约人打,拉朋友出去吃一顿,运动记录、跑步路线、装备
S1248,图书馆自习室,提前两周就复习完了,偶尔,摄影社,靠奖学金过日子,图书馆那张常坐的座位,提前十分钟到，坐前排,看台或树下，看别人动,拉朋友出去吃一顿,课件、板书、PPT 截图
S1249,图书馆自习室,提前两周就复习完了,从不,辩论队,靠奖学金过日子,图书馆那张常坐的座位,提前十分钟到，坐前排,跑道上，一个人戴着耳机跑,睡一觉，第二天照常,课件、板书、PPT 截图
S1250,宿舍床上,死磕课本,偶尔,辩论队,月初土豪，月底吃土,什么也没带走，但也没白来,让室友帮忙占座，自己慢慢来,羽毛球乒乓球，约人打,开黑到凌晨，把气打出去,课件、板书、PPT 截图
S1251,食堂窗口,死磕课本,偶尔,乐队,家里定时打钱,图书馆那张常坐的座位,提前十分钟到，坐前排,器械区随便练练，练完就走,给家里打个电话,和朋友：合影、表情包、抓拍
S1252,操场跑道,组团开黑边复习,偶尔,辩论队,靠奖学金过日子,宿舍的那群人,卡着铃声冲进去，坐最后一排,跑道上，一个人戴着耳机跑,给家里打个电话,风景和现场：演出、展览、天空
S1253,图书馆自习室,提前两周就复习完了,一周三五次,辩论队,家里定时打钱,操场的那圈跑道,早上根本没课，我的课都在下午,羽毛球乒乓球，约人打,睡一觉，第二天照常,课件、板书、PPT 截图
S1254,操场跑道,死磕课本,一周三五次,辩论队,兼职自力更生,操场的那圈跑道,提前十分钟到，坐前排,跑道上，一个人戴着耳机跑,给家里打个电话,运动记录、跑步路线、装备
S1255,网吧,临时抱佛脚,天天吃,乐队,月初土豪，月底吃土,图书馆那张常坐的座位,让室友帮忙占座，自己慢慢来,球场，组队打一场,拉朋友出去吃一顿,吃的：外卖、食堂、探店
S1256,宿舍床上,死磕课本,偶尔,辩论队,靠奖学金过日子,图书馆那张常坐的座位,提前十分钟到，坐前排,看台或树下，看别人动,拉朋友出去吃一顿,课件、板书、PPT 截图
S1257,图书馆自习室,刷往年题,一周三五次,志愿者协会,靠奖学金过日子,图书馆那张常坐的座位,提前十分钟到，坐前排,跑道上，一个人戴着耳机跑,睡一觉，第二天照常,风景和现场：演出、展览、天空
S1258,图书馆自习室,死磕课本,一周三五次,辩论队,靠奖学金过日子,图书馆那张常坐的座位,让室友帮忙占座，自己慢慢来,羽毛球乒乓球，约人打,睡一觉，第二天照常,风景和现场：演出、展览、天空
S1259,宿舍床上,组团开黑边复习,一周三五次,辩论队,月初土豪，月底吃土,食堂的那个窗口,选了，但没去过几次,跑道上，一个人戴着耳机跑,睡一觉，第二天照常,吃的：外卖、食堂、探店
S1260,网吧,死磕课本,一周三五次,志愿者协会,月初土豪，月底吃土,操场的那圈跑道,卡着铃声冲进去，坐最后一排,跑道上，一个人戴着耳机跑,开黑到凌晨，把气打出去,运动记录、跑步路线、装备
S1261,食堂窗口,提前两周就复习完了,天天吃,志愿者协会,靠奖学金过日子,操场的那圈跑道,卡着铃声冲进去，坐最后一排,羽毛球乒乓球，约人打,开黑到凌晨，把气打出去,运动记录、跑步路线、装备
S1262,食堂窗口,组团开黑边复习,一周三五次,乐队,家里定时打钱,食堂的那个窗口,卡着铃声冲进去，坐最后一排,羽毛球乒乓球，约人打,开黑到凌晨，把气打出去,吃的：外卖、食堂、探店
S1263,宿舍床上,刷往年题,从不,辩论队,家里定时打钱,宿舍的那群人,提前十分钟到，坐前排,跑道上，一个人戴着耳机跑,去操场跑到没力气,运动记录、跑步路线、装备
S1264,网吧,死磕课本,天天吃,摄影社,月初土豪，月底吃土,食堂的那个窗口,卡着铃声冲进去，坐最后一排,球场，组队打一场,睡一觉，第二天照常,和朋友：合影、表情包、抓拍
S1265,网吧,临时抱佛脚,一周三五次,辩论队,月初土豪，月底吃土,食堂的那个窗口,让室友帮忙占座，自己慢慢来,看台或树下，看别人动,拉朋友出去吃一顿,和朋友：合影、表情包、抓拍
S1266,网吧,组团开黑边复习,天天吃,电竞社,月初土豪，月底吃土,宿舍的那群人,卡着铃声冲进去，坐最后一排,羽毛球乒乓球，约人打,拉朋友出去吃一顿,吃的：外卖、食堂、探店
S1267,网吧,临时抱佛脚,一周三五次,电竞社,月初土豪，月底吃土,食堂的那个窗口,卡着铃声冲进去，坐最后一排,看台或树下，看别人动,开黑到凌晨，把气打出去,风景和现场：演出、展览、天空
S1268,宿舍床上,提前两周就复习完了,从不,辩论队,靠奖学金过日子,什么也没带走，但也没白来,提前十分钟到，坐前排,球场，组队打一场,睡一觉，第二天照常,课件、板书、PPT 截图
S1269,食堂窗口,刷往年题,一周三五次,志愿者协会,兼职自力更生,食堂的那个窗口,早上根本没课，我的课都在下午,看台或树下，看别人动,给家里打个电话,吃的：外卖、食堂、探店
S1270,操场跑道,刷往年题,从不,辩论队,兼职自力更生,图书馆那张常坐的座位,卡着铃声冲进去，坐最后一排,跑道上，一个人戴着耳机跑,去操场跑到没力气,风景和现场：演出、展览、天空
S1271,图书馆自习室,提前两周就复习完了,偶尔,辩论队,靠奖学金过日子,图书馆那张常坐的座位,提前十分钟到，坐前排,球场，组队打一场,去操场跑到没力气,风景和现场：演出、展览、天空
S1272,图书馆自习室,死磕课本,偶尔,志愿者协会,靠奖学金过日子,图书馆那张常坐的座位,提前十分钟到，坐前排,羽毛球乒乓球，约人打,睡一觉，第二天照常,和朋友：合影、表情包、抓拍
S1273,宿舍床上,死磕课本,一周三五次,电竞社,家里定时打钱,宿舍的那群人,选了，但没去过几次,跑道上，一个人戴着耳机跑,给家里打个电话,风景和现场：演出、展览、天空
S1274,食堂窗口,提前两周就复习完了,从不,辩论队,家里定时打钱,图书馆那张常坐的座位,提前十分钟到，坐前排,跑道上，一个人戴着耳机跑,拉朋友出去吃一顿,课件、板书、PPT 截图
S1275,网吧,临时抱佛脚,天天吃,辩论队,月初土豪，月底吃土,宿舍的那群人,选了，但没去过几次,看台或树下，看别人动,去操场跑到没力气,课件、板书、PPT 截图
S1276,宿舍床上,刷往年题,天天吃,摄影社,兼职自力更生,什么也没带走，但也没白来,让室友帮忙占座，自己慢慢来,跑道上，一个人戴着耳机跑,去操场跑到没力气,吃的：外卖、食堂、探店
S1277,宿舍床上,组团开黑边复习,天天吃,摄影社,靠奖学金过日子,什么也没带走，但也没白来,早上根本没课，我的课都在下午,器械区随便练练，练完就走,拉朋友出去吃一顿,和朋友：合影、表情包、抓拍
S1278,操场跑道,刷往年题,天天吃,乐队,兼职自力更生,食堂的那个窗口,让室友帮忙占座，自己慢慢来,球场，组队打一场,去操场跑到没力气,吃的：外卖、食堂、探店
S1279,宿舍床上,组团开黑边复习,一周三五次,乐队,月初土豪，月底吃土,操场的那圈跑道,早上根本没课，我的课都在下午,跑道上，一个人戴着耳机跑,睡一觉，第二天照常,和朋友：合影、表情包、抓拍
S1280,宿舍床上,组团开黑边复习,一周三五次,志愿者协会,月初土豪，月底吃土,什么也没带走，但也没白来,卡着铃声冲进去，坐最后一排,球场，组队打一场,开黑到凌晨，把气打出去,吃的：外卖、食堂、探店
S1281,食堂窗口,临时抱佛脚,一周三五次,志愿者协会,兼职自力更生,操场的那圈跑道,让室友帮忙占座，自己慢慢来,跑道上，一个人戴着耳机跑,拉朋友出去吃一顿,运动记录、跑步路线、装备
S1282,图书馆自习室,提前两周就复习完了,从不,志愿者协会,月初土豪，月底吃土,图书馆那张常坐的座位,提前十分钟到，坐前排,器械区随便练练，练完就走,睡一觉，第二天照常,风景和现场：演出、展览、天空
S1283,图书馆自习室,刷往年题,偶尔,摄影社,兼职自力更生,图书馆那张常坐的座位,让室友帮忙占座，自己慢慢来,球场，组队打一场,睡一觉，第二天照常,课件、板书、PPT 截图
S1284,操场跑道,组团开黑边复习,天天吃,电竞社,月初土豪，月底吃土,宿舍的那群人,让室友帮忙占座，自己慢慢来,羽毛球乒乓球，约人打,拉朋友出去吃一顿,吃的：外卖、食堂、探店
S1285,食堂窗口,死磕课本,天天吃,乐队,家里定时打钱,什么也没带走，但也没白来,早上根本没课，我的课都在下午,器械区随便练练，练完就走,给家里打个电话,和朋友：合影、表情包、抓拍
S1286,食堂窗口,组团开黑边复习,一周三五次,乐队,靠奖学金过日子,什么也没带走，但也没白来,选了，但没去过几次,看台或树下，看别人动,开黑到凌晨，把气打出去,课件、板书、PPT 截图
S1287,网吧,死磕课本,一周三五次,乐队,月初土豪，月底吃土,食堂的那个窗口,卡着铃声冲进去，坐最后一排,羽毛球乒乓球，约人打,拉朋友出去吃一顿,和朋友：合影、表情包、抓拍
S1288,食堂窗口,组团开黑边复习,天天吃,志愿者协会,兼职自力更生,食堂的那个窗口,让室友帮忙占座，自己慢慢来,羽毛球乒乓球，约人打,拉朋友出去吃一顿,吃的：外卖、食堂、探店
S1289,图书馆自习室,组团开黑边复习,天天吃,乐队,兼职自力更生,宿舍的那群人,早上根本没课，我的课都在下午,球场，组队打一场,给家里打个电话,运动记录、跑步路线、装备
S1290,图书馆自习室,提前两周就复习完了,天天吃,摄影社,靠奖学金过日子,操场的那圈跑道,提前十分钟到，坐前排,球场，组队打一场,拉朋友出去吃一顿,吃的：外卖、食堂、探店
S1291,图书馆自习室,组团开黑边复习,天天吃,辩论队,月初土豪，月底吃土,操场的那圈跑道,提前十分钟到，坐前排,看台或树下，看别人动,去操场跑到没力气,运动记录、跑步路线、装备
S1292,宿舍床上,刷往年题,一周三五次,乐队,月初土豪，月底吃土,宿舍的那群人,选了，但没去过几次,器械区随便练练，练完就走,开黑到凌晨，把气打出去,吃的：外卖、食堂、探店
S1293,网吧,临时抱佛脚,从不,乐队,月初土豪，月底吃土,什么也没带走，但也没白来,早上根本没课，我的课都在下午,球场，组队打一场,睡一觉，第二天照常,吃的：外卖、食堂、探店
S1294,网吧,组团开黑边复习,偶尔,电竞社,兼职自力更生,宿舍的那群人,卡着铃声冲进去，坐最后一排,看台或树下，看别人动,睡一觉，第二天照常,吃的：外卖、食堂、探店
S1295,操场跑道,提前两周就复习完了,从不,志愿者协会,兼职自力更生,什么也没带走，但也没白来,卡着铃声冲进去，坐最后一排,器械区随便练练，练完就走,睡一觉，第二天照常,运动记录、跑步路线、装备
S1296,宿舍床上,刷往年题,天天吃,乐队,月初土豪，月底吃土,什么也没带走，但也没白来,选了，但没去过几次,看台或树下，看别人动,给家里打个电话,运动记录、跑步路线、装备
S1297,网吧,组团开黑边复习,偶尔,电竞社,月初土豪，月底吃土,宿舍的那群人,选了，但没去过几次,看台或树下，看别人动,开黑到凌晨，把气打出去,和朋友：合影、表情包、抓拍
S1298,网吧,组团开黑边复习,偶尔,志愿者协会,家里定时打钱,宿舍的那群人,提前十分钟到，坐前排,看台或树下，看别人动,拉朋友出去吃一顿,运动记录、跑步路线、装备
S1299,图书馆自习室,刷往年题,从不,辩论队,家里定时打钱,食堂的那个窗口,早上根本没课，我的课都在下午,羽毛球乒乓球，约人打,去操场跑到没力气,和朋友：合影、表情包、抓拍
S1300,图书馆自习室,提前两周就复习完了,偶尔,摄影社,靠奖学金过日子,图书馆那张常坐的座位,让室友帮忙占座，自己慢慢来,器械区随便练练，练完就走,睡一觉，第二天照常,风景和现场：演出、展览、天空
S1301,操场跑道,提前两周就复习完了,偶尔,乐队,家里定时打钱,食堂的那个窗口,卡着铃声冲进去，坐最后一排,看台或树下，看别人动,开黑到凌晨，把气打出去,课件、板书、PPT 截图
S1302,操场跑道,刷往年题,偶尔,志愿者协会,兼职自力更生,图书馆那张常坐的座位,卡着铃声冲进去，坐最后一排,跑道上，一个人戴着耳机跑,给家里打个电话,风景和现场：演出、展览、天空
S1303,宿舍床上,刷往年题,一周三五次,志愿者协会,月初土豪，月底吃土,操场的那圈跑道,让室友帮忙占座，自己慢慢来,器械区随便练练，练完就走,去操场跑到没力气,运动记录、跑步路线、装备
S1304,宿舍床上,刷往年题,偶尔,志愿者协会,靠奖学金过日子,宿舍的那群人,卡着铃声冲进去，坐最后一排,球场，组队打一场,拉朋友出去吃一顿,和朋友：合影、表情包、抓拍
S1305,网吧,组团开黑边复习,天天吃,摄影社,月初土豪，月底吃土,什么也没带走，但也没白来,早上根本没课，我的课都在下午,球场，组队打一场,开黑到凌晨，把气打出去,吃的：外卖、食堂、探店
S1306,宿舍床上,提前两周就复习完了,偶尔,志愿者协会,靠奖学金过日子,操场的那圈跑道,早上根本没课，我的课都在下午,看台或树下，看别人动,给家里打个电话,运动记录、跑步路线、装备
S1307,宿舍床上,提前两周就复习完了,天天吃,电竞社,月初土豪，月底吃土,食堂的那个窗口,选了，但没去过几次,羽毛球乒乓球，约人打,睡一觉，第二天照常,和朋友：合影、表情包、抓拍
S1308,操场跑道,临时抱佛脚,偶尔,志愿者协会,家里定时打钱,宿舍的那群人,让室友帮忙占座，自己慢慢来,球场，组队打一场,睡一觉，第二天照常,和朋友：合影、表情包、抓拍
S1309,宿舍床上,临时抱佛脚,天天吃,志愿者协会,月初土豪，月底吃土,操场的那圈跑道,早上根本没课，我的课都在下午,羽毛球乒乓球，约人打,拉朋友出去吃一顿,和朋友：合影、表情包、抓拍
S1310,操场跑道,临时抱佛脚,一周三五次,辩论队,月初土豪，月底吃土,食堂的那个窗口,早上根本没课，我的课都在下午,跑道上，一个人戴着耳机跑,拉朋友出去吃一顿,风景和现场：演出、展览、天空
S1311,图书馆自习室,提前两周就复习完了,天天吃,乐队,靠奖学金过日子,图书馆那张常坐的座位,卡着铃声冲进去，坐最后一排,器械区随便练练，练完就走,给家里打个电话,风景和现场：演出、展览、天空
S1312,图书馆自习室,组团开黑边复习,一周三五次,志愿者协会,兼职自力更生,操场的那圈跑道,让室友帮忙占座，自己慢慢来,球场，组队打一场,拉朋友出去吃一顿,吃的：外卖、食堂、探店
S1313,宿舍床上,提前两周就复习完了,一周三五次,辩论队,靠奖学金过日子,图书馆那张常坐的座位,让室友帮忙占座，自己慢慢来,器械区随便练练，练完就走,拉朋友出去吃一顿,课件、板书、PPT 截图
S1314,食堂窗口,组团开黑边复习,天天吃,辩论队,家里定时打钱,宿舍的那群人,早上根本没课，我的课都在下午,球场，组队打一场,开黑到凌晨，把气打出去,和朋友：合影、表情包、抓拍
S1315,操场跑道,提前两周就复习完了,一周三五次,志愿者协会,月初土豪，月底吃土,宿舍的那群人,让室友帮忙占座，自己慢慢来,球场，组队打一场,拉朋友出去吃一顿,和朋友：合影、表情包、抓拍
S1316,网吧,组团开黑边复习,一周三五次,电竞社,月初土豪，月底吃土,什么也没带走，但也没白来,早上根本没课，我的课都在下午,跑道上，一个人戴着耳机跑,给家里打个电话,和朋友：合影、表情包、抓拍
S1317,食堂窗口,组团开黑边复习,从不,辩论队,靠奖学金过日子,图书馆那张常坐的座位,选了，但没去过几次,球场，组队打一场,睡一觉，第二天照常,风景和现场：演出、展览、天空
S1318,网吧,组团开黑边复习,偶尔,电竞社,月初土豪，月底吃土,宿舍的那群人,让室友帮忙占座，自己慢慢来,球场，组队打一场,去操场跑到没力气,和朋友：合影、表情包、抓拍
S1319,操场跑道,组团开黑边复习,天天吃,摄影社,月初土豪，月底吃土,宿舍的那群人,选了，但没去过几次,器械区随便练练，练完就走,开黑到凌晨，把气打出去,和朋友：合影、表情包、抓拍
S1320,食堂窗口,组团开黑边复习,一周三五次,辩论队,家里定时打钱,图书馆那张常坐的座位,提前十分钟到，坐前排,球场，组队打一场,开黑到凌晨，把气打出去,和朋友：合影、表情包、抓拍
S1321,食堂窗口,临时抱佛脚,一周三五次,辩论队,月初土豪，月底吃土,宿舍的那群人,卡着铃声冲进去，坐最后一排,球场，组队打一场,拉朋友出去吃一顿,和朋友：合影、表情包、抓拍
S1322,宿舍床上,刷往年题,从不,摄影社,月初土豪，月底吃土,什么也没带走，但也没白来,选了，但没去过几次,器械区随便练练，练完就走,去操场跑到没力气,风景和现场：演出、展览、天空
S1323,操场跑道,提前两周就复习完了,从不,摄影社,兼职自力更生,操场的那圈跑道,提前十分钟到，坐前排,跑道上，一个人戴着耳机跑,去操场跑到没力气,风景和现场：演出、展览、天空
S1324,操场跑道,组团开黑边复习,天天吃,乐队,家里定时打钱,宿舍的那群人,让室友帮忙占座，自己慢慢来,球场，组队打一场,开黑到凌晨，把气打出去,吃的：外卖、食堂、探店
S1325,操场跑道,刷往年题,一周三五次,志愿者协会,家里定时打钱,操场的那圈跑道,提前十分钟到，坐前排,跑道上，一个人戴着耳机跑,去操场跑到没力气,风景和现场：演出、展览、天空
S1326,食堂窗口,刷往年题,从不,摄影社,兼职自力更生,图书馆那张常坐的座位,卡着铃声冲进去，坐最后一排,跑道上，一个人戴着耳机跑,给家里打个电话,运动记录、跑步路线、装备
S1327,宿舍床上,组团开黑边复习,天天吃,乐队,月初土豪，月底吃土,操场的那圈跑道,让室友帮忙占座，自己慢慢来,球场，组队打一场,给家里打个电话,风景和现场：演出、展览、天空
S1328,食堂窗口,刷往年题,从不,乐队,家里定时打钱,宿舍的那群人,选了，但没去过几次,跑道上，一个人戴着耳机跑,睡一觉，第二天照常,和朋友：合影、表情包、抓拍
S1329,食堂窗口,刷往年题,一周三五次,志愿者协会,兼职自力更生,食堂的那个窗口,选了，但没去过几次,器械区随便练练，练完就走,睡一觉，第二天照常,吃的：外卖、食堂、探店
S1330,网吧,临时抱佛脚,天天吃,志愿者协会,兼职自力更生,图书馆那张常坐的座位,选了，但没去过几次,羽毛球乒乓球，约人打,给家里打个电话,吃的：外卖、食堂、探店
S1331,食堂窗口,提前两周就复习完了,偶尔,志愿者协会,靠奖学金过日子,图书馆那张常坐的座位,提前十分钟到，坐前排,跑道上，一个人戴着耳机跑,睡一觉，第二天照常,风景和现场：演出、展览、天空
S1332,网吧,组团开黑边复习,偶尔,乐队,月初土豪，月底吃土,什么也没带走，但也没白来,让室友帮忙占座，自己慢慢来,看台或树下，看别人动,去操场跑到没力气,和朋友：合影、表情包、抓拍
S1333,食堂窗口,死磕课本,天天吃,摄影社,兼职自力更生,操场的那圈跑道,选了，但没去过几次,球场，组队打一场,给家里打个电话,课件、板书、PPT 截图
S1334,宿舍床上,临时抱佛脚,天天吃,电竞社,月初土豪，月底吃土,什么也没带走，但也没白来,早上根本没课，我的课都在下午,看台或树下，看别人动,给家里打个电话,风景和现场：演出、展览、天空
S1335,操场跑道,死磕课本,偶尔,电竞社,靠奖学金过日子,操场的那圈跑道,提前十分钟到，坐前排,跑道上，一个人戴着耳机跑,睡一觉，第二天照常,运动记录、跑步路线、装备
S1336,网吧,临时抱佛脚,天天吃,乐队,月初土豪，月底吃土,宿舍的那群人,早上根本没课，我的课都在下午,看台或树下，看别人动,开黑到凌晨，把气打出去,风景和现场：演出、展览、天空
S1337,操场跑道,组团开黑边复习,天天吃,电竞社,月初土豪，月底吃土,宿舍的那群人,卡着铃声冲进去，坐最后一排,球场，组队打一场,睡一觉，第二天照常,吃的：外卖、食堂、探店
S1338,宿舍床上,临时抱佛脚,天天吃,电竞社,兼职自力更生,食堂的那个窗口,早上根本没课，我的课都在下午,器械区随便练练，练完就走,给家里打个电话,吃的：外卖、食堂、探店
S1339,食堂窗口,组团开黑边复习,天天吃,志愿者协会,月初土豪，月底吃土,图书馆那张常坐的座位,让室友帮忙占座，自己慢慢来,看台或树下，看别人动,开黑到凌晨，把气打出去,吃的：外卖、食堂、探店
S1340,食堂窗口,临时抱佛脚,一周三五次,志愿者协会,月初土豪，月底吃土,操场的那圈跑道,提前十分钟到，坐前排,器械区随便练练，练完就走,给家里打个电话,和朋友：合影、表情包、抓拍
S1341,食堂窗口,临时抱佛脚,从不,辩论队,月初土豪，月底吃土,操场的那圈跑道,卡着铃声冲进去，坐最后一排,看台或树下，看别人动,给家里打个电话,和朋友：合影、表情包、抓拍
S1342,宿舍床上,死磕课本,天天吃,摄影社,兼职自力更生,食堂的那个窗口,选了，但没去过几次,看台或树下，看别人动,拉朋友出去吃一顿,吃的：外卖、食堂、探店
S1343,操场跑道,提前两周就复习完了,一周三五次,志愿者协会,兼职自力更生,什么也没带走，但也没白来,卡着铃声冲进去，坐最后一排,球场，组队打一场,去操场跑到没力气,运动记录、跑步路线、装备
S1344,图书馆自习室,刷往年题,一周三五次,志愿者协会,兼职自力更生,操场的那圈跑道,让室友帮忙占座，自己慢慢来,器械区随便练练，练完就走,给家里打个电话,和朋友：合影、表情包、抓拍
S1345,食堂窗口,临时抱佛脚,天天吃,摄影社,家里定时打钱,食堂的那个窗口,选了，但没去过几次,看台或树下，看别人动,睡一觉，第二天照常,和朋友：合影、表情包、抓拍
S1346,图书馆自习室,死磕课本,一周三五次,辩论队,靠奖学金过日子,图书馆那张常坐的座位,提前十分钟到，坐前排,器械区随便练练，练完就走,睡一觉，第二天照常,课件、板书、PPT 截图
S1347,食堂窗口,组团开黑边复习,天天吃,乐队,月初土豪，月底吃土,宿舍的那群人,让室友帮忙占座，自己慢慢来,球场，组队打一场,睡一觉，第二天照常,和朋友：合影、表情包、抓拍
S1348,操场跑道,死磕课本,从不,志愿者协会,兼职自力更生,操场的那圈跑道,提前十分钟到，坐前排,跑道上，一个人戴着耳机跑,给家里打个电话,风景和现场：演出、展览、天空
S1349,图书馆自习室,提前两周就复习完了,从不,辩论队,家里定时打钱,图书馆那张常坐的座位,提前十分钟到，坐前排,球场，组队打一场,睡一觉，第二天照常,课件、板书、PPT 截图
S1350,食堂窗口,刷往年题,天天吃,摄影社,家里定时打钱,宿舍的那群人,让室友帮忙占座，自己慢慢来,看台或树下，看别人动,拉朋友出去吃一顿,吃的：外卖、食堂、探店
S1351,宿舍床上,死磕课本,从不,志愿者协会,家里定时打钱,什么也没带走，但也没白来,选了，但没去过几次,羽毛球乒乓球，约人打,睡一觉，第二天照常,运动记录、跑步路线、装备
S1352,网吧,组团开黑边复习,一周三五次,志愿者协会,家里定时打钱,宿舍的那群人,让室友帮忙占座，自己慢慢来,球场，组队打一场,拉朋友出去吃一顿,和朋友：合影、表情包、抓拍
S1353,宿舍床上,组团开黑边复习,偶尔,乐队,兼职自力更生,什么也没带走，但也没白来,早上根本没课，我的课都在下午,看台或树下，看别人动,开黑到凌晨，把气打出去,风景和现场：演出、展览、天空
S1354,宿舍床上,刷往年题,从不,乐队,靠奖学金过日子,操场的那圈跑道,卡着铃声冲进去，坐最后一排,器械区随便练练，练完就走,给家里打个电话,吃的：外卖、食堂、探店
S1355,网吧,死磕课本,天天吃,志愿者协会,月初土豪，月底吃土,宿舍的那群人,提前十分钟到，坐前排,羽毛球乒乓球，约人打,拉朋友出去吃一顿,和朋友：合影、表情包、抓拍
S1356,网吧,死磕课本,从不,乐队,兼职自力更生,什么也没带走，但也没白来,卡着铃声冲进去，坐最后一排,跑道上，一个人戴着耳机跑,给家里打个电话,风景和现场：演出、展览、天空
S1357,食堂窗口,组团开黑边复习,从不,志愿者协会,月初土豪，月底吃土,操场的那圈跑道,提前十分钟到，坐前排,羽毛球乒乓球，约人打,给家里打个电话,风景和现场：演出、展览、天空
S1358,宿舍床上,刷往年题,天天吃,电竞社,月初土豪，月底吃土,食堂的那个窗口,让室友帮忙占座，自己慢慢来,器械区随便练练，练完就走,开黑到凌晨，把气打出去,风景和现场：演出、展览、天空
S1359,操场跑道,提前两周就复习完了,一周三五次,辩论队,兼职自力更生,图书馆那张常坐的座位,提前十分钟到，坐前排,跑道上，一个人戴着耳机跑,去操场跑到没力气,课件、板书、PPT 截图
S1360,宿舍床上,组团开黑边复习,天天吃,摄影社,靠奖学金过日子,图书馆那张常坐的座位,卡着铃声冲进去，坐最后一排,跑道上，一个人戴着耳机跑,给家里打个电话,风景和现场：演出、展览、天空
S1361,网吧,临时抱佛脚,一周三五次,电竞社,家里定时打钱,宿舍的那群人,让室友帮忙占座，自己慢慢来,羽毛球乒乓球，约人打,开黑到凌晨，把气打出去,吃的：外卖、食堂、探店
S1362,食堂窗口,组团开黑边复习,一周三五次,摄影社,月初土豪，月底吃土,食堂的那个窗口,提前十分钟到，坐前排,羽毛球乒乓球，约人打,开黑到凌晨，把气打出去,运动记录、跑步路线、装备
S1363,操场跑道,提前两周就复习完了,从不,电竞社,靠奖学金过日子,图书馆那张常坐的座位,提前十分钟到，坐前排,羽毛球乒乓球，约人打,给家里打个电话,课件、板书、PPT 截图
S1364,网吧,临时抱佛脚,天天吃,志愿者协会,兼职自力更生,宿舍的那群人,卡着铃声冲进去，坐最后一排,看台或树下，看别人动,拉朋友出去吃一顿,运动记录、跑步路线、装备
S1365,图书馆自习室,死磕课本,从不,摄影社,靠奖学金过日子,图书馆那张常坐的座位,让室友帮忙占座，自己慢慢来,器械区随便练练，练完就走,给家里打个电话,课件、板书、PPT 截图
S1366,图书馆自习室,提前两周就复习完了,天天吃,摄影社,靠奖学金过日子,宿舍的那群人,早上根本没课，我的课都在下午,看台或树下，看别人动,开黑到凌晨，把气打出去,和朋友：合影、表情包、抓拍
S1367,网吧,组团开黑边复习,天天吃,摄影社,家里定时打钱,食堂的那个窗口,让室友帮忙占座，自己慢慢来,器械区随便练练，练完就走,开黑到凌晨，把气打出去,和朋友：合影、表情包、抓拍
S1368,操场跑道,刷往年题,一周三五次,乐队,兼职自力更生,食堂的那个窗口,选了，但没去过几次,球场，组队打一场,睡一觉，第二天照常,吃的：外卖、食堂、探店
S1369,宿舍床上,临时抱佛脚,天天吃,电竞社,月初土豪，月底吃土,操场的那圈跑道,早上根本没课，我的课都在下午,跑道上，一个人戴着耳机跑,拉朋友出去吃一顿,吃的：外卖、食堂、探店
S1370,操场跑道,组团开黑边复习,从不,摄影社,兼职自力更生,操场的那圈跑道,卡着铃声冲进去，坐最后一排,跑道上，一个人戴着耳机跑,给家里打个电话,运动记录、跑步路线、装备
S1371,操场跑道,组团开黑边复习,天天吃,辩论队,兼职自力更生,宿舍的那群人,卡着铃声冲进去，坐最后一排,跑道上，一个人戴着耳机跑,拉朋友出去吃一顿,吃的：外卖、食堂、探店
S1372,操场跑道,刷往年题,偶尔,志愿者协会,靠奖学金过日子,图书馆那张常坐的座位,卡着铃声冲进去，坐最后一排,跑道上，一个人戴着耳机跑,给家里打个电话,风景和现场：演出、展览、天空
S1373,食堂窗口,刷往年题,天天吃,乐队,靠奖学金过日子,食堂的那个窗口,卡着铃声冲进去，坐最后一排,羽毛球乒乓球，约人打,拉朋友出去吃一顿,吃的：外卖、食堂、探店
S1374,图书馆自习室,死磕课本,一周三五次,志愿者协会,靠奖学金过日子,图书馆那张常坐的座位,提前十分钟到，坐前排,跑道上，一个人戴着耳机跑,给家里打个电话,课件、板书、PPT 截图
S1375,食堂窗口,刷往年题,天天吃,乐队,月初土豪，月底吃土,食堂的那个窗口,卡着铃声冲进去，坐最后一排,球场，组队打一场,给家里打个电话,吃的：外卖、食堂、探店
S1376,宿舍床上,死磕课本,偶尔,乐队,家里定时打钱,什么也没带走，但也没白来,早上根本没课，我的课都在下午,看台或树下，看别人动,睡一觉，第二天照常,吃的：外卖、食堂、探店
S1377,操场跑道,死磕课本,一周三五次,志愿者协会,靠奖学金过日子,食堂的那个窗口,卡着铃声冲进去，坐最后一排,球场，组队打一场,去操场跑到没力气,和朋友：合影、表情包、抓拍
S1378,宿舍床上,提前两周就复习完了,从不,辩论队,靠奖学金过日子,图书馆那张常坐的座位,提前十分钟到，坐前排,器械区随便练练，练完就走,睡一觉，第二天照常,风景和现场：演出、展览、天空
S1379,食堂窗口,组团开黑边复习,一周三五次,摄影社,月初土豪，月底吃土,操场的那圈跑道,提前十分钟到，坐前排,球场，组队打一场,给家里打个电话,吃的：外卖、食堂、探店
S1380,宿舍床上,组团开黑边复习,天天吃,志愿者协会,靠奖学金过日子,操场的那圈跑道,早上根本没课，我的课都在下午,球场，组队打一场,睡一觉，第二天照常,吃的：外卖、食堂、探店
S1381,网吧,组团开黑边复习,天天吃,志愿者协会,月初土豪，月底吃土,宿舍的那群人,让室友帮忙占座，自己慢慢来,球场，组队打一场,开黑到凌晨，把气打出去,和朋友：合影、表情包、抓拍
S1382,图书馆自习室,提前两周就复习完了,偶尔,辩论队,靠奖学金过日子,图书馆那张常坐的座位,让室友帮忙占座，自己慢慢来,跑道上，一个人戴着耳机跑,拉朋友出去吃一顿,吃的：外卖、食堂、探店
S1383,食堂窗口,死磕课本,从不,志愿者协会,靠奖学金过日子,宿舍的那群人,提前十分钟到，坐前排,球场，组队打一场,睡一觉，第二天照常,课件、板书、PPT 截图
S1384,操场跑道,提前两周就复习完了,从不,摄影社,兼职自力更生,操场的那圈跑道,提前十分钟到，坐前排,羽毛球乒乓球，约人打,去操场跑到没力气,运动记录、跑步路线、装备
S1385,食堂窗口,组团开黑边复习,天天吃,辩论队,靠奖学金过日子,操场的那圈跑道,卡着铃声冲进去，坐最后一排,羽毛球乒乓球，约人打,给家里打个电话,吃的：外卖、食堂、探店
S1386,网吧,临时抱佛脚,一周三五次,摄影社,兼职自力更生,食堂的那个窗口,选了，但没去过几次,球场，组队打一场,开黑到凌晨，把气打出去,和朋友：合影、表情包、抓拍
S1387,图书馆自习室,刷往年题,一周三五次,乐队,靠奖学金过日子,图书馆那张常坐的座位,早上根本没课，我的课都在下午,跑道上，一个人戴着耳机跑,去操场跑到没力气,风景和现场：演出、展览、天空
S1388,食堂窗口,组团开黑边复习,天天吃,志愿者协会,家里定时打钱,宿舍的那群人,早上根本没课，我的课都在下午,羽毛球乒乓球，约人打,给家里打个电话,和朋友：合影、表情包、抓拍
S1389,网吧,刷往年题,从不,电竞社,兼职自力更生,什么也没带走，但也没白来,选了，但没去过几次,看台或树下，看别人动,拉朋友出去吃一顿,吃的：外卖、食堂、探店
S1390,网吧,刷往年题,一周三五次,志愿者协会,靠奖学金过日子,图书馆那张常坐的座位,选了，但没去过几次,看台或树下，看别人动,去操场跑到没力气,课件、板书、PPT 截图
S1391,食堂窗口,刷往年题,一周三五次,电竞社,月初土豪，月底吃土,宿舍的那群人,提前十分钟到，坐前排,看台或树下，看别人动,拉朋友出去吃一顿,吃的：外卖、食堂、探店
S1392,图书馆自习室,死磕课本,一周三五次,志愿者协会,靠奖学金过日子,图书馆那张常坐的座位,卡着铃声冲进去，坐最后一排,器械区随便练练，练完就走,给家里打个电话,课件、板书、PPT 截图
S1393,网吧,临时抱佛脚,偶尔,志愿者协会,家里定时打钱,宿舍的那群人,让室友帮忙占座，自己慢慢来,跑道上，一个人戴着耳机跑,给家里打个电话,课件、板书、PPT 截图
S1394,食堂窗口,组团开黑边复习,偶尔,乐队,月初土豪，月底吃土,宿舍的那群人,卡着铃声冲进去，坐最后一排,器械区随便练练，练完就走,睡一觉，第二天照常,课件、板书、PPT 截图
S1395,图书馆自习室,提前两周就复习完了,天天吃,辩论队,靠奖学金过日子,什么也没带走，但也没白来,提前十分钟到，坐前排,羽毛球乒乓球，约人打,去操场跑到没力气,课件、板书、PPT 截图
S1396,网吧,临时抱佛脚,一周三五次,辩论队,家里定时打钱,宿舍的那群人,提前十分钟到，坐前排,羽毛球乒乓球，约人打,拉朋友出去吃一顿,吃的：外卖、食堂、探店
S1397,图书馆自习室,死磕课本,偶尔,乐队,靠奖学金过日子,图书馆那张常坐的座位,卡着铃声冲进去，坐最后一排,跑道上，一个人戴着耳机跑,去操场跑到没力气,课件、板书、PPT 截图
S1398,网吧,临时抱佛脚,一周三五次,乐队,家里定时打钱,食堂的那个窗口,卡着铃声冲进去，坐最后一排,羽毛球乒乓球，约人打,睡一觉，第二天照常,和朋友：合影、表情包、抓拍
S1399,图书馆自习室,刷往年题,从不,乐队,家里定时打钱,图书馆那张常坐的座位,提前十分钟到，坐前排,羽毛球乒乓球，约人打,睡一觉，第二天照常,课件、板书、PPT 截图
S1400,食堂窗口,刷往年题,一周三五次,志愿者协会,月初土豪，月底吃土,食堂的那个窗口,卡着铃声冲进去，坐最后一排,看台或树下，看别人动,拉朋友出去吃一顿,和朋友：合影、表情包、抓拍
S1401,食堂窗口,刷往年题,从不,乐队,家里定时打钱,图书馆那张常坐的座位,提前十分钟到，坐前排,跑道上，一个人戴着耳机跑,睡一觉，第二天照常,运动记录、跑步路线、装备
S1402,食堂窗口,临时抱佛脚,一周三五次,乐队,兼职自力更生,操场的那圈跑道,选了，但没去过几次,羽毛球乒乓球，约人打,拉朋友出去吃一顿,和朋友：合影、表情包、抓拍
S1403,网吧,组团开黑边复习,天天吃,电竞社,兼职自力更生,食堂的那个窗口,让室友帮忙占座，自己慢慢来,球场，组队打一场,给家里打个电话,风景和现场：演出、展览、天空
S1404,宿舍床上,临时抱佛脚,天天吃,辩论队,家里定时打钱,食堂的那个窗口,让室友帮忙占座，自己慢慢来,羽毛球乒乓球，约人打,给家里打个电话,和朋友：合影、表情包、抓拍
S1405,操场跑道,组团开黑边复习,一周三五次,乐队,家里定时打钱,宿舍的那群人,提前十分钟到，坐前排,球场，组队打一场,睡一觉，第二天照常,运动记录、跑步路线、装备
S1406,操场跑道,刷往年题,从不,摄影社,家里定时打钱,宿舍的那群人,提前十分钟到，坐前排,羽毛球乒乓球，约人打,去操场跑到没力气,课件、板书、PPT 截图
S1407,图书馆自习室,组团开黑边复习,一周三五次,乐队,家里定时打钱,图书馆那张常坐的座位,让室友帮忙占座，自己慢慢来,羽毛球乒乓球，约人打,开黑到凌晨，把气打出去,和朋友：合影、表情包、抓拍
S1408,网吧,死磕课本,偶尔,乐队,家里定时打钱,宿舍的那群人,选了，但没去过几次,看台或树下，看别人动,去操场跑到没力气,吃的：外卖、食堂、探店
S1409,图书馆自习室,提前两周就复习完了,从不,辩论队,靠奖学金过日子,图书馆那张常坐的座位,提前十分钟到，坐前排,球场，组队打一场,睡一觉，第二天照常,运动记录、跑步路线、装备
S1410,宿舍床上,提前两周就复习完了,一周三五次,摄影社,家里定时打钱,图书馆那张常坐的座位,卡着铃声冲进去，坐最后一排,球场，组队打一场,去操场跑到没力气,课件、板书、PPT 截图
S1411,食堂窗口,刷往年题,天天吃,志愿者协会,家里定时打钱,宿舍的那群人,提前十分钟到，坐前排,球场，组队打一场,给家里打个电话,吃的：外卖、食堂、探店
S1412,图书馆自习室,组团开黑边复习,天天吃,摄影社,月初土豪，月底吃土,宿舍的那群人,选了，但没去过几次,羽毛球乒乓球，约人打,去操场跑到没力气,风景和现场：演出、展览、天空
S1413,食堂窗口,刷往年题,一周三五次,乐队,家里定时打钱,操场的那圈跑道,让室友帮忙占座，自己慢慢来,羽毛球乒乓球，约人打,拉朋友出去吃一顿,吃的：外卖、食堂、探店
S1414,图书馆自习室,死磕课本,一周三五次,辩论队,家里定时打钱,操场的那圈跑道,提前十分钟到，坐前排,跑道上，一个人戴着耳机跑,去操场跑到没力气,吃的：外卖、食堂、探店
S1415,宿舍床上,组团开黑边复习,一周三五次,志愿者协会,靠奖学金过日子,宿舍的那群人,让室友帮忙占座，自己慢慢来,羽毛球乒乓球，约人打,给家里打个电话,和朋友：合影、表情包、抓拍
S1416,食堂窗口,临时抱佛脚,一周三五次,乐队,家里定时打钱,宿舍的那群人,早上根本没课，我的课都在下午,看台或树下，看别人动,睡一觉，第二天照常,吃的：外卖、食堂、探店
S1417,宿舍床上,刷往年题,偶尔,乐队,家里定时打钱,操场的那圈跑道,提前十分钟到，坐前排,器械区随便练练，练完就走,拉朋友出去吃一顿,吃的：外卖、食堂、探店
S1418,操场跑道,死磕课本,天天吃,志愿者协会,月初土豪，月底吃土,食堂的那个窗口,卡着铃声冲进去，坐最后一排,看台或树下，看别人动,拉朋友出去吃一顿,吃的：外卖、食堂、探店
S1419,宿舍床上,刷往年题,天天吃,乐队,月初土豪，月底吃土,图书馆那张常坐的座位,卡着铃声冲进去，坐最后一排,看台或树下，看别人动,拉朋友出去吃一顿,和朋友：合影、表情包、抓拍
S1420,操场跑道,提前两周就复习完了,偶尔,辩论队,家里定时打钱,图书馆那张常坐的座位,卡着铃声冲进去，坐最后一排,跑道上，一个人戴着耳机跑,睡一觉，第二天照常,课件、板书、PPT 截图
S1421,图书馆自习室,死磕课本,一周三五次,摄影社,家里定时打钱,宿舍的那群人,卡着铃声冲进去，坐最后一排,看台或树下，看别人动,去操场跑到没力气,课件、板书、PPT 截图
S1422,操场跑道,死磕课本,从不,摄影社,月初土豪，月底吃土,什么也没带走，但也没白来,早上根本没课，我的课都在下午,羽毛球乒乓球，约人打,拉朋友出去吃一顿,课件、板书、PPT 截图
S1423,图书馆自习室,提前两周就复习完了,一周三五次,志愿者协会,家里定时打钱,图书馆那张常坐的座位,提前十分钟到，坐前排,看台或树下，看别人动,去操场跑到没力气,和朋友：合影、表情包、抓拍
S1424,宿舍床上,组团开黑边复习,天天吃,志愿者协会,月初土豪，月底吃土,宿舍的那群人,让室友帮忙占座，自己慢慢来,看台或树下，看别人动,去操场跑到没力气,和朋友：合影、表情包、抓拍
S1425,操场跑道,刷往年题,偶尔,摄影社,兼职自力更生,操场的那圈跑道,提前十分钟到，坐前排,器械区随便练练，练完就走,去操场跑到没力气,运动记录、跑步路线、装备
S1426,操场跑道,刷往年题,偶尔,辩论队,兼职自力更生,操场的那圈跑道,让室友帮忙占座，自己慢慢来,球场，组队打一场,去操场跑到没力气,运动记录、跑步路线、装备
S1427,操场跑道,组团开黑边复习,从不,摄影社,月初土豪，月底吃土,图书馆那张常坐的座位,让室友帮忙占座，自己慢慢来,羽毛球乒乓球，约人打,开黑到凌晨，把气打出去,课件、板书、PPT 截图
S1428,图书馆自习室,刷往年题,一周三五次,乐队,兼职自力更生,操场的那圈跑道,卡着铃声冲进去，坐最后一排,球场，组队打一场,拉朋友出去吃一顿,风景和现场：演出、展览、天空
S1429,操场跑道,组团开黑边复习,一周三五次,志愿者协会,月初土豪，月底吃土,食堂的那个窗口,卡着铃声冲进去，坐最后一排,羽毛球乒乓球，约人打,给家里打个电话,和朋友：合影、表情包、抓拍
S1430,网吧,组团开黑边复习,一周三五次,电竞社,月初土豪，月底吃土,食堂的那个窗口,选了，但没去过几次,看台或树下，看别人动,去操场跑到没力气,吃的：外卖、食堂、探店
S1431,图书馆自习室,刷往年题,偶尔,志愿者协会,家里定时打钱,图书馆那张常坐的座位,提前十分钟到，坐前排,球场，组队打一场,去操场跑到没力气,课件、板书、PPT 截图
S1432,网吧,临时抱佛脚,一周三五次,乐队,家里定时打钱,什么也没带走，但也没白来,卡着铃声冲进去，坐最后一排,看台或树下，看别人动,开黑到凌晨，把气打出去,和朋友：合影、表情包、抓拍
S1433,网吧,临时抱佛脚,一周三五次,乐队,月初土豪，月底吃土,食堂的那个窗口,早上根本没课，我的课都在下午,球场，组队打一场,开黑到凌晨，把气打出去,和朋友：合影、表情包、抓拍
S1434,食堂窗口,组团开黑边复习,天天吃,电竞社,月初土豪，月底吃土,食堂的那个窗口,卡着铃声冲进去，坐最后一排,看台或树下，看别人动,开黑到凌晨，把气打出去,和朋友：合影、表情包、抓拍
S1435,网吧,组团开黑边复习,偶尔,电竞社,月初土豪，月底吃土,图书馆那张常坐的座位,早上根本没课，我的课都在下午,跑道上，一个人戴着耳机跑,开黑到凌晨，把气打出去,课件、板书、PPT 截图
S1436,食堂窗口,提前两周就复习完了,从不,电竞社,家里定时打钱,操场的那圈跑道,让室友帮忙占座，自己慢慢来,器械区随便练练，练完就走,去操场跑到没力气,运动记录、跑步路线、装备
S1437,食堂窗口,组团开黑边复习,从不,乐队,家里定时打钱,什么也没带走，但也没白来,卡着铃声冲进去，坐最后一排,球场，组队打一场,拉朋友出去吃一顿,和朋友：合影、表情包、抓拍
S1438,网吧,组团开黑边复习,天天吃,乐队,月初土豪，月底吃土,操场的那圈跑道,卡着铃声冲进去，坐最后一排,球场，组队打一场,给家里打个电话,和朋友：合影、表情包、抓拍
S1439,图书馆自习室,提前两周就复习完了,从不,志愿者协会,家里定时打钱,图书馆那张常坐的座位,提前十分钟到，坐前排,器械区随便练练，练完就走,睡一觉，第二天照常,课件、板书、PPT 截图
S1440,图书馆自习室,死磕课本,天天吃,辩论队,月初土豪，月底吃土,宿舍的那群人,选了，但没去过几次,羽毛球乒乓球，约人打,开黑到凌晨，把气打出去,风景和现场：演出、展览、天空
S1441,操场跑道,刷往年题,从不,志愿者协会,月初土豪，月底吃土,什么也没带走，但也没白来,提前十分钟到，坐前排,跑道上，一个人戴着耳机跑,拉朋友出去吃一顿,吃的：外卖、食堂、探店
S1442,食堂窗口,提前两周就复习完了,天天吃,辩论队,月初土豪，月底吃土,食堂的那个窗口,提前十分钟到，坐前排,羽毛球乒乓球，约人打,拉朋友出去吃一顿,吃的：外卖、食堂、探店
S1443,操场跑道,刷往年题,从不,志愿者协会,家里定时打钱,操场的那圈跑道,卡着铃声冲进去，坐最后一排,羽毛球乒乓球，约人打,给家里打个电话,风景和现场：演出、展览、天空
S1444,网吧,组团开黑边复习,一周三五次,摄影社,月初土豪，月底吃土,宿舍的那群人,让室友帮忙占座，自己慢慢来,球场，组队打一场,给家里打个电话,运动记录、跑步路线、装备
S1445,宿舍床上,组团开黑边复习,天天吃,电竞社,家里定时打钱,食堂的那个窗口,卡着铃声冲进去，坐最后一排,器械区随便练练，练完就走,拉朋友出去吃一顿,和朋友：合影、表情包、抓拍
S1446,食堂窗口,临时抱佛脚,天天吃,摄影社,靠奖学金过日子,宿舍的那群人,卡着铃声冲进去，坐最后一排,看台或树下，看别人动,给家里打个电话,课件、板书、PPT 截图
S1447,网吧,临时抱佛脚,天天吃,辩论队,家里定时打钱,宿舍的那群人,选了，但没去过几次,羽毛球乒乓球，约人打,睡一觉，第二天照常,课件、板书、PPT 截图
S1448,图书馆自习室,刷往年题,从不,摄影社,家里定时打钱,操场的那圈跑道,提前十分钟到，坐前排,器械区随便练练，练完就走,开黑到凌晨，把气打出去,课件、板书、PPT 截图
S1449,网吧,临时抱佛脚,偶尔,电竞社,家里定时打钱,图书馆那张常坐的座位,让室友帮忙占座，自己慢慢来,球场，组队打一场,开黑到凌晨，把气打出去,和朋友：合影、表情包、抓拍
S1450,操场跑道,临时抱佛脚,天天吃,摄影社,月初土豪，月底吃土,食堂的那个窗口,让室友帮忙占座，自己慢慢来,器械区随便练练，练完就走,睡一觉，第二天照常,风景和现场：演出、展览、天空
S1451,图书馆自习室,提前两周就复习完了,一周三五次,辩论队,靠奖学金过日子,什么也没带走，但也没白来,卡着铃声冲进去，坐最后一排,看台或树下，看别人动,给家里打个电话,运动记录、跑步路线、装备
S1452,网吧,组团开黑边复习,天天吃,辩论队,家里定时打钱,宿舍的那群人,让室友帮忙占座，自己慢慢来,跑道上，一个人戴着耳机跑,开黑到凌晨，把气打出去,风景和现场：演出、展览、天空
S1453,食堂窗口,死磕课本,偶尔,摄影社,靠奖学金过日子,图书馆那张常坐的座位,让室友帮忙占座，自己慢慢来,跑道上，一个人戴着耳机跑,给家里打个电话,课件、板书、PPT 截图
S1454,宿舍床上,死磕课本,从不,辩论队,靠奖学金过日子,图书馆那张常坐的座位,提前十分钟到，坐前排,球场，组队打一场,睡一觉，第二天照常,课件、板书、PPT 截图
S1455,宿舍床上,刷往年题,一周三五次,电竞社,月初土豪，月底吃土,食堂的那个窗口,早上根本没课，我的课都在下午,跑道上，一个人戴着耳机跑,给家里打个电话,吃的：外卖、食堂、探店
S1456,宿舍床上,组团开黑边复习,天天吃,志愿者协会,月初土豪，月底吃土,宿舍的那群人,卡着铃声冲进去，坐最后一排,球场，组队打一场,开黑到凌晨，把气打出去,吃的：外卖、食堂、探店
S1457,图书馆自习室,提前两周就复习完了,偶尔,摄影社,家里定时打钱,图书馆那张常坐的座位,卡着铃声冲进去，坐最后一排,球场，组队打一场,去操场跑到没力气,课件、板书、PPT 截图
S1458,图书馆自习室,死磕课本,一周三五次,乐队,靠奖学金过日子,什么也没带走，但也没白来,让室友帮忙占座，自己慢慢来,器械区随便练练，练完就走,睡一觉，第二天照常,课件、板书、PPT 截图
S1459,操场跑道,死磕课本,一周三五次,摄影社,家里定时打钱,宿舍的那群人,选了，但没去过几次,跑道上，一个人戴着耳机跑,给家里打个电话,和朋友：合影、表情包、抓拍
S1460,操场跑道,临时抱佛脚,天天吃,辩论队,月初土豪，月底吃土,宿舍的那群人,提前十分钟到，坐前排,器械区随便练练，练完就走,给家里打个电话,吃的：外卖、食堂、探店
S1461,宿舍床上,提前两周就复习完了,天天吃,辩论队,家里定时打钱,图书馆那张常坐的座位,卡着铃声冲进去，坐最后一排,跑道上，一个人戴着耳机跑,睡一觉，第二天照常,风景和现场：演出、展览、天空
S1462,操场跑道,组团开黑边复习,天天吃,志愿者协会,靠奖学金过日子,图书馆那张常坐的座位,卡着铃声冲进去，坐最后一排,看台或树下，看别人动,开黑到凌晨，把气打出去,课件、板书、PPT 截图
S1463,食堂窗口,组团开黑边复习,天天吃,摄影社,兼职自力更生,宿舍的那群人,让室友帮忙占座，自己慢慢来,器械区随便练练，练完就走,给家里打个电话,风景和现场：演出、展览、天空
S1464,操场跑道,死磕课本,天天吃,电竞社,兼职自力更生,什么也没带走，但也没白来,让室友帮忙占座，自己慢慢来,看台或树下，看别人动,开黑到凌晨，把气打出去,和朋友：合影、表情包、抓拍
S1465,网吧,组团开黑边复习,天天吃,电竞社,月初土豪，月底吃土,宿舍的那群人,让室友帮忙占座，自己慢慢来,看台或树下，看别人动,开黑到凌晨，把气打出去,吃的：外卖、食堂、探店
S1466,图书馆自习室,组团开黑边复习,一周三五次,电竞社,家里定时打钱,宿舍的那群人,早上根本没课，我的课都在下午,看台或树下，看别人动,拉朋友出去吃一顿,吃的：外卖、食堂、探店
S1467,网吧,组团开黑边复习,天天吃,乐队,月初土豪，月底吃土,什么也没带走，但也没白来,选了，但没去过几次,看台或树下，看别人动,开黑到凌晨，把气打出去,运动记录、跑步路线、装备
S1468,宿舍床上,刷往年题,天天吃,电竞社,家里定时打钱,什么也没带走，但也没白来,早上根本没课，我的课都在下午,球场，组队打一场,开黑到凌晨，把气打出去,吃的：外卖、食堂、探店
S1469,网吧,临时抱佛脚,一周三五次,辩论队,月初土豪，月底吃土,宿舍的那群人,选了，但没去过几次,羽毛球乒乓球，约人打,睡一觉，第二天照常,和朋友：合影、表情包、抓拍
S1470,操场跑道,刷往年题,从不,志愿者协会,月初土豪，月底吃土,操场的那圈跑道,选了，但没去过几次,跑道上，一个人戴着耳机跑,去操场跑到没力气,吃的：外卖、食堂、探店
S1471,食堂窗口,组团开黑边复习,从不,电竞社,家里定时打钱,宿舍的那群人,让室友帮忙占座，自己慢慢来,球场，组队打一场,给家里打个电话,和朋友：合影、表情包、抓拍
S1472,网吧,刷往年题,一周三五次,志愿者协会,家里定时打钱,宿舍的那群人,让室友帮忙占座，自己慢慢来,看台或树下，看别人动,睡一觉，第二天照常,和朋友：合影、表情包、抓拍
S1473,操场跑道,提前两周就复习完了,一周三五次,辩论队,靠奖学金过日子,图书馆那张常坐的座位,提前十分钟到，坐前排,器械区随便练练，练完就走,睡一觉，第二天照常,课件、板书、PPT 截图
S1474,网吧,临时抱佛脚,从不,乐队,月初土豪，月底吃土,图书馆那张常坐的座位,卡着铃声冲进去，坐最后一排,球场，组队打一场,去操场跑到没力气,吃的：外卖、食堂、探店
S1475,食堂窗口,刷往年题,一周三五次,电竞社,家里定时打钱,图书馆那张常坐的座位,早上根本没课，我的课都在下午,羽毛球乒乓球，约人打,睡一觉，第二天照常,和朋友：合影、表情包、抓拍
S1476,图书馆自习室,临时抱佛脚,天天吃,乐队,家里定时打钱,操场的那圈跑道,提前十分钟到，坐前排,看台或树下，看别人动,去操场跑到没力气,吃的：外卖、食堂、探店
S1477,网吧,组团开黑边复习,天天吃,乐队,靠奖学金过日子,宿舍的那群人,早上根本没课，我的课都在下午,羽毛球乒乓球，约人打,睡一觉，第二天照常,和朋友：合影、表情包、抓拍
S1478,图书馆自习室,死磕课本,从不,志愿者协会,靠奖学金过日子,操场的那圈跑道,提前十分钟到，坐前排,羽毛球乒乓球，约人打,拉朋友出去吃一顿,课件、板书、PPT 截图
S1479,食堂窗口,刷往年题,一周三五次,摄影社,家里定时打钱,食堂的那个窗口,让室友帮忙占座，自己慢慢来,羽毛球乒乓球，约人打,拉朋友出去吃一顿,吃的：外卖、食堂、探店
S1480,操场跑道,临时抱佛脚,天天吃,乐队,兼职自力更生,宿舍的那群人,选了，但没去过几次,看台或树下，看别人动,拉朋友出去吃一顿,和朋友：合影、表情包、抓拍
S1481,操场跑道,组团开黑边复习,偶尔,摄影社,兼职自力更生,宿舍的那群人,让室友帮忙占座，自己慢慢来,羽毛球乒乓球，约人打,给家里打个电话,和朋友：合影、表情包、抓拍
S1482,食堂窗口,刷往年题,从不,志愿者协会,兼职自力更生,操场的那圈跑道,早上根本没课，我的课都在下午,跑道上，一个人戴着耳机跑,睡一觉，第二天照常,运动记录、跑步路线、装备
S1483,食堂窗口,组团开黑边复习,一周三五次,电竞社,兼职自力更生,宿舍的那群人,卡着铃声冲进去，坐最后一排,羽毛球乒乓球，约人打,拉朋友出去吃一顿,和朋友：合影、表情包、抓拍
S1484,图书馆自习室,提前两周就复习完了,从不,辩论队,靠奖学金过日子,图书馆那张常坐的座位,让室友帮忙占座，自己慢慢来,器械区随便练练，练完就走,给家里打个电话,课件、板书、PPT 截图
S1485,网吧,组团开黑边复习,一周三五次,志愿者协会,月初土豪，月底吃土,什么也没带走，但也没白来,早上根本没课，我的课都在下午,球场，组队打一场,给家里打个电话,和朋友：合影、表情包、抓拍
S1486,网吧,提前两周就复习完了,偶尔,电竞社,兼职自力更生,宿舍的那群人,选了，但没去过几次,羽毛球乒乓球，约人打,开黑到凌晨，把气打出去,运动记录、跑步路线、装备
S1487,网吧,临时抱佛脚,偶尔,电竞社,月初土豪，月底吃土,宿舍的那群人,早上根本没课，我的课都在下午,跑道上，一个人戴着耳机跑,给家里打个电话,运动记录、跑步路线、装备
S1488,图书馆自习室,临时抱佛脚,偶尔,电竞社,靠奖学金过日子,操场的那圈跑道,提前十分钟到，坐前排,球场，组队打一场,睡一觉，第二天照常,课件、板书、PPT 截图
S1489,宿舍床上,刷往年题,从不,乐队,家里定时打钱,宿舍的那群人,选了，但没去过几次,器械区随便练练，练完就走,去操场跑到没力气,课件、板书、PPT 截图
S1490,食堂窗口,死磕课本,偶尔,辩论队,月初土豪，月底吃土,什么也没带走，但也没白来,早上根本没课，我的课都在下午,球场，组队打一场,去操场跑到没力气,风景和现场：演出、展览、天空
S1491,网吧,组团开黑边复习,天天吃,志愿者协会,家里定时打钱,宿舍的那群人,早上根本没课，我的课都在下午,羽毛球乒乓球，约人打,拉朋友出去吃一顿,风景和现场：演出、展览、天空
S1492,操场跑道,临时抱佛脚,天天吃,志愿者协会,靠奖学金过日子,宿舍的那群人,选了，但没去过几次,羽毛球乒乓球，约人打,开黑到凌晨，把气打出去,风景和现场：演出、展览、天空
S1493,网吧,组团开黑边复习,偶尔,电竞社,月初土豪，月底吃土,宿舍的那群人,早上根本没课，我的课都在下午,羽毛球乒乓球，约人打,给家里打个电话,和朋友：合影、表情包、抓拍
S1494,操场跑道,刷往年题,从不,摄影社,月初土豪，月底吃土,操场的那圈跑道,卡着铃声冲进去，坐最后一排,器械区随便练练，练完就走,去操场跑到没力气,吃的：外卖、食堂、探店
S1495,宿舍床上,死磕课本,从不,志愿者协会,兼职自力更生,食堂的那个窗口,让室友帮忙占座，自己慢慢来,跑道上，一个人戴着耳机跑,给家里打个电话,风景和现场：演出、展览、天空
S1496,食堂窗口,刷往年题,一周三五次,辩论队,家里定时打钱,宿舍的那群人,提前十分钟到，坐前排,球场，组队打一场,开黑到凌晨，把气打出去,和朋友：合影、表情包、抓拍
S1497,操场跑道,临时抱佛脚,偶尔,电竞社,兼职自力更生,什么也没带走，但也没白来,提前十分钟到，坐前排,跑道上，一个人戴着耳机跑,开黑到凌晨，把气打出去,吃的：外卖、食堂、探店
S1498,宿舍床上,组团开黑边复习,一周三五次,乐队,月初土豪，月底吃土,食堂的那个窗口,卡着铃声冲进去，坐最后一排,看台或树下，看别人动,去操场跑到没力气,吃的：外卖、食堂、探店
S1499,操场跑道,刷往年题,一周三五次,辩论队,家里定时打钱,操场的那圈跑道,提前十分钟到，坐前排,跑道上，一个人戴着耳机跑,去操场跑到没力气,课件、板书、PPT 截图
S1500,图书馆自习室,提前两周就复习完了,一周三五次,乐队,靠奖学金过日子,什么也没带走，但也没白来,早上根本没课，我的课都在下午,看台或树下，看别人动,给家里打个电话,和朋友：合影、表情包、抓拍
S1501,图书馆自习室,提前两周就复习完了,一周三五次,辩论队,靠奖学金过日子,图书馆那张常坐的座位,提前十分钟到，坐前排,羽毛球乒乓球，约人打,睡一觉，第二天照常,课件、板书、PPT 截图
S1502,宿舍床上,提前两周就复习完了,从不,辩论队,家里定时打钱,图书馆那张常坐的座位,提前十分钟到，坐前排,器械区随便练练，练完就走,开黑到凌晨，把气打出去,课件、板书、PPT 截图
S1503,食堂窗口,临时抱佛脚,一周三五次,乐队,月初土豪，月底吃土,宿舍的那群人,选了，但没去过几次,球场，组队打一场,拉朋友出去吃一顿,和朋友：合影、表情包、抓拍
S1504,食堂窗口,死磕课本,从不,摄影社,兼职自力更生,操场的那圈跑道,卡着铃声冲进去，坐最后一排,跑道上，一个人戴着耳机跑,拉朋友出去吃一顿,风景和现场：演出、展览、天空
S1505,网吧,临时抱佛脚,一周三五次,摄影社,月初土豪，月底吃土,图书馆那张常坐的座位,让室友帮忙占座，自己慢慢来,羽毛球乒乓球，约人打,去操场跑到没力气,和朋友：合影、表情包、抓拍
S1506,食堂窗口,临时抱佛脚,天天吃,电竞社,月初土豪，月底吃土,图书馆那张常坐的座位,早上根本没课，我的课都在下午,看台或树下，看别人动,开黑到凌晨，把气打出去,和朋友：合影、表情包、抓拍
S1507,图书馆自习室,死磕课本,偶尔,辩论队,月初土豪，月底吃土,图书馆那张常坐的座位,提前十分钟到，坐前排,羽毛球乒乓球，约人打,拉朋友出去吃一顿,课件、板书、PPT 截图
S1508,宿舍床上,临时抱佛脚,一周三五次,乐队,月初土豪，月底吃土,食堂的那个窗口,选了，但没去过几次,球场，组队打一场,拉朋友出去吃一顿,吃的：外卖、食堂、探店
S1509,网吧,临时抱佛脚,一周三五次,电竞社,家里定时打钱,宿舍的那群人,卡着铃声冲进去，坐最后一排,看台或树下，看别人动,拉朋友出去吃一顿,和朋友：合影、表情包、抓拍
S1510,宿舍床上,刷往年题,天天吃,电竞社,兼职自力更生,宿舍的那群人,让室友帮忙占座，自己慢慢来,器械区随便练练，练完就走,开黑到凌晨，把气打出去,风景和现场：演出、展览、天空
S1511,食堂窗口,组团开黑边复习,天天吃,志愿者协会,兼职自力更生,食堂的那个窗口,卡着铃声冲进去，坐最后一排,看台或树下，看别人动,给家里打个电话,吃的：外卖、食堂、探店
S1512,网吧,组团开黑边复习,天天吃,志愿者协会,兼职自力更生,宿舍的那群人,卡着铃声冲进去，坐最后一排,球场，组队打一场,拉朋友出去吃一顿,和朋友：合影、表情包、抓拍
S1513,图书馆自习室,提前两周就复习完了,一周三五次,辩论队,家里定时打钱,图书馆那张常坐的座位,早上根本没课，我的课都在下午,看台或树下，看别人动,睡一觉，第二天照常,运动记录、跑步路线、装备
S1514,操场跑道,临时抱佛脚,从不,辩论队,兼职自力更生,宿舍的那群人,卡着铃声冲进去，坐最后一排,羽毛球乒乓球，约人打,给家里打个电话,和朋友：合影、表情包、抓拍
S1515,宿舍床上,刷往年题,天天吃,志愿者协会,月初土豪，月底吃土,宿舍的那群人,早上根本没课，我的课都在下午,羽毛球乒乓球，约人打,睡一觉，第二天照常,吃的：外卖、食堂、探店
S1516,操场跑道,刷往年题,偶尔,乐队,靠奖学金过日子,食堂的那个窗口,早上根本没课，我的课都在下午,器械区随便练练，练完就走,睡一觉，第二天照常,课件、板书、PPT 截图
S1517,网吧,临时抱佛脚,一周三五次,电竞社,月初土豪，月底吃土,宿舍的那群人,卡着铃声冲进去，坐最后一排,跑道上，一个人戴着耳机跑,给家里打个电话,运动记录、跑步路线、装备
S1518,操场跑道,提前两周就复习完了,从不,乐队,月初土豪，月底吃土,图书馆那张常坐的座位,提前十分钟到，坐前排,看台或树下，看别人动,开黑到凌晨，把气打出去,课件、板书、PPT 截图
S1519,操场跑道,临时抱佛脚,一周三五次,电竞社,靠奖学金过日子,宿舍的那群人,早上根本没课，我的课都在下午,器械区随便练练，练完就走,睡一觉，第二天照常,风景和现场：演出、展览、天空
S1520,操场跑道,刷往年题,偶尔,辩论队,家里定时打钱,操场的那圈跑道,卡着铃声冲进去，坐最后一排,器械区随便练练，练完就走,去操场跑到没力气,运动记录、跑步路线、装备
S1521,图书馆自习室,组团开黑边复习,一周三五次,辩论队,月初土豪，月底吃土,操场的那圈跑道,早上根本没课，我的课都在下午,器械区随便练练，练完就走,拉朋友出去吃一顿,风景和现场：演出、展览、天空
S1522,操场跑道,提前两周就复习完了,一周三五次,乐队,月初土豪，月底吃土,宿舍的那群人,卡着铃声冲进去，坐最后一排,器械区随便练练，练完就走,开黑到凌晨，把气打出去,吃的：外卖、食堂、探店
S1523,操场跑道,组团开黑边复习,天天吃,摄影社,靠奖学金过日子,食堂的那个窗口,卡着铃声冲进去，坐最后一排,球场，组队打一场,拉朋友出去吃一顿,吃的：外卖、食堂、探店
S1524,食堂窗口,临时抱佛脚,天天吃,辩论队,靠奖学金过日子,食堂的那个窗口,早上根本没课，我的课都在下午,跑道上，一个人戴着耳机跑,拉朋友出去吃一顿,运动记录、跑步路线、装备
S1525,宿舍床上,临时抱佛脚,天天吃,乐队,家里定时打钱,什么也没带走，但也没白来,卡着铃声冲进去，坐最后一排,羽毛球乒乓球，约人打,开黑到凌晨，把气打出去,吃的：外卖、食堂、探店
S1526,宿舍床上,刷往年题,从不,辩论队,家里定时打钱,图书馆那张常坐的座位,提前十分钟到，坐前排,跑道上，一个人戴着耳机跑,睡一觉，第二天照常,吃的：外卖、食堂、探店
S1527,操场跑道,组团开黑边复习,一周三五次,乐队,月初土豪，月底吃土,宿舍的那群人,卡着铃声冲进去，坐最后一排,球场，组队打一场,拉朋友出去吃一顿,运动记录、跑步路线、装备
S1528,操场跑道,死磕课本,偶尔,乐队,月初土豪，月底吃土,操场的那圈跑道,提前十分钟到，坐前排,看台或树下，看别人动,去操场跑到没力气,风景和现场：演出、展览、天空
S1529,食堂窗口,组团开黑边复习,一周三五次,辩论队,兼职自力更生,操场的那圈跑道,早上根本没课，我的课都在下午,球场，组队打一场,去操场跑到没力气,吃的：外卖、食堂、探店
S1530,操场跑道,刷往年题,从不,辩论队,靠奖学金过日子,图书馆那张常坐的座位,让室友帮忙占座，自己慢慢来,器械区随便练练，练完就走,睡一觉，第二天照常,风景和现场：演出、展览、天空
S1531,图书馆自习室,死磕课本,偶尔,辩论队,靠奖学金过日子,图书馆那张常坐的座位,早上根本没课，我的课都在下午,器械区随便练练，练完就走,睡一觉，第二天照常,课件、板书、PPT 截图
S1532,宿舍床上,组团开黑边复习,天天吃,辩论队,月初土豪，月底吃土,宿舍的那群人,早上根本没课，我的课都在下午,球场，组队打一场,去操场跑到没力气,吃的：外卖、食堂、探店
S1533,操场跑道,临时抱佛脚,天天吃,乐队,月初土豪，月底吃土,宿舍的那群人,选了，但没去过几次,羽毛球乒乓球，约人打,开黑到凌晨，把气打出去,运动记录、跑步路线、装备
S1534,宿舍床上,临时抱佛脚,偶尔,电竞社,月初土豪，月底吃土,什么也没带走，但也没白来,选了，但没去过几次,看台或树下，看别人动,开黑到凌晨，把气打出去,运动记录、跑步路线、装备
S1535,宿舍床上,提前两周就复习完了,一周三五次,辩论队,家里定时打钱,操场的那圈跑道,卡着铃声冲进去，坐最后一排,器械区随便练练，练完就走,去操场跑到没力气,运动记录、跑步路线、装备
S1536,网吧,临时抱佛脚,天天吃,志愿者协会,月初土豪，月底吃土,操场的那圈跑道,早上根本没课，我的课都在下午,看台或树下，看别人动,拉朋友出去吃一顿,运动记录、跑步路线、装备
S1537,操场跑道,死磕课本,天天吃,志愿者协会,月初土豪，月底吃土,操场的那圈跑道,提前十分钟到，坐前排,器械区随便练练，练完就走,开黑到凌晨，把气打出去,运动记录、跑步路线、装备
S1538,操场跑道,死磕课本,一周三五次,电竞社,兼职自力更生,操场的那圈跑道,选了，但没去过几次,球场，组队打一场,去操场跑到没力气,课件、板书、PPT 截图
S1539,图书馆自习室,提前两周就复习完了,从不,乐队,靠奖学金过日子,图书馆那张常坐的座位,提前十分钟到，坐前排,跑道上，一个人戴着耳机跑,给家里打个电话,风景和现场：演出、展览、天空
S1540,食堂窗口,组团开黑边复习,天天吃,摄影社,家里定时打钱,什么也没带走，但也没白来,选了，但没去过几次,羽毛球乒乓球，约人打,拉朋友出去吃一顿,吃的：外卖、食堂、探店
S1541,操场跑道,临时抱佛脚,一周三五次,电竞社,月初土豪，月底吃土,宿舍的那群人,提前十分钟到，坐前排,跑道上，一个人戴着耳机跑,睡一觉，第二天照常,和朋友：合影、表情包、抓拍
S1542,宿舍床上,组团开黑边复习,天天吃,志愿者协会,兼职自力更生,食堂的那个窗口,让室友帮忙占座，自己慢慢来,看台或树下，看别人动,拉朋友出去吃一顿,和朋友：合影、表情包、抓拍
S1543,网吧,临时抱佛脚,一周三五次,摄影社,月初土豪，月底吃土,操场的那圈跑道,提前十分钟到，坐前排,跑道上，一个人戴着耳机跑,拉朋友出去吃一顿,运动记录、跑步路线、装备
S1544,宿舍床上,刷往年题,天天吃,乐队,月初土豪，月底吃土,操场的那圈跑道,选了，但没去过几次,球场，组队打一场,开黑到凌晨，把气打出去,课件、板书、PPT 截图
S1545,宿舍床上,刷往年题,天天吃,乐队,月初土豪，月底吃土,宿舍的那群人,提前十分钟到，坐前排,器械区随便练练，练完就走,去操场跑到没力气,风景和现场：演出、展览、天空
S1546,图书馆自习室,死磕课本,从不,辩论队,家里定时打钱,什么也没带走，但也没白来,卡着铃声冲进去，坐最后一排,器械区随便练练，练完就走,睡一觉，第二天照常,和朋友：合影、表情包、抓拍
S1547,图书馆自习室,死磕课本,一周三五次,摄影社,家里定时打钱,图书馆那张常坐的座位,卡着铃声冲进去，坐最后一排,羽毛球乒乓球，约人打,睡一觉，第二天照常,课件、板书、PPT 截图
S1548,网吧,组团开黑边复习,天天吃,摄影社,家里定时打钱,宿舍的那群人,卡着铃声冲进去，坐最后一排,球场，组队打一场,拉朋友出去吃一顿,课件、板书、PPT 截图
S1549,食堂窗口,临时抱佛脚,偶尔,摄影社,靠奖学金过日子,宿舍的那群人,早上根本没课，我的课都在下午,跑道上，一个人戴着耳机跑,拉朋友出去吃一顿,课件、板书、PPT 截图
S1550,图书馆自习室,提前两周就复习完了,从不,乐队,靠奖学金过日子,图书馆那张常坐的座位,提前十分钟到，坐前排,跑道上，一个人戴着耳机跑,给家里打个电话,运动记录、跑步路线、装备
S1551,宿舍床上,刷往年题,天天吃,乐队,兼职自力更生,食堂的那个窗口,卡着铃声冲进去，坐最后一排,球场，组队打一场,拉朋友出去吃一顿,运动记录、跑步路线、装备
S1552,网吧,临时抱佛脚,一周三五次,电竞社,月初土豪，月底吃土,操场的那圈跑道,早上根本没课，我的课都在下午,跑道上，一个人戴着耳机跑,睡一觉，第二天照常,和朋友：合影、表情包、抓拍
S1553,操场跑道,提前两周就复习完了,一周三五次,辩论队,兼职自力更生,宿舍的那群人,提前十分钟到，坐前排,球场，组队打一场,拉朋友出去吃一顿,运动记录、跑步路线、装备
S1554,食堂窗口,提前两周就复习完了,从不,辩论队,靠奖学金过日子,宿舍的那群人,提前十分钟到，坐前排,器械区随便练练，练完就走,睡一觉，第二天照常,课件、板书、PPT 截图
S1555,操场跑道,临时抱佛脚,偶尔,乐队,家里定时打钱,什么也没带走，但也没白来,提前十分钟到，坐前排,跑道上，一个人戴着耳机跑,去操场跑到没力气,运动记录、跑步路线、装备
S1556,图书馆自习室,刷往年题,从不,电竞社,靠奖学金过日子,宿舍的那群人,提前十分钟到，坐前排,器械区随便练练，练完就走,睡一觉，第二天照常,课件、板书、PPT 截图
S1557,食堂窗口,组团开黑边复习,偶尔,电竞社,月初土豪，月底吃土,食堂的那个窗口,让室友帮忙占座，自己慢慢来,球场，组队打一场,去操场跑到没力气,和朋友：合影、表情包、抓拍
S1558,图书馆自习室,刷往年题,偶尔,摄影社,靠奖学金过日子,图书馆那张常坐的座位,卡着铃声冲进去，坐最后一排,跑道上，一个人戴着耳机跑,给家里打个电话,运动记录、跑步路线、装备
S1559,宿舍床上,组团开黑边复习,从不,电竞社,月初土豪，月底吃土,什么也没带走，但也没白来,让室友帮忙占座，自己慢慢来,器械区随便练练，练完就走,开黑到凌晨，把气打出去,风景和现场：演出、展览、天空
S1560,食堂窗口,临时抱佛脚,偶尔,辩论队,月初土豪，月底吃土,宿舍的那群人,卡着铃声冲进去，坐最后一排,羽毛球乒乓球，约人打,拉朋友出去吃一顿,吃的：外卖、食堂、探店
S1561,食堂窗口,临时抱佛脚,天天吃,电竞社,兼职自力更生,操场的那圈跑道,卡着铃声冲进去，坐最后一排,球场，组队打一场,开黑到凌晨，把气打出去,风景和现场：演出、展览、天空
S1562,图书馆自习室,提前两周就复习完了,从不,辩论队,兼职自力更生,什么也没带走，但也没白来,让室友帮忙占座，自己慢慢来,跑道上，一个人戴着耳机跑,给家里打个电话,课件、板书、PPT 截图
S1563,食堂窗口,组团开黑边复习,一周三五次,志愿者协会,兼职自力更生,什么也没带走，但也没白来,提前十分钟到，坐前排,看台或树下，看别人动,拉朋友出去吃一顿,吃的：外卖、食堂、探店
S1564,网吧,死磕课本,一周三五次,辩论队,月初土豪，月底吃土,操场的那圈跑道,选了，但没去过几次,看台或树下，看别人动,拉朋友出去吃一顿,运动记录、跑步路线、装备
S1565,操场跑道,临时抱佛脚,一周三五次,乐队,兼职自力更生,宿舍的那群人,让室友帮忙占座，自己慢慢来,球场，组队打一场,去操场跑到没力气,和朋友：合影、表情包、抓拍
S1566,食堂窗口,临时抱佛脚,天天吃,电竞社,月初土豪，月底吃土,食堂的那个窗口,让室友帮忙占座，自己慢慢来,看台或树下，看别人动,给家里打个电话,和朋友：合影、表情包、抓拍
S1567,食堂窗口,临时抱佛脚,一周三五次,志愿者协会,月初土豪，月底吃土,食堂的那个窗口,选了，但没去过几次,跑道上，一个人戴着耳机跑,拉朋友出去吃一顿,和朋友：合影、表情包、抓拍
S1568,宿舍床上,刷往年题,偶尔,志愿者协会,家里定时打钱,图书馆那张常坐的座位,让室友帮忙占座，自己慢慢来,跑道上，一个人戴着耳机跑,睡一觉，第二天照常,课件、板书、PPT 截图
S1569,网吧,组团开黑边复习,天天吃,电竞社,月初土豪，月底吃土,宿舍的那群人,让室友帮忙占座，自己慢慢来,羽毛球乒乓球，约人打,给家里打个电话,和朋友：合影、表情包、抓拍
S1570,操场跑道,提前两周就复习完了,偶尔,辩论队,家里定时打钱,操场的那圈跑道,卡着铃声冲进去，坐最后一排,器械区随便练练，练完就走,去操场跑到没力气,运动记录、跑步路线、装备
S1571,操场跑道,提前两周就复习完了,偶尔,乐队,靠奖学金过日子,操场的那圈跑道,提前十分钟到，坐前排,器械区随便练练，练完就走,睡一觉，第二天照常,和朋友：合影、表情包、抓拍
S1572,操场跑道,临时抱佛脚,一周三五次,摄影社,兼职自力更生,操场的那圈跑道,提前十分钟到，坐前排,球场，组队打一场,去操场跑到没力气,和朋友：合影、表情包、抓拍
S1573,食堂窗口,组团开黑边复习,天天吃,乐队,月初土豪，月底吃土,宿舍的那群人,让室友帮忙占座，自己慢慢来,球场，组队打一场,睡一觉，第二天照常,吃的：外卖、食堂、探店
S1574,网吧,临时抱佛脚,天天吃,乐队,月初土豪，月底吃土,什么也没带走，但也没白来,让室友帮忙占座，自己慢慢来,器械区随便练练，练完就走,睡一觉，第二天照常,和朋友：合影、表情包、抓拍
S1575,食堂窗口,临时抱佛脚,天天吃,乐队,兼职自力更生,什么也没带走，但也没白来,选了，但没去过几次,球场，组队打一场,给家里打个电话,吃的：外卖、食堂、探店
S1576,图书馆自习室,死磕课本,偶尔,乐队,靠奖学金过日子,食堂的那个窗口,提前十分钟到，坐前排,器械区随便练练，练完就走,给家里打个电话,课件、板书、PPT 截图
S1577,操场跑道,提前两周就复习完了,一周三五次,乐队,家里定时打钱,食堂的那个窗口,提前十分钟到，坐前排,球场，组队打一场,睡一觉，第二天照常,运动记录、跑步路线、装备
S1578,网吧,死磕课本,一周三五次,乐队,家里定时打钱,食堂的那个窗口,卡着铃声冲进去，坐最后一排,看台或树下，看别人动,开黑到凌晨，把气打出去,课件、板书、PPT 截图
S1579,网吧,组团开黑边复习,天天吃,志愿者协会,月初土豪，月底吃土,宿舍的那群人,卡着铃声冲进去，坐最后一排,球场，组队打一场,给家里打个电话,运动记录、跑步路线、装备
S1580,操场跑道,提前两周就复习完了,天天吃,乐队,靠奖学金过日子,宿舍的那群人,卡着铃声冲进去，坐最后一排,看台或树下，看别人动,拉朋友出去吃一顿,吃的：外卖、食堂、探店
S1581,图书馆自习室,死磕课本,从不,摄影社,靠奖学金过日子,图书馆那张常坐的座位,提前十分钟到，坐前排,跑道上，一个人戴着耳机跑,拉朋友出去吃一顿,课件、板书、PPT 截图
S1582,食堂窗口,临时抱佛脚,天天吃,志愿者协会,兼职自力更生,宿舍的那群人,选了，但没去过几次,球场，组队打一场,拉朋友出去吃一顿,和朋友：合影、表情包、抓拍
S1583,操场跑道,临时抱佛脚,天天吃,志愿者协会,月初土豪，月底吃土,食堂的那个窗口,卡着铃声冲进去，坐最后一排,看台或树下，看别人动,开黑到凌晨，把气打出去,风景和现场：演出、展览、天空
S1584,操场跑道,提前两周就复习完了,天天吃,电竞社,月初土豪，月底吃土,什么也没带走，但也没白来,卡着铃声冲进去，坐最后一排,球场，组队打一场,拉朋友出去吃一顿,和朋友：合影、表情包、抓拍
S1585,操场跑道,刷往年题,一周三五次,电竞社,兼职自力更生,操场的那圈跑道,卡着铃声冲进去，坐最后一排,球场，组队打一场,去操场跑到没力气,运动记录、跑步路线、装备
S1586,食堂窗口,临时抱佛脚,天天吃,辩论队,兼职自力更生,宿舍的那群人,早上根本没课，我的课都在下午,器械区随便练练，练完就走,开黑到凌晨，把气打出去,和朋友：合影、表情包、抓拍
S1587,操场跑道,死磕课本,天天吃,电竞社,靠奖学金过日子,什么也没带走，但也没白来,卡着铃声冲进去，坐最后一排,球场，组队打一场,去操场跑到没力气,和朋友：合影、表情包、抓拍
S1588,宿舍床上,刷往年题,天天吃,乐队,家里定时打钱,宿舍的那群人,早上根本没课，我的课都在下午,看台或树下，看别人动,睡一觉，第二天照常,和朋友：合影、表情包、抓拍
S1589,图书馆自习室,刷往年题,天天吃,摄影社,靠奖学金过日子,食堂的那个窗口,选了，但没去过几次,球场，组队打一场,拉朋友出去吃一顿,和朋友：合影、表情包、抓拍
S1590,图书馆自习室,死磕课本,从不,志愿者协会,月初土豪，月底吃土,操场的那圈跑道,早上根本没课，我的课都在下午,球场，组队打一场,睡一觉，第二天照常,运动记录、跑步路线、装备
S1591,食堂窗口,临时抱佛脚,天天吃,摄影社,兼职自力更生,食堂的那个窗口,让室友帮忙占座，自己慢慢来,看台或树下，看别人动,给家里打个电话,课件、板书、PPT 截图
S1592,操场跑道,临时抱佛脚,一周三五次,辩论队,家里定时打钱,操场的那圈跑道,选了，但没去过几次,跑道上，一个人戴着耳机跑,睡一觉，第二天照常,运动记录、跑步路线、装备
S1593,图书馆自习室,提前两周就复习完了,天天吃,乐队,兼职自力更生,什么也没带走，但也没白来,让室友帮忙占座，自己慢慢来,器械区随便练练，练完就走,去操场跑到没力气,风景和现场：演出、展览、天空
S1594,食堂窗口,提前两周就复习完了,一周三五次,摄影社,月初土豪，月底吃土,什么也没带走，但也没白来,卡着铃声冲进去，坐最后一排,跑道上，一个人戴着耳机跑,睡一觉，第二天照常,和朋友：合影、表情包、抓拍
S1595,操场跑道,死磕课本,一周三五次,志愿者协会,家里定时打钱,什么也没带走，但也没白来,让室友帮忙占座，自己慢慢来,球场，组队打一场,睡一觉，第二天照常,运动记录、跑步路线、装备
S1596,图书馆自习室,提前两周就复习完了,偶尔,志愿者协会,靠奖学金过日子,什么也没带走，但也没白来,让室友帮忙占座，自己慢慢来,跑道上，一个人戴着耳机跑,去操场跑到没力气,课件、板书、PPT 截图
S1597,宿舍床上,临时抱佛脚,偶尔,乐队,兼职自力更生,食堂的那个窗口,卡着铃声冲进去，坐最后一排,球场，组队打一场,开黑到凌晨，把气打出去,吃的：外卖、食堂、探店
S1598,食堂窗口,组团开黑边复习,偶尔,志愿者协会,家里定时打钱,图书馆那张常坐的座位,提前十分钟到，坐前排,羽毛球乒乓球，约人打,去操场跑到没力气,风景和现场：演出、展览、天空
S1599,食堂窗口,组团开黑边复习,天天吃,电竞社,月初土豪，月底吃土,什么也没带走，但也没白来,让室友帮忙占座，自己慢慢来,看台或树下，看别人动,开黑到凌晨，把气打出去,吃的：外卖、食堂、探店
S1600,宿舍床上,临时抱佛脚,一周三五次,电竞社,兼职自力更生,食堂的那个窗口,让室友帮忙占座，自己慢慢来,球场，组队打一场,去操场跑到没力气,风景和现场：演出、展览、天空
S1601,网吧,临时抱佛脚,天天吃,志愿者协会,家里定时打钱,食堂的那个窗口,卡着铃声冲进去，坐最后一排,看台或树下，看别人动,睡一觉，第二天照常,吃的：外卖、食堂、探店
S1602,宿舍床上,临时抱佛脚,从不,乐队,兼职自力更生,宿舍的那群人,让室友帮忙占座，自己慢慢来,羽毛球乒乓球，约人打,给家里打个电话,风景和现场：演出、展览、天空
S1603,网吧,组团开黑边复习,天天吃,辩论队,家里定时打钱,操场的那圈跑道,早上根本没课，我的课都在下午,器械区随便练练，练完就走,开黑到凌晨，把气打出去,吃的：外卖、食堂、探店
S1604,操场跑道,临时抱佛脚,天天吃,乐队,靠奖学金过日子,操场的那圈跑道,提前十分钟到，坐前排,球场，组队打一场,给家里打个电话,吃的：外卖、食堂、探店
S1605,食堂窗口,组团开黑边复习,天天吃,乐队,家里定时打钱,食堂的那个窗口,让室友帮忙占座，自己慢慢来,看台或树下，看别人动,拉朋友出去吃一顿,吃的：外卖、食堂、探店
S1606,操场跑道,刷往年题,天天吃,乐队,家里定时打钱,图书馆那张常坐的座位,让室友帮忙占座，自己慢慢来,羽毛球乒乓球，约人打,拉朋友出去吃一顿,吃的：外卖、食堂、探店
S1607,宿舍床上,死磕课本,偶尔,电竞社,兼职自力更生,什么也没带走，但也没白来,选了，但没去过几次,看台或树下，看别人动,睡一觉，第二天照常,和朋友：合影、表情包、抓拍
S1608,食堂窗口,刷往年题,天天吃,辩论队,月初土豪，月底吃土,食堂的那个窗口,早上根本没课，我的课都在下午,羽毛球乒乓球，约人打,给家里打个电话,运动记录、跑步路线、装备
S1609,网吧,临时抱佛脚,一周三五次,摄影社,兼职自力更生,食堂的那个窗口,选了，但没去过几次,看台或树下，看别人动,开黑到凌晨，把气打出去,吃的：外卖、食堂、探店
S1610,食堂窗口,提前两周就复习完了,从不,乐队,兼职自力更生,食堂的那个窗口,提前十分钟到，坐前排,球场，组队打一场,给家里打个电话,风景和现场：演出、展览、天空
S1611,网吧,组团开黑边复习,天天吃,电竞社,月初土豪，月底吃土,食堂的那个窗口,让室友帮忙占座，自己慢慢来,跑道上，一个人戴着耳机跑,开黑到凌晨，把气打出去,运动记录、跑步路线、装备
S1612,图书馆自习室,死磕课本,从不,辩论队,月初土豪，月底吃土,图书馆那张常坐的座位,提前十分钟到，坐前排,羽毛球乒乓球，约人打,睡一觉，第二天照常,课件、板书、PPT 截图
S1613,图书馆自习室,刷往年题,从不,志愿者协会,靠奖学金过日子,什么也没带走，但也没白来,提前十分钟到，坐前排,跑道上，一个人戴着耳机跑,去操场跑到没力气,风景和现场：演出、展览、天空
S1614,图书馆自习室,死磕课本,从不,摄影社,靠奖学金过日子,操场的那圈跑道,提前十分钟到，坐前排,跑道上，一个人戴着耳机跑,给家里打个电话,课件、板书、PPT 截图
S1615,图书馆自习室,提前两周就复习完了,从不,辩论队,靠奖学金过日子,图书馆那张常坐的座位,卡着铃声冲进去，坐最后一排,跑道上，一个人戴着耳机跑,去操场跑到没力气,风景和现场：演出、展览、天空
S1616,食堂窗口,组团开黑边复习,偶尔,志愿者协会,兼职自力更生,操场的那圈跑道,提前十分钟到，坐前排,球场，组队打一场,开黑到凌晨，把气打出去,风景和现场：演出、展览、天空
S1617,食堂窗口,组团开黑边复习,一周三五次,电竞社,靠奖学金过日子,操场的那圈跑道,让室友帮忙占座，自己慢慢来,器械区随便练练，练完就走,开黑到凌晨，把气打出去,课件、板书、PPT 截图
S1618,宿舍床上,提前两周就复习完了,偶尔,电竞社,靠奖学金过日子,食堂的那个窗口,让室友帮忙占座，自己慢慢来,跑道上，一个人戴着耳机跑,给家里打个电话,课件、板书、PPT 截图
S1619,操场跑道,提前两周就复习完了,天天吃,摄影社,靠奖学金过日子,操场的那圈跑道,提前十分钟到，坐前排,羽毛球乒乓球，约人打,睡一觉，第二天照常,运动记录、跑步路线、装备
S1620,食堂窗口,刷往年题,一周三五次,志愿者协会,靠奖学金过日子,操场的那圈跑道,卡着铃声冲进去，坐最后一排,羽毛球乒乓球，约人打,给家里打个电话,运动记录、跑步路线、装备
S1621,宿舍床上,刷往年题,一周三五次,摄影社,月初土豪，月底吃土,食堂的那个窗口,选了，但没去过几次,跑道上，一个人戴着耳机跑,拉朋友出去吃一顿,运动记录、跑步路线、装备
S1622,网吧,组团开黑边复习,一周三五次,辩论队,月初土豪，月底吃土,食堂的那个窗口,让室友帮忙占座，自己慢慢来,跑道上，一个人戴着耳机跑,睡一觉，第二天照常,和朋友：合影、表情包、抓拍
S1623,食堂窗口,组团开黑边复习,从不,摄影社,兼职自力更生,宿舍的那群人,让室友帮忙占座，自己慢慢来,球场，组队打一场,睡一觉，第二天照常,课件、板书、PPT 截图
S1624,操场跑道,组团开黑边复习,一周三五次,志愿者协会,家里定时打钱,操场的那圈跑道,选了，但没去过几次,器械区随便练练，练完就走,拉朋友出去吃一顿,风景和现场：演出、展览、天空
S1625,网吧,刷往年题,天天吃,电竞社,家里定时打钱,宿舍的那群人,选了，但没去过几次,看台或树下，看别人动,给家里打个电话,和朋友：合影、表情包、抓拍
S1626,食堂窗口,提前两周就复习完了,天天吃,辩论队,家里定时打钱,什么也没带走，但也没白来,提前十分钟到，坐前排,器械区随便练练，练完就走,给家里打个电话,课件、板书、PPT 截图
S1627,网吧,临时抱佛脚,天天吃,志愿者协会,月初土豪，月底吃土,宿舍的那群人,卡着铃声冲进去，坐最后一排,球场，组队打一场,睡一觉，第二天照常,和朋友：合影、表情包、抓拍
S1628,宿舍床上,提前两周就复习完了,从不,电竞社,靠奖学金过日子,图书馆那张常坐的座位,提前十分钟到，坐前排,跑道上，一个人戴着耳机跑,睡一觉，第二天照常,运动记录、跑步路线、装备
S1629,宿舍床上,组团开黑边复习,一周三五次,电竞社,月初土豪，月底吃土,宿舍的那群人,提前十分钟到，坐前排,羽毛球乒乓球，约人打,去操场跑到没力气,和朋友：合影、表情包、抓拍
S1630,食堂窗口,临时抱佛脚,天天吃,摄影社,月初土豪，月底吃土,食堂的那个窗口,提前十分钟到，坐前排,跑道上，一个人戴着耳机跑,拉朋友出去吃一顿,和朋友：合影、表情包、抓拍
S1631,网吧,提前两周就复习完了,偶尔,摄影社,靠奖学金过日子,食堂的那个窗口,提前十分钟到，坐前排,器械区随便练练，练完就走,睡一觉，第二天照常,运动记录、跑步路线、装备
S1632,宿舍床上,临时抱佛脚,天天吃,电竞社,月初土豪，月底吃土,宿舍的那群人,卡着铃声冲进去，坐最后一排,球场，组队打一场,拉朋友出去吃一顿,课件、板书、PPT 截图
S1633,食堂窗口,临时抱佛脚,偶尔,辩论队,月初土豪，月底吃土,食堂的那个窗口,提前十分钟到，坐前排,羽毛球乒乓球，约人打,给家里打个电话,运动记录、跑步路线、装备
S1634,食堂窗口,组团开黑边复习,从不,志愿者协会,兼职自力更生,操场的那圈跑道,让室友帮忙占座，自己慢慢来,跑道上，一个人戴着耳机跑,拉朋友出去吃一顿,和朋友：合影、表情包、抓拍
S1635,食堂窗口,临时抱佛脚,天天吃,电竞社,兼职自力更生,宿舍的那群人,选了，但没去过几次,看台或树下，看别人动,拉朋友出去吃一顿,风景和现场：演出、展览、天空
S1636,宿舍床上,组团开黑边复习,天天吃,电竞社,家里定时打钱,宿舍的那群人,卡着铃声冲进去，坐最后一排,羽毛球乒乓球，约人打,去操场跑到没力气,风景和现场：演出、展览、天空
S1637,食堂窗口,组团开黑边复习,天天吃,电竞社,月初土豪，月底吃土,宿舍的那群人,让室友帮忙占座，自己慢慢来,器械区随便练练，练完就走,给家里打个电话,吃的：外卖、食堂、探店
S1638,操场跑道,刷往年题,天天吃,电竞社,月初土豪，月底吃土,食堂的那个窗口,卡着铃声冲进去，坐最后一排,球场，组队打一场,拉朋友出去吃一顿,和朋友：合影、表情包、抓拍
S1639,图书馆自习室,提前两周就复习完了,偶尔,乐队,兼职自力更生,图书馆那张常坐的座位,提前十分钟到，坐前排,羽毛球乒乓球，约人打,睡一觉，第二天照常,课件、板书、PPT 截图
S1640,操场跑道,提前两周就复习完了,天天吃,志愿者协会,靠奖学金过日子,操场的那圈跑道,提前十分钟到，坐前排,跑道上，一个人戴着耳机跑,睡一觉，第二天照常,风景和现场：演出、展览、天空
S1641,操场跑道,死磕课本,一周三五次,辩论队,靠奖学金过日子,操场的那圈跑道,早上根本没课，我的课都在下午,羽毛球乒乓球，约人打,给家里打个电话,运动记录、跑步路线、装备
S1642,食堂窗口,临时抱佛脚,天天吃,电竞社,月初土豪，月底吃土,什么也没带走，但也没白来,让室友帮忙占座，自己慢慢来,器械区随便练练，练完就走,拉朋友出去吃一顿,课件、板书、PPT 截图
S1643,宿舍床上,临时抱佛脚,从不,摄影社,靠奖学金过日子,食堂的那个窗口,选了，但没去过几次,器械区随便练练，练完就走,开黑到凌晨，把气打出去,运动记录、跑步路线、装备
S1644,宿舍床上,组团开黑边复习,天天吃,乐队,家里定时打钱,什么也没带走，但也没白来,卡着铃声冲进去，坐最后一排,看台或树下，看别人动,睡一觉，第二天照常,吃的：外卖、食堂、探店
S1645,宿舍床上,死磕课本,一周三五次,乐队,月初土豪，月底吃土,食堂的那个窗口,卡着铃声冲进去，坐最后一排,跑道上，一个人戴着耳机跑,开黑到凌晨，把气打出去,吃的：外卖、食堂、探店
S1646,食堂窗口,刷往年题,天天吃,乐队,月初土豪，月底吃土,什么也没带走，但也没白来,让室友帮忙占座，自己慢慢来,跑道上，一个人戴着耳机跑,去操场跑到没力气,运动记录、跑步路线、装备
S1647,网吧,组团开黑边复习,天天吃,电竞社,月初土豪，月底吃土,操场的那圈跑道,提前十分钟到，坐前排,球场，组队打一场,开黑到凌晨，把气打出去,吃的：外卖、食堂、探店
S1648,食堂窗口,死磕课本,一周三五次,志愿者协会,月初土豪，月底吃土,宿舍的那群人,早上根本没课，我的课都在下午,看台或树下，看别人动,开黑到凌晨，把气打出去,和朋友：合影、表情包、抓拍
S1649,图书馆自习室,提前两周就复习完了,从不,乐队,靠奖学金过日子,宿舍的那群人,卡着铃声冲进去，坐最后一排,器械区随便练练，练完就走,去操场跑到没力气,课件、板书、PPT 截图
S1650,食堂窗口,临时抱佛脚,天天吃,志愿者协会,兼职自力更生,宿舍的那群人,让室友帮忙占座，自己慢慢来,球场，组队打一场,拉朋友出去吃一顿,吃的：外卖、食堂、探店
S1651,食堂窗口,临时抱佛脚,一周三五次,志愿者协会,家里定时打钱,食堂的那个窗口,早上根本没课，我的课都在下午,看台或树下，看别人动,睡一觉，第二天照常,和朋友：合影、表情包、抓拍
S1652,图书馆自习室,提前两周就复习完了,从不,乐队,靠奖学金过日子,什么也没带走，但也没白来,提前十分钟到，坐前排,羽毛球乒乓球，约人打,睡一觉，第二天照常,课件、板书、PPT 截图
S1653,食堂窗口,临时抱佛脚,天天吃,志愿者协会,兼职自力更生,操场的那圈跑道,提前十分钟到，坐前排,羽毛球乒乓球，约人打,拉朋友出去吃一顿,和朋友：合影、表情包、抓拍
S1654,食堂窗口,组团开黑边复习,天天吃,摄影社,月初土豪，月底吃土,食堂的那个窗口,提前十分钟到，坐前排,看台或树下，看别人动,睡一觉，第二天照常,吃的：外卖、食堂、探店
S1655,操场跑道,临时抱佛脚,一周三五次,志愿者协会,兼职自力更生,食堂的那个窗口,早上根本没课，我的课都在下午,球场，组队打一场,拉朋友出去吃一顿,和朋友：合影、表情包、抓拍
S1656,网吧,刷往年题,一周三五次,辩论队,月初土豪，月底吃土,食堂的那个窗口,提前十分钟到，坐前排,羽毛球乒乓球，约人打,开黑到凌晨，把气打出去,和朋友：合影、表情包、抓拍
S1657,网吧,死磕课本,天天吃,电竞社,家里定时打钱,什么也没带走，但也没白来,让室友帮忙占座，自己慢慢来,看台或树下，看别人动,开黑到凌晨，把气打出去,风景和现场：演出、展览、天空
S1658,操场跑道,死磕课本,偶尔,志愿者协会,家里定时打钱,操场的那圈跑道,提前十分钟到，坐前排,球场，组队打一场,开黑到凌晨，把气打出去,和朋友：合影、表情包、抓拍
S1659,图书馆自习室,临时抱佛脚,从不,志愿者协会,家里定时打钱,食堂的那个窗口,提前十分钟到，坐前排,跑道上，一个人戴着耳机跑,睡一觉，第二天照常,风景和现场：演出、展览、天空
S1660,操场跑道,临时抱佛脚,一周三五次,志愿者协会,靠奖学金过日子,什么也没带走，但也没白来,让室友帮忙占座，自己慢慢来,球场，组队打一场,开黑到凌晨，把气打出去,风景和现场：演出、展览、天空
S1661,宿舍床上,组团开黑边复习,一周三五次,辩论队,月初土豪，月底吃土,宿舍的那群人,选了，但没去过几次,跑道上，一个人戴着耳机跑,拉朋友出去吃一顿,运动记录、跑步路线、装备
S1662,操场跑道,组团开黑边复习,偶尔,辩论队,兼职自力更生,操场的那圈跑道,让室友帮忙占座，自己慢慢来,跑道上，一个人戴着耳机跑,睡一觉，第二天照常,和朋友：合影、表情包、抓拍
S1663,操场跑道,死磕课本,偶尔,志愿者协会,兼职自力更生,宿舍的那群人,提前十分钟到，坐前排,跑道上，一个人戴着耳机跑,拉朋友出去吃一顿,课件、板书、PPT 截图
S1664,食堂窗口,临时抱佛脚,天天吃,乐队,月初土豪，月底吃土,什么也没带走，但也没白来,早上根本没课，我的课都在下午,羽毛球乒乓球，约人打,开黑到凌晨，把气打出去,和朋友：合影、表情包、抓拍
S1665,图书馆自习室,刷往年题,偶尔,乐队,靠奖学金过日子,图书馆那张常坐的座位,提前十分钟到，坐前排,器械区随便练练，练完就走,睡一觉，第二天照常,运动记录、跑步路线、装备
S1666,宿舍床上,临时抱佛脚,一周三五次,乐队,家里定时打钱,宿舍的那群人,卡着铃声冲进去，坐最后一排,羽毛球乒乓球，约人打,开黑到凌晨，把气打出去,吃的：外卖、食堂、探店
S1667,食堂窗口,刷往年题,偶尔,摄影社,月初土豪，月底吃土,食堂的那个窗口,卡着铃声冲进去，坐最后一排,羽毛球乒乓球，约人打,给家里打个电话,风景和现场：演出、展览、天空
S1668,食堂窗口,组团开黑边复习,天天吃,电竞社,月初土豪，月底吃土,宿舍的那群人,卡着铃声冲进去，坐最后一排,器械区随便练练，练完就走,给家里打个电话,课件、板书、PPT 截图
S1669,宿舍床上,组团开黑边复习,天天吃,乐队,兼职自力更生,食堂的那个窗口,让室友帮忙占座，自己慢慢来,跑道上，一个人戴着耳机跑,睡一觉，第二天照常,风景和现场：演出、展览、天空
S1670,操场跑道,组团开黑边复习,从不,辩论队,家里定时打钱,什么也没带走，但也没白来,卡着铃声冲进去，坐最后一排,跑道上，一个人戴着耳机跑,睡一觉，第二天照常,风景和现场：演出、展览、天空
S1671,操场跑道,临时抱佛脚,天天吃,电竞社,月初土豪，月底吃土,食堂的那个窗口,卡着铃声冲进去，坐最后一排,羽毛球乒乓球，约人打,拉朋友出去吃一顿,运动记录、跑步路线、装备
S1672,操场跑道,临时抱佛脚,一周三五次,电竞社,月初土豪，月底吃土,宿舍的那群人,提前十分钟到，坐前排,羽毛球乒乓球，约人打,拉朋友出去吃一顿,和朋友：合影、表情包、抓拍
S1673,网吧,临时抱佛脚,偶尔,电竞社,月初土豪，月底吃土,操场的那圈跑道,卡着铃声冲进去，坐最后一排,羽毛球乒乓球，约人打,睡一觉，第二天照常,风景和现场：演出、展览、天空
S1674,食堂窗口,临时抱佛脚,天天吃,乐队,月初土豪，月底吃土,食堂的那个窗口,让室友帮忙占座，自己慢慢来,看台或树下，看别人动,开黑到凌晨，把气打出去,运动记录、跑步路线、装备
S1675,操场跑道,刷往年题,天天吃,辩论队,家里定时打钱,食堂的那个窗口,选了，但没去过几次,羽毛球乒乓球，约人打,开黑到凌晨，把气打出去,运动记录、跑步路线、装备
S1676,食堂窗口,刷往年题,天天吃,摄影社,月初土豪，月底吃土,什么也没带走，但也没白来,让室友帮忙占座，自己慢慢来,羽毛球乒乓球，约人打,给家里打个电话,和朋友：合影、表情包、抓拍
S1677,图书馆自习室,刷往年题,天天吃,辩论队,靠奖学金过日子,食堂的那个窗口,早上根本没课，我的课都在下午,跑道上，一个人戴着耳机跑,去操场跑到没力气,和朋友：合影、表情包、抓拍
S1678,食堂窗口,组团开黑边复习,天天吃,乐队,家里定时打钱,食堂的那个窗口,卡着铃声冲进去，坐最后一排,看台或树下，看别人动,给家里打个电话,吃的：外卖、食堂、探店
S1679,图书馆自习室,死磕课本,从不,摄影社,靠奖学金过日子,图书馆那张常坐的座位,提前十分钟到，坐前排,跑道上，一个人戴着耳机跑,去操场跑到没力气,和朋友：合影、表情包、抓拍
S1680,网吧,临时抱佛脚,天天吃,辩论队,月初土豪，月底吃土,操场的那圈跑道,卡着铃声冲进去，坐最后一排,球场，组队打一场,给家里打个电话,和朋友：合影、表情包、抓拍
S1681,食堂窗口,死磕课本,偶尔,辩论队,兼职自力更生,食堂的那个窗口,提前十分钟到，坐前排,羽毛球乒乓球，约人打,给家里打个电话,和朋友：合影、表情包、抓拍
S1682,食堂窗口,死磕课本,偶尔,乐队,月初土豪，月底吃土,宿舍的那群人,让室友帮忙占座，自己慢慢来,器械区随便练练，练完就走,睡一觉，第二天照常,吃的：外卖、食堂、探店
S1683,网吧,临时抱佛脚,天天吃,电竞社,兼职自力更生,操场的那圈跑道,让室友帮忙占座，自己慢慢来,跑道上，一个人戴着耳机跑,开黑到凌晨，把气打出去,风景和现场：演出、展览、天空
S1684,图书馆自习室,临时抱佛脚,偶尔,摄影社,靠奖学金过日子,食堂的那个窗口,卡着铃声冲进去，坐最后一排,跑道上，一个人戴着耳机跑,开黑到凌晨，把气打出去,和朋友：合影、表情包、抓拍
S1685,宿舍床上,临时抱佛脚,天天吃,摄影社,月初土豪，月底吃土,图书馆那张常坐的座位,让室友帮忙占座，自己慢慢来,看台或树下，看别人动,给家里打个电话,风景和现场：演出、展览、天空
S1686,宿舍床上,提前两周就复习完了,偶尔,摄影社,靠奖学金过日子,操场的那圈跑道,选了，但没去过几次,跑道上，一个人戴着耳机跑,睡一觉，第二天照常,风景和现场：演出、展览、天空
S1687,网吧,组团开黑边复习,偶尔,摄影社,家里定时打钱,图书馆那张常坐的座位,选了，但没去过几次,球场，组队打一场,睡一觉，第二天照常,课件、板书、PPT 截图
S1688,网吧,刷往年题,一周三五次,电竞社,兼职自力更生,操场的那圈跑道,选了，但没去过几次,跑道上，一个人戴着耳机跑,开黑到凌晨，把气打出去,和朋友：合影、表情包、抓拍
S1689,食堂窗口,刷往年题,偶尔,摄影社,兼职自力更生,图书馆那张常坐的座位,提前十分钟到，坐前排,羽毛球乒乓球，约人打,去操场跑到没力气,课件、板书、PPT 截图
S1690,操场跑道,刷往年题,天天吃,电竞社,兼职自力更生,宿舍的那群人,让室友帮忙占座，自己慢慢来,羽毛球乒乓球，约人打,拉朋友出去吃一顿,和朋友：合影、表情包、抓拍
S1691,食堂窗口,临时抱佛脚,从不,电竞社,月初土豪，月底吃土,图书馆那张常坐的座位,选了，但没去过几次,羽毛球乒乓球，约人打,去操场跑到没力气,和朋友：合影、表情包、抓拍
S1692,网吧,临时抱佛脚,天天吃,乐队,月初土豪，月底吃土,宿舍的那群人,早上根本没课，我的课都在下午,看台或树下，看别人动,开黑到凌晨，把气打出去,和朋友：合影、表情包、抓拍
S1693,宿舍床上,提前两周就复习完了,偶尔,志愿者协会,家里定时打钱,什么也没带走，但也没白来,卡着铃声冲进去，坐最后一排,器械区随便练练，练完就走,去操场跑到没力气,运动记录、跑步路线、装备
S1694,图书馆自习室,临时抱佛脚,天天吃,电竞社,月初土豪，月底吃土,食堂的那个窗口,让室友帮忙占座，自己慢慢来,看台或树下，看别人动,开黑到凌晨，把气打出去,风景和现场：演出、展览、天空
S1695,操场跑道,临时抱佛脚,偶尔,乐队,靠奖学金过日子,宿舍的那群人,让室友帮忙占座，自己慢慢来,羽毛球乒乓球，约人打,给家里打个电话,和朋友：合影、表情包、抓拍
S1696,图书馆自习室,临时抱佛脚,一周三五次,摄影社,兼职自力更生,食堂的那个窗口,早上根本没课，我的课都在下午,器械区随便练练，练完就走,开黑到凌晨，把气打出去,课件、板书、PPT 截图
S1697,网吧,刷往年题,一周三五次,电竞社,月初土豪，月底吃土,宿舍的那群人,早上根本没课，我的课都在下午,跑道上，一个人戴着耳机跑,拉朋友出去吃一顿,和朋友：合影、表情包、抓拍
S1698,食堂窗口,组团开黑边复习,一周三五次,电竞社,家里定时打钱,宿舍的那群人,选了，但没去过几次,球场，组队打一场,拉朋友出去吃一顿,和朋友：合影、表情包、抓拍
S1699,宿舍床上,提前两周就复习完了,偶尔,志愿者协会,靠奖学金过日子,图书馆那张常坐的座位,提前十分钟到，坐前排,球场，组队打一场,去操场跑到没力气,课件、板书、PPT 截图
S1700,食堂窗口,组团开黑边复习,天天吃,志愿者协会,兼职自力更生,宿舍的那群人,提前十分钟到，坐前排,器械区随便练练，练完就走,开黑到凌晨，把气打出去,和朋友：合影、表情包、抓拍
S1701,宿舍床上,死磕课本,偶尔,辩论队,家里定时打钱,操场的那圈跑道,提前十分钟到，坐前排,跑道上，一个人戴着耳机跑,睡一觉，第二天照常,吃的：外卖、食堂、探店
S1702,图书馆自习室,临时抱佛脚,天天吃,乐队,兼职自力更生,操场的那圈跑道,选了，但没去过几次,看台或树下，看别人动,给家里打个电话,吃的：外卖、食堂、探店
S1703,宿舍床上,提前两周就复习完了,一周三五次,电竞社,月初土豪，月底吃土,宿舍的那群人,提前十分钟到，坐前排,看台或树下，看别人动,拉朋友出去吃一顿,运动记录、跑步路线、装备
S1704,食堂窗口,临时抱佛脚,天天吃,辩论队,月初土豪，月底吃土,宿舍的那群人,选了，但没去过几次,看台或树下，看别人动,给家里打个电话,课件、板书、PPT 截图
S1705,宿舍床上,刷往年题,一周三五次,摄影社,月初土豪，月底吃土,食堂的那个窗口,卡着铃声冲进去，坐最后一排,看台或树下，看别人动,开黑到凌晨，把气打出去,吃的：外卖、食堂、探店
S1706,网吧,临时抱佛脚,天天吃,乐队,月初土豪，月底吃土,操场的那圈跑道,早上根本没课，我的课都在下午,球场，组队打一场,开黑到凌晨，把气打出去,风景和现场：演出、展览、天空
S1707,食堂窗口,刷往年题,天天吃,志愿者协会,月初土豪，月底吃土,食堂的那个窗口,选了，但没去过几次,球场，组队打一场,给家里打个电话,吃的：外卖、食堂、探店
S1708,食堂窗口,提前两周就复习完了,天天吃,摄影社,月初土豪，月底吃土,图书馆那张常坐的座位,提前十分钟到，坐前排,器械区随便练练，练完就走,拉朋友出去吃一顿,和朋友：合影、表情包、抓拍
S1709,图书馆自习室,组团开黑边复习,天天吃,志愿者协会,月初土豪，月底吃土,宿舍的那群人,卡着铃声冲进去，坐最后一排,跑道上，一个人戴着耳机跑,去操场跑到没力气,和朋友：合影、表情包、抓拍
S1710,图书馆自习室,组团开黑边复习,一周三五次,乐队,靠奖学金过日子,食堂的那个窗口,早上根本没课，我的课都在下午,器械区随便练练，练完就走,拉朋友出去吃一顿,和朋友：合影、表情包、抓拍
S1711,宿舍床上,提前两周就复习完了,偶尔,电竞社,月初土豪，月底吃土,什么也没带走，但也没白来,让室友帮忙占座，自己慢慢来,羽毛球乒乓球，约人打,给家里打个电话,风景和现场：演出、展览、天空
S1712,食堂窗口,提前两周就复习完了,天天吃,摄影社,月初土豪，月底吃土,什么也没带走，但也没白来,选了，但没去过几次,羽毛球乒乓球，约人打,拉朋友出去吃一顿,风景和现场：演出、展览、天空
S1713,食堂窗口,刷往年题,从不,志愿者协会,家里定时打钱,操场的那圈跑道,早上根本没课，我的课都在下午,球场，组队打一场,去操场跑到没力气,课件、板书、PPT 截图
S1714,图书馆自习室,提前两周就复习完了,从不,辩论队,家里定时打钱,图书馆那张常坐的座位,提前十分钟到，坐前排,球场，组队打一场,去操场跑到没力气,课件、板书、PPT 截图
S1715,图书馆自习室,提前两周就复习完了,偶尔,乐队,家里定时打钱,图书馆那张常坐的座位,让室友帮忙占座，自己慢慢来,球场，组队打一场,给家里打个电话,课件、板书、PPT 截图
S1716,网吧,临时抱佛脚,天天吃,电竞社,月初土豪，月底吃土,食堂的那个窗口,早上根本没课，我的课都在下午,球场，组队打一场,拉朋友出去吃一顿,课件、板书、PPT 截图
S1717,宿舍床上,刷往年题,天天吃,摄影社,靠奖学金过日子,宿舍的那群人,选了，但没去过几次,器械区随便练练，练完就走,去操场跑到没力气,运动记录、跑步路线、装备
S1718,操场跑道,临时抱佛脚,偶尔,志愿者协会,家里定时打钱,什么也没带走，但也没白来,提前十分钟到，坐前排,球场，组队打一场,给家里打个电话,吃的：外卖、食堂、探店
S1719,网吧,组团开黑边复习,偶尔,乐队,家里定时打钱,图书馆那张常坐的座位,选了，但没去过几次,羽毛球乒乓球，约人打,睡一觉，第二天照常,吃的：外卖、食堂、探店
S1720,图书馆自习室,组团开黑边复习,天天吃,摄影社,月初土豪，月底吃土,宿舍的那群人,早上根本没课，我的课都在下午,羽毛球乒乓球，约人打,开黑到凌晨，把气打出去,吃的：外卖、食堂、探店
S1721,操场跑道,刷往年题,偶尔,志愿者协会,兼职自力更生,宿舍的那群人,提前十分钟到，坐前排,球场，组队打一场,去操场跑到没力气,吃的：外卖、食堂、探店
S1722,图书馆自习室,组团开黑边复习,偶尔,摄影社,兼职自力更生,操场的那圈跑道,提前十分钟到，坐前排,跑道上，一个人戴着耳机跑,去操场跑到没力气,运动记录、跑步路线、装备
S1723,网吧,刷往年题,一周三五次,乐队,月初土豪，月底吃土,宿舍的那群人,卡着铃声冲进去，坐最后一排,羽毛球乒乓球，约人打,拉朋友出去吃一顿,吃的：外卖、食堂、探店
S1724,操场跑道,提前两周就复习完了,天天吃,辩论队,家里定时打钱,操场的那圈跑道,早上根本没课，我的课都在下午,羽毛球乒乓球，约人打,开黑到凌晨，把气打出去,课件、板书、PPT 截图
S1725,操场跑道,死磕课本,从不,乐队,靠奖学金过日子,图书馆那张常坐的座位,让室友帮忙占座，自己慢慢来,球场，组队打一场,开黑到凌晨，把气打出去,吃的：外卖、食堂、探店
S1726,操场跑道,组团开黑边复习,从不,志愿者协会,月初土豪，月底吃土,食堂的那个窗口,让室友帮忙占座，自己慢慢来,羽毛球乒乓球，约人打,给家里打个电话,吃的：外卖、食堂、探店
S1727,食堂窗口,组团开黑边复习,一周三五次,乐队,家里定时打钱,宿舍的那群人,选了，但没去过几次,跑道上，一个人戴着耳机跑,睡一觉，第二天照常,吃的：外卖、食堂、探店
S1728,网吧,组团开黑边复习,偶尔,志愿者协会,家里定时打钱,宿舍的那群人,选了，但没去过几次,器械区随便练练，练完就走,给家里打个电话,和朋友：合影、表情包、抓拍
S1729,图书馆自习室,提前两周就复习完了,从不,乐队,靠奖学金过日子,图书馆那张常坐的座位,提前十分钟到，坐前排,羽毛球乒乓球，约人打,睡一觉，第二天照常,课件、板书、PPT 截图
S1730,网吧,临时抱佛脚,一周三五次,乐队,月初土豪，月底吃土,食堂的那个窗口,选了，但没去过几次,器械区随便练练，练完就走,开黑到凌晨，把气打出去,课件、板书、PPT 截图
S1731,网吧,死磕课本,天天吃,电竞社,月初土豪，月底吃土,操场的那圈跑道,选了，但没去过几次,看台或树下，看别人动,开黑到凌晨，把气打出去,风景和现场：演出、展览、天空
S1732,图书馆自习室,提前两周就复习完了,从不,辩论队,靠奖学金过日子,图书馆那张常坐的座位,提前十分钟到，坐前排,器械区随便练练，练完就走,睡一觉，第二天照常,风景和现场：演出、展览、天空
S1733,宿舍床上,死磕课本,偶尔,电竞社,月初土豪，月底吃土,宿舍的那群人,卡着铃声冲进去，坐最后一排,羽毛球乒乓球，约人打,开黑到凌晨，把气打出去,吃的：外卖、食堂、探店
S1734,食堂窗口,刷往年题,天天吃,辩论队,兼职自力更生,宿舍的那群人,早上根本没课，我的课都在下午,球场，组队打一场,给家里打个电话,吃的：外卖、食堂、探店
S1735,网吧,组团开黑边复习,天天吃,乐队,家里定时打钱,图书馆那张常坐的座位,提前十分钟到，坐前排,看台或树下，看别人动,拉朋友出去吃一顿,课件、板书、PPT 截图
S1736,食堂窗口,临时抱佛脚,天天吃,乐队,家里定时打钱,宿舍的那群人,早上根本没课，我的课都在下午,跑道上，一个人戴着耳机跑,拉朋友出去吃一顿,风景和现场：演出、展览、天空
S1737,网吧,刷往年题,一周三五次,乐队,月初土豪，月底吃土,宿舍的那群人,卡着铃声冲进去，坐最后一排,看台或树下，看别人动,开黑到凌晨，把气打出去,运动记录、跑步路线、装备
S1738,宿舍床上,临时抱佛脚,一周三五次,志愿者协会,月初土豪，月底吃土,宿舍的那群人,卡着铃声冲进去，坐最后一排,器械区随便练练，练完就走,给家里打个电话,吃的：外卖、食堂、探店
S1739,图书馆自习室,临时抱佛脚,天天吃,辩论队,靠奖学金过日子,操场的那圈跑道,提前十分钟到，坐前排,跑道上，一个人戴着耳机跑,去操场跑到没力气,运动记录、跑步路线、装备
S1740,图书馆自习室,组团开黑边复习,偶尔,摄影社,兼职自力更生,图书馆那张常坐的座位,选了，但没去过几次,看台或树下，看别人动,开黑到凌晨，把气打出去,课件、板书、PPT 截图
S1741,操场跑道,刷往年题,偶尔,摄影社,月初土豪，月底吃土,操场的那圈跑道,选了，但没去过几次,看台或树下，看别人动,给家里打个电话,和朋友：合影、表情包、抓拍
S1742,图书馆自习室,刷往年题,从不,辩论队,靠奖学金过日子,操场的那圈跑道,提前十分钟到，坐前排,器械区随便练练，练完就走,拉朋友出去吃一顿,和朋友：合影、表情包、抓拍
S1743,宿舍床上,临时抱佛脚,天天吃,辩论队,月初土豪，月底吃土,什么也没带走，但也没白来,让室友帮忙占座，自己慢慢来,跑道上，一个人戴着耳机跑,去操场跑到没力气,课件、板书、PPT 截图
S1744,宿舍床上,提前两周就复习完了,从不,志愿者协会,家里定时打钱,图书馆那张常坐的座位,提前十分钟到，坐前排,羽毛球乒乓球，约人打,去操场跑到没力气,课件、板书、PPT 截图
S1745,图书馆自习室,刷往年题,偶尔,摄影社,月初土豪，月底吃土,宿舍的那群人,选了，但没去过几次,器械区随便练练，练完就走,去操场跑到没力气,运动记录、跑步路线、装备
S1746,食堂窗口,刷往年题,偶尔,辩论队,兼职自力更生,图书馆那张常坐的座位,卡着铃声冲进去，坐最后一排,看台或树下，看别人动,拉朋友出去吃一顿,吃的：外卖、食堂、探店
S1747,宿舍床上,临时抱佛脚,一周三五次,摄影社,靠奖学金过日子,操场的那圈跑道,提前十分钟到，坐前排,羽毛球乒乓球，约人打,去操场跑到没力气,和朋友：合影、表情包、抓拍
S1748,宿舍床上,临时抱佛脚,天天吃,乐队,月初土豪，月底吃土,什么也没带走，但也没白来,选了，但没去过几次,看台或树下，看别人动,开黑到凌晨，把气打出去,和朋友：合影、表情包、抓拍
S1749,图书馆自习室,组团开黑边复习,从不,辩论队,靠奖学金过日子,图书馆那张常坐的座位,早上根本没课，我的课都在下午,看台或树下，看别人动,给家里打个电话,吃的：外卖、食堂、探店
S1750,图书馆自习室,死磕课本,偶尔,摄影社,兼职自力更生,图书馆那张常坐的座位,提前十分钟到，坐前排,器械区随便练练，练完就走,去操场跑到没力气,课件、板书、PPT 截图
S1751,食堂窗口,刷往年题,一周三五次,电竞社,月初土豪，月底吃土,图书馆那张常坐的座位,提前十分钟到，坐前排,器械区随便练练，练完就走,去操场跑到没力气,和朋友：合影、表情包、抓拍
S1752,网吧,临时抱佛脚,偶尔,电竞社,家里定时打钱,操场的那圈跑道,提前十分钟到，坐前排,羽毛球乒乓球，约人打,开黑到凌晨，把气打出去,运动记录、跑步路线、装备
S1753,操场跑道,临时抱佛脚,一周三五次,摄影社,月初土豪，月底吃土,宿舍的那群人,早上根本没课，我的课都在下午,看台或树下，看别人动,给家里打个电话,和朋友：合影、表情包、抓拍
S1754,宿舍床上,临时抱佛脚,从不,摄影社,月初土豪，月底吃土,宿舍的那群人,让室友帮忙占座，自己慢慢来,羽毛球乒乓球，约人打,睡一觉，第二天照常,课件、板书、PPT 截图
S1755,食堂窗口,组团开黑边复习,天天吃,电竞社,月初土豪，月底吃土,宿舍的那群人,早上根本没课，我的课都在下午,球场，组队打一场,去操场跑到没力气,吃的：外卖、食堂、探店
S1756,图书馆自习室,死磕课本,偶尔,辩论队,家里定时打钱,宿舍的那群人,提前十分钟到，坐前排,器械区随便练练，练完就走,去操场跑到没力气,课件、板书、PPT 截图
S1757,操场跑道,提前两周就复习完了,偶尔,辩论队,靠奖学金过日子,操场的那圈跑道,提前十分钟到，坐前排,器械区随便练练，练完就走,睡一觉，第二天照常,课件、板书、PPT 截图
S1758,图书馆自习室,死磕课本,偶尔,辩论队,兼职自力更生,图书馆那张常坐的座位,早上根本没课，我的课都在下午,跑道上，一个人戴着耳机跑,睡一觉，第二天照常,运动记录、跑步路线、装备
S1759,食堂窗口,组团开黑边复习,一周三五次,辩论队,月初土豪，月底吃土,食堂的那个窗口,选了，但没去过几次,器械区随便练练，练完就走,开黑到凌晨，把气打出去,和朋友：合影、表情包、抓拍
S1760,食堂窗口,组团开黑边复习,一周三五次,乐队,家里定时打钱,食堂的那个窗口,选了，但没去过几次,羽毛球乒乓球，约人打,开黑到凌晨，把气打出去,和朋友：合影、表情包、抓拍
S1761,食堂窗口,组团开黑边复习,天天吃,摄影社,月初土豪，月底吃土,图书馆那张常坐的座位,卡着铃声冲进去，坐最后一排,跑道上，一个人戴着耳机跑,拉朋友出去吃一顿,和朋友：合影、表情包、抓拍
S1762,食堂窗口,组团开黑边复习,天天吃,志愿者协会,月初土豪，月底吃土,食堂的那个窗口,提前十分钟到，坐前排,器械区随便练练，练完就走,拉朋友出去吃一顿,吃的：外卖、食堂、探店
S1763,图书馆自习室,死磕课本,从不,辩论队,家里定时打钱,宿舍的那群人,提前十分钟到，坐前排,器械区随便练练，练完就走,拉朋友出去吃一顿,课件、板书、PPT 截图
S1764,网吧,组团开黑边复习,天天吃,电竞社,月初土豪，月底吃土,宿舍的那群人,卡着铃声冲进去，坐最后一排,羽毛球乒乓球，约人打,开黑到凌晨，把气打出去,和朋友：合影、表情包、抓拍
S1765,食堂窗口,临时抱佛脚,从不,乐队,兼职自力更生,食堂的那个窗口,让室友帮忙占座，自己慢慢来,羽毛球乒乓球，约人打,去操场跑到没力气,吃的：外卖、食堂、探店
S1766,食堂窗口,提前两周就复习完了,一周三五次,电竞社,兼职自力更生,宿舍的那群人,早上根本没课，我的课都在下午,球场，组队打一场,拉朋友出去吃一顿,和朋友：合影、表情包、抓拍
S1767,网吧,临时抱佛脚,一周三五次,乐队,家里定时打钱,什么也没带走，但也没白来,早上根本没课，我的课都在下午,看台或树下，看别人动,给家里打个电话,运动记录、跑步路线、装备
S1768,宿舍床上,刷往年题,一周三五次,乐队,月初土豪，月底吃土,操场的那圈跑道,让室友帮忙占座，自己慢慢来,球场，组队打一场,给家里打个电话,和朋友：合影、表情包、抓拍
S1769,宿舍床上,组团开黑边复习,天天吃,辩论队,靠奖学金过日子,操场的那圈跑道,选了，但没去过几次,看台或树下，看别人动,给家里打个电话,和朋友：合影、表情包、抓拍
S1770,网吧,临时抱佛脚,天天吃,摄影社,月初土豪，月底吃土,食堂的那个窗口,早上根本没课，我的课都在下午,羽毛球乒乓球，约人打,开黑到凌晨，把气打出去,和朋友：合影、表情包、抓拍
S1771,宿舍床上,死磕课本,偶尔,辩论队,家里定时打钱,图书馆那张常坐的座位,提前十分钟到，坐前排,羽毛球乒乓球，约人打,给家里打个电话,课件、板书、PPT 截图
S1772,图书馆自习室,提前两周就复习完了,偶尔,乐队,兼职自力更生,图书馆那张常坐的座位,提前十分钟到，坐前排,跑道上，一个人戴着耳机跑,睡一觉，第二天照常,风景和现场：演出、展览、天空
S1773,操场跑道,刷往年题,偶尔,辩论队,家里定时打钱,什么也没带走，但也没白来,让室友帮忙占座，自己慢慢来,跑道上，一个人戴着耳机跑,拉朋友出去吃一顿,运动记录、跑步路线、装备
S1774,图书馆自习室,死磕课本,偶尔,志愿者协会,靠奖学金过日子,操场的那圈跑道,让室友帮忙占座，自己慢慢来,器械区随便练练，练完就走,去操场跑到没力气,运动记录、跑步路线、装备
S1775,操场跑道,刷往年题,偶尔,志愿者协会,靠奖学金过日子,操场的那圈跑道,让室友帮忙占座，自己慢慢来,球场，组队打一场,给家里打个电话,运动记录、跑步路线、装备
S1776,图书馆自习室,死磕课本,偶尔,志愿者协会,家里定时打钱,什么也没带走，但也没白来,提前十分钟到，坐前排,球场，组队打一场,给家里打个电话,课件、板书、PPT 截图
S1777,网吧,刷往年题,从不,乐队,月初土豪，月底吃土,宿舍的那群人,卡着铃声冲进去，坐最后一排,器械区随便练练，练完就走,拉朋友出去吃一顿,课件、板书、PPT 截图
S1778,操场跑道,提前两周就复习完了,从不,摄影社,家里定时打钱,图书馆那张常坐的座位,提前十分钟到，坐前排,羽毛球乒乓球，约人打,睡一觉，第二天照常,课件、板书、PPT 截图
S1779,网吧,临时抱佛脚,一周三五次,乐队,兼职自力更生,操场的那圈跑道,提前十分钟到，坐前排,球场，组队打一场,拉朋友出去吃一顿,和朋友：合影、表情包、抓拍
S1780,图书馆自习室,提前两周就复习完了,从不,志愿者协会,月初土豪，月底吃土,食堂的那个窗口,提前十分钟到，坐前排,羽毛球乒乓球，约人打,睡一觉，第二天照常,风景和现场：演出、展览、天空
S1781,图书馆自习室,临时抱佛脚,从不,志愿者协会,靠奖学金过日子,宿舍的那群人,提前十分钟到，坐前排,跑道上，一个人戴着耳机跑,给家里打个电话,课件、板书、PPT 截图
S1782,网吧,死磕课本,一周三五次,电竞社,家里定时打钱,图书馆那张常坐的座位,让室友帮忙占座，自己慢慢来,球场，组队打一场,开黑到凌晨，把气打出去,课件、板书、PPT 截图
S1783,图书馆自习室,刷往年题,一周三五次,辩论队,兼职自力更生,食堂的那个窗口,提前十分钟到，坐前排,跑道上，一个人戴着耳机跑,给家里打个电话,风景和现场：演出、展览、天空
S1784,网吧,临时抱佛脚,天天吃,电竞社,月初土豪，月底吃土,操场的那圈跑道,早上根本没课，我的课都在下午,球场，组队打一场,开黑到凌晨，把气打出去,吃的：外卖、食堂、探店
S1785,宿舍床上,组团开黑边复习,天天吃,辩论队,月初土豪，月底吃土,食堂的那个窗口,卡着铃声冲进去，坐最后一排,看台或树下，看别人动,给家里打个电话,风景和现场：演出、展览、天空
S1786,操场跑道,组团开黑边复习,偶尔,电竞社,兼职自力更生,宿舍的那群人,让室友帮忙占座，自己慢慢来,球场，组队打一场,睡一觉，第二天照常,吃的：外卖、食堂、探店
S1787,图书馆自习室,提前两周就复习完了,从不,辩论队,家里定时打钱,图书馆那张常坐的座位,提前十分钟到，坐前排,羽毛球乒乓球，约人打,给家里打个电话,运动记录、跑步路线、装备
S1788,操场跑道,死磕课本,一周三五次,摄影社,兼职自力更生,操场的那圈跑道,卡着铃声冲进去，坐最后一排,羽毛球乒乓球，约人打,去操场跑到没力气,运动记录、跑步路线、装备
S1789,宿舍床上,提前两周就复习完了,天天吃,辩论队,靠奖学金过日子,操场的那圈跑道,提前十分钟到，坐前排,球场，组队打一场,睡一觉，第二天照常,运动记录、跑步路线、装备
S1790,网吧,临时抱佛脚,天天吃,辩论队,月初土豪，月底吃土,什么也没带走，但也没白来,选了，但没去过几次,跑道上，一个人戴着耳机跑,开黑到凌晨，把气打出去,课件、板书、PPT 截图
S1791,食堂窗口,死磕课本,天天吃,志愿者协会,靠奖学金过日子,食堂的那个窗口,提前十分钟到，坐前排,看台或树下，看别人动,拉朋友出去吃一顿,和朋友：合影、表情包、抓拍
S1792,食堂窗口,组团开黑边复习,一周三五次,辩论队,家里定时打钱,食堂的那个窗口,提前十分钟到，坐前排,羽毛球乒乓球，约人打,去操场跑到没力气,运动记录、跑步路线、装备
S1793,网吧,组团开黑边复习,从不,电竞社,靠奖学金过日子,图书馆那张常坐的座位,早上根本没课，我的课都在下午,跑道上，一个人戴着耳机跑,给家里打个电话,吃的：外卖、食堂、探店
S1794,图书馆自习室,死磕课本,天天吃,乐队,靠奖学金过日子,食堂的那个窗口,选了，但没去过几次,羽毛球乒乓球，约人打,去操场跑到没力气,课件、板书、PPT 截图
S1795,网吧,组团开黑边复习,天天吃,摄影社,家里定时打钱,食堂的那个窗口,提前十分钟到，坐前排,看台或树下，看别人动,拉朋友出去吃一顿,和朋友：合影、表情包、抓拍
S1796,网吧,组团开黑边复习,一周三五次,乐队,月初土豪，月底吃土,宿舍的那群人,让室友帮忙占座，自己慢慢来,看台或树下，看别人动,给家里打个电话,运动记录、跑步路线、装备
S1797,网吧,刷往年题,天天吃,志愿者协会,月初土豪，月底吃土,图书馆那张常坐的座位,卡着铃声冲进去，坐最后一排,看台或树下，看别人动,拉朋友出去吃一顿,运动记录、跑步路线、装备
S1798,操场跑道,组团开黑边复习,偶尔,电竞社,月初土豪，月底吃土,什么也没带走，但也没白来,让室友帮忙占座，自己慢慢来,看台或树下，看别人动,开黑到凌晨，把气打出去,风景和现场：演出、展览、天空
S1799,操场跑道,死磕课本,偶尔,志愿者协会,兼职自力更生,操场的那圈跑道,提前十分钟到，坐前排,球场，组队打一场,睡一觉，第二天照常,运动记录、跑步路线、装备
S1800,网吧,提前两周就复习完了,天天吃,电竞社,月初土豪，月底吃土,宿舍的那群人,选了，但没去过几次,羽毛球乒乓球，约人打,开黑到凌晨，把气打出去,和朋友：合影、表情包、抓拍
S1801,网吧,刷往年题,一周三五次,志愿者协会,靠奖学金过日子,食堂的那个窗口,让室友帮忙占座，自己慢慢来,羽毛球乒乓球，约人打,给家里打个电话,吃的：外卖、食堂、探店
S1802,图书馆自习室,提前两周就复习完了,从不,辩论队,家里定时打钱,图书馆那张常坐的座位,提前十分钟到，坐前排,羽毛球乒乓球，约人打,给家里打个电话,课件、板书、PPT 截图
S1803,网吧,死磕课本,一周三五次,电竞社,靠奖学金过日子,什么也没带走，但也没白来,让室友帮忙占座，自己慢慢来,器械区随便练练，练完就走,给家里打个电话,和朋友：合影、表情包、抓拍
S1804,网吧,死磕课本,偶尔,辩论队,月初土豪，月底吃土,食堂的那个窗口,卡着铃声冲进去，坐最后一排,羽毛球乒乓球，约人打,给家里打个电话,风景和现场：演出、展览、天空
S1805,宿舍床上,刷往年题,一周三五次,志愿者协会,家里定时打钱,什么也没带走，但也没白来,卡着铃声冲进去，坐最后一排,球场，组队打一场,拉朋友出去吃一顿,风景和现场：演出、展览、天空
S1806,食堂窗口,死磕课本,天天吃,辩论队,月初土豪，月底吃土,食堂的那个窗口,卡着铃声冲进去，坐最后一排,看台或树下，看别人动,拉朋友出去吃一顿,风景和现场：演出、展览、天空
S1807,操场跑道,组团开黑边复习,偶尔,电竞社,家里定时打钱,什么也没带走，但也没白来,选了，但没去过几次,球场，组队打一场,拉朋友出去吃一顿,和朋友：合影、表情包、抓拍
S1808,图书馆自习室,刷往年题,从不,辩论队,靠奖学金过日子,图书馆那张常坐的座位,提前十分钟到，坐前排,球场，组队打一场,拉朋友出去吃一顿,课件、板书、PPT 截图
S1809,操场跑道,死磕课本,一周三五次,摄影社,兼职自力更生,图书馆那张常坐的座位,提前十分钟到，坐前排,器械区随便练练，练完就走,睡一觉，第二天照常,运动记录、跑步路线、装备
S1810,食堂窗口,组团开黑边复习,偶尔,乐队,月初土豪，月底吃土,食堂的那个窗口,选了，但没去过几次,羽毛球乒乓球，约人打,开黑到凌晨，把气打出去,和朋友：合影、表情包、抓拍
S1811,图书馆自习室,组团开黑边复习,从不,乐队,靠奖学金过日子,图书馆那张常坐的座位,提前十分钟到，坐前排,跑道上，一个人戴着耳机跑,拉朋友出去吃一顿,运动记录、跑步路线、装备
S1812,网吧,刷往年题,天天吃,乐队,月初土豪，月底吃土,图书馆那张常坐的座位,选了，但没去过几次,球场，组队打一场,拉朋友出去吃一顿,吃的：外卖、食堂、探店
S1813,图书馆自习室,死磕课本,从不,乐队,家里定时打钱,图书馆那张常坐的座位,早上根本没课，我的课都在下午,器械区随便练练，练完就走,睡一觉，第二天照常,课件、板书、PPT 截图
S1814,网吧,刷往年题,天天吃,志愿者协会,家里定时打钱,食堂的那个窗口,让室友帮忙占座，自己慢慢来,看台或树下，看别人动,去操场跑到没力气,和朋友：合影、表情包、抓拍
S1815,食堂窗口,临时抱佛脚,一周三五次,电竞社,月初土豪，月底吃土,宿舍的那群人,早上根本没课，我的课都在下午,球场，组队打一场,拉朋友出去吃一顿,和朋友：合影、表情包、抓拍
S1816,网吧,组团开黑边复习,天天吃,电竞社,月初土豪，月底吃土,宿舍的那群人,卡着铃声冲进去，坐最后一排,跑道上，一个人戴着耳机跑,拉朋友出去吃一顿,吃的：外卖、食堂、探店
S1817,网吧,临时抱佛脚,天天吃,电竞社,月初土豪，月底吃土,食堂的那个窗口,让室友帮忙占座，自己慢慢来,跑道上，一个人戴着耳机跑,给家里打个电话,风景和现场：演出、展览、天空
S1818,图书馆自习室,死磕课本,天天吃,摄影社,靠奖学金过日子,什么也没带走，但也没白来,提前十分钟到，坐前排,跑道上，一个人戴着耳机跑,睡一觉，第二天照常,和朋友：合影、表情包、抓拍
S1819,网吧,组团开黑边复习,天天吃,辩论队,月初土豪，月底吃土,操场的那圈跑道,卡着铃声冲进去，坐最后一排,看台或树下，看别人动,开黑到凌晨，把气打出去,和朋友：合影、表情包、抓拍
S1820,图书馆自习室,提前两周就复习完了,从不,志愿者协会,靠奖学金过日子,什么也没带走，但也没白来,提前十分钟到，坐前排,羽毛球乒乓球，约人打,给家里打个电话,课件、板书、PPT 截图
S1821,食堂窗口,临时抱佛脚,偶尔,电竞社,家里定时打钱,宿舍的那群人,卡着铃声冲进去，坐最后一排,球场，组队打一场,睡一觉，第二天照常,运动记录、跑步路线、装备
S1822,图书馆自习室,死磕课本,一周三五次,辩论队,兼职自力更生,图书馆那张常坐的座位,提前十分钟到，坐前排,器械区随便练练，练完就走,拉朋友出去吃一顿,课件、板书、PPT 截图
S1823,操场跑道,提前两周就复习完了,偶尔,摄影社,靠奖学金过日子,图书馆那张常坐的座位,提前十分钟到，坐前排,跑道上，一个人戴着耳机跑,睡一觉，第二天照常,吃的：外卖、食堂、探店
S1824,操场跑道,临时抱佛脚,一周三五次,乐队,月初土豪，月底吃土,宿舍的那群人,选了，但没去过几次,羽毛球乒乓球，约人打,睡一觉，第二天照常,和朋友：合影、表情包、抓拍
S1825,宿舍床上,组团开黑边复习,一周三五次,志愿者协会,月初土豪，月底吃土,宿舍的那群人,选了，但没去过几次,羽毛球乒乓球，约人打,开黑到凌晨，把气打出去,和朋友：合影、表情包、抓拍
S1826,食堂窗口,刷往年题,天天吃,摄影社,月初土豪，月底吃土,食堂的那个窗口,卡着铃声冲进去，坐最后一排,羽毛球乒乓球，约人打,拉朋友出去吃一顿,风景和现场：演出、展览、天空
S1827,网吧,临时抱佛脚,天天吃,电竞社,月初土豪，月底吃土,什么也没带走，但也没白来,让室友帮忙占座，自己慢慢来,球场，组队打一场,拉朋友出去吃一顿,风景和现场：演出、展览、天空
S1828,图书馆自习室,组团开黑边复习,偶尔,摄影社,靠奖学金过日子,图书馆那张常坐的座位,提前十分钟到，坐前排,看台或树下，看别人动,拉朋友出去吃一顿,运动记录、跑步路线、装备
S1829,图书馆自习室,刷往年题,从不,电竞社,靠奖学金过日子,食堂的那个窗口,选了，但没去过几次,器械区随便练练，练完就走,给家里打个电话,吃的：外卖、食堂、探店
S1830,图书馆自习室,死磕课本,从不,辩论队,兼职自力更生,什么也没带走，但也没白来,卡着铃声冲进去，坐最后一排,球场，组队打一场,睡一觉，第二天照常,课件、板书、PPT 截图
S1831,网吧,组团开黑边复习,天天吃,乐队,家里定时打钱,食堂的那个窗口,选了，但没去过几次,看台或树下，看别人动,拉朋友出去吃一顿,和朋友：合影、表情包、抓拍
S1832,宿舍床上,提前两周就复习完了,一周三五次,乐队,月初土豪，月底吃土,食堂的那个窗口,提前十分钟到，坐前排,器械区随便练练，练完就走,给家里打个电话,吃的：外卖、食堂、探店
S1833,宿舍床上,临时抱佛脚,一周三五次,电竞社,月初土豪，月底吃土,图书馆那张常坐的座位,选了，但没去过几次,看台或树下，看别人动,开黑到凌晨，把气打出去,运动记录、跑步路线、装备
S1834,宿舍床上,提前两周就复习完了,从不,摄影社,兼职自力更生,图书馆那张常坐的座位,卡着铃声冲进去，坐最后一排,跑道上，一个人戴着耳机跑,拉朋友出去吃一顿,吃的：外卖、食堂、探店
S1835,操场跑道,刷往年题,从不,电竞社,靠奖学金过日子,食堂的那个窗口,提前十分钟到，坐前排,跑道上，一个人戴着耳机跑,给家里打个电话,课件、板书、PPT 截图
S1836,图书馆自习室,刷往年题,从不,志愿者协会,家里定时打钱,食堂的那个窗口,卡着铃声冲进去，坐最后一排,器械区随便练练，练完就走,给家里打个电话,风景和现场：演出、展览、天空
S1837,食堂窗口,刷往年题,偶尔,摄影社,靠奖学金过日子,食堂的那个窗口,让室友帮忙占座，自己慢慢来,球场，组队打一场,给家里打个电话,风景和现场：演出、展览、天空
S1838,图书馆自习室,临时抱佛脚,天天吃,辩论队,家里定时打钱,操场的那圈跑道,卡着铃声冲进去，坐最后一排,羽毛球乒乓球，约人打,开黑到凌晨，把气打出去,运动记录、跑步路线、装备
S1839,图书馆自习室,提前两周就复习完了,一周三五次,志愿者协会,靠奖学金过日子,图书馆那张常坐的座位,卡着铃声冲进去，坐最后一排,器械区随便练练，练完就走,开黑到凌晨，把气打出去,课件、板书、PPT 截图
S1840,操场跑道,提前两周就复习完了,偶尔,乐队,月初土豪，月底吃土,操场的那圈跑道,选了，但没去过几次,看台或树下，看别人动,睡一觉，第二天照常,和朋友：合影、表情包、抓拍
S1841,食堂窗口,组团开黑边复习,一周三五次,乐队,月初土豪，月底吃土,什么也没带走，但也没白来,选了，但没去过几次,看台或树下，看别人动,给家里打个电话,课件、板书、PPT 截图
S1842,图书馆自习室,刷往年题,从不,志愿者协会,靠奖学金过日子,食堂的那个窗口,让室友帮忙占座，自己慢慢来,器械区随便练练，练完就走,睡一觉，第二天照常,吃的：外卖、食堂、探店
S1843,宿舍床上,提前两周就复习完了,从不,辩论队,靠奖学金过日子,图书馆那张常坐的座位,提前十分钟到，坐前排,看台或树下，看别人动,给家里打个电话,课件、板书、PPT 截图
S1844,操场跑道,组团开黑边复习,天天吃,辩论队,月初土豪，月底吃土,宿舍的那群人,提前十分钟到，坐前排,羽毛球乒乓球，约人打,拉朋友出去吃一顿,和朋友：合影、表情包、抓拍
S1845,宿舍床上,提前两周就复习完了,从不,乐队,兼职自力更生,宿舍的那群人,选了，但没去过几次,跑道上，一个人戴着耳机跑,睡一觉，第二天照常,课件、板书、PPT 截图
S1846,食堂窗口,刷往年题,一周三五次,电竞社,月初土豪，月底吃土,什么也没带走，但也没白来,选了，但没去过几次,看台或树下，看别人动,拉朋友出去吃一顿,和朋友：合影、表情包、抓拍
S1847,宿舍床上,组团开黑边复习,天天吃,电竞社,月初土豪，月底吃土,宿舍的那群人,早上根本没课，我的课都在下午,跑道上，一个人戴着耳机跑,开黑到凌晨，把气打出去,风景和现场：演出、展览、天空
S1848,操场跑道,死磕课本,一周三五次,志愿者协会,兼职自力更生,操场的那圈跑道,提前十分钟到，坐前排,球场，组队打一场,给家里打个电话,吃的：外卖、食堂、探店
S1849,操场跑道,死磕课本,天天吃,乐队,月初土豪，月底吃土,操场的那圈跑道,卡着铃声冲进去，坐最后一排,球场，组队打一场,给家里打个电话,和朋友：合影、表情包、抓拍
S1850,食堂窗口,临时抱佛脚,天天吃,电竞社,月初土豪，月底吃土,食堂的那个窗口,让室友帮忙占座，自己慢慢来,看台或树下，看别人动,给家里打个电话,吃的：外卖、食堂、探店
S1851,食堂窗口,刷往年题,一周三五次,志愿者协会,兼职自力更生,宿舍的那群人,让室友帮忙占座，自己慢慢来,器械区随便练练，练完就走,开黑到凌晨，把气打出去,和朋友：合影、表情包、抓拍
S1852,食堂窗口,组团开黑边复习,天天吃,辩论队,家里定时打钱,操场的那圈跑道,选了，但没去过几次,球场，组队打一场,给家里打个电话,和朋友：合影、表情包、抓拍
S1853,网吧,组团开黑边复习,天天吃,乐队,兼职自力更生,图书馆那张常坐的座位,让室友帮忙占座，自己慢慢来,看台或树下，看别人动,给家里打个电话,和朋友：合影、表情包、抓拍
S1854,操场跑道,刷往年题,从不,摄影社,兼职自力更生,图书馆那张常坐的座位,卡着铃声冲进去，坐最后一排,羽毛球乒乓球，约人打,去操场跑到没力气,和朋友：合影、表情包、抓拍
S1855,图书馆自习室,刷往年题,一周三五次,乐队,靠奖学金过日子,宿舍的那群人,卡着铃声冲进去，坐最后一排,器械区随便练练，练完就走,开黑到凌晨，把气打出去,风景和现场：演出、展览、天空
S1856,操场跑道,组团开黑边复习,偶尔,辩论队,月初土豪，月底吃土,图书馆那张常坐的座位,卡着铃声冲进去，坐最后一排,器械区随便练练，练完就走,睡一觉，第二天照常,风景和现场：演出、展览、天空
S1857,操场跑道,刷往年题,偶尔,电竞社,家里定时打钱,操场的那圈跑道,卡着铃声冲进去，坐最后一排,跑道上，一个人戴着耳机跑,睡一觉，第二天照常,运动记录、跑步路线、装备
S1858,网吧,提前两周就复习完了,偶尔,辩论队,月初土豪，月底吃土,操场的那圈跑道,早上根本没课，我的课都在下午,器械区随便练练，练完就走,拉朋友出去吃一顿,吃的：外卖、食堂、探店
S1859,图书馆自习室,提前两周就复习完了,一周三五次,辩论队,兼职自力更生,食堂的那个窗口,提前十分钟到，坐前排,羽毛球乒乓球，约人打,睡一觉，第二天照常,吃的：外卖、食堂、探店
S1860,操场跑道,提前两周就复习完了,天天吃,摄影社,兼职自力更生,什么也没带走，但也没白来,提前十分钟到，坐前排,羽毛球乒乓球，约人打,给家里打个电话,和朋友：合影、表情包、抓拍
S1861,图书馆自习室,组团开黑边复习,从不,电竞社,月初土豪，月底吃土,什么也没带走，但也没白来,选了，但没去过几次,球场，组队打一场,去操场跑到没力气,和朋友：合影、表情包、抓拍
S1862,图书馆自习室,组团开黑边复习,偶尔,摄影社,靠奖学金过日子,图书馆那张常坐的座位,提前十分钟到，坐前排,器械区随便练练，练完就走,拉朋友出去吃一顿,课件、板书、PPT 截图
S1863,食堂窗口,临时抱佛脚,天天吃,电竞社,月初土豪，月底吃土,食堂的那个窗口,让室友帮忙占座，自己慢慢来,羽毛球乒乓球，约人打,拉朋友出去吃一顿,风景和现场：演出、展览、天空
S1864,食堂窗口,提前两周就复习完了,一周三五次,摄影社,兼职自力更生,操场的那圈跑道,选了，但没去过几次,羽毛球乒乓球，约人打,去操场跑到没力气,和朋友：合影、表情包、抓拍
S1865,操场跑道,刷往年题,天天吃,摄影社,月初土豪，月底吃土,什么也没带走，但也没白来,早上根本没课，我的课都在下午,看台或树下，看别人动,给家里打个电话,和朋友：合影、表情包、抓拍
S1866,网吧,组团开黑边复习,偶尔,乐队,兼职自力更生,宿舍的那群人,提前十分钟到，坐前排,羽毛球乒乓球，约人打,睡一觉，第二天照常,和朋友：合影、表情包、抓拍
S1867,宿舍床上,组团开黑边复习,天天吃,乐队,月初土豪，月底吃土,图书馆那张常坐的座位,让室友帮忙占座，自己慢慢来,羽毛球乒乓球，约人打,拉朋友出去吃一顿,吃的：外卖、食堂、探店
S1868,食堂窗口,临时抱佛脚,一周三五次,电竞社,兼职自力更生,什么也没带走，但也没白来,早上根本没课，我的课都在下午,看台或树下，看别人动,开黑到凌晨，把气打出去,课件、板书、PPT 截图
S1869,操场跑道,刷往年题,偶尔,摄影社,兼职自力更生,宿舍的那群人,提前十分钟到，坐前排,跑道上，一个人戴着耳机跑,去操场跑到没力气,运动记录、跑步路线、装备
S1870,操场跑道,组团开黑边复习,天天吃,志愿者协会,月初土豪，月底吃土,宿舍的那群人,提前十分钟到，坐前排,看台或树下，看别人动,开黑到凌晨，把气打出去,和朋友：合影、表情包、抓拍
S1871,网吧,组团开黑边复习,天天吃,电竞社,兼职自力更生,食堂的那个窗口,卡着铃声冲进去，坐最后一排,跑道上，一个人戴着耳机跑,拉朋友出去吃一顿,吃的：外卖、食堂、探店
S1872,网吧,临时抱佛脚,偶尔,电竞社,月初土豪，月底吃土,食堂的那个窗口,卡着铃声冲进去，坐最后一排,看台或树下，看别人动,开黑到凌晨，把气打出去,吃的：外卖、食堂、探店
S1873,食堂窗口,死磕课本,天天吃,摄影社,月初土豪，月底吃土,食堂的那个窗口,卡着铃声冲进去，坐最后一排,跑道上，一个人戴着耳机跑,拉朋友出去吃一顿,吃的：外卖、食堂、探店
S1874,网吧,组团开黑边复习,偶尔,乐队,月初土豪，月底吃土,宿舍的那群人,早上根本没课，我的课都在下午,器械区随便练练，练完就走,去操场跑到没力气,运动记录、跑步路线、装备
S1875,宿舍床上,死磕课本,从不,电竞社,靠奖学金过日子,食堂的那个窗口,提前十分钟到，坐前排,跑道上，一个人戴着耳机跑,给家里打个电话,吃的：外卖、食堂、探店
S1876,操场跑道,死磕课本,一周三五次,摄影社,兼职自力更生,图书馆那张常坐的座位,选了，但没去过几次,球场，组队打一场,去操场跑到没力气,运动记录、跑步路线、装备
S1877,图书馆自习室,临时抱佛脚,天天吃,乐队,月初土豪，月底吃土,宿舍的那群人,让室友帮忙占座，自己慢慢来,球场，组队打一场,开黑到凌晨，把气打出去,吃的：外卖、食堂、探店
S1878,宿舍床上,临时抱佛脚,天天吃,摄影社,月初土豪，月底吃土,图书馆那张常坐的座位,早上根本没课，我的课都在下午,看台或树下，看别人动,开黑到凌晨，把气打出去,和朋友：合影、表情包、抓拍
S1879,宿舍床上,组团开黑边复习,天天吃,辩论队,家里定时打钱,图书馆那张常坐的座位,早上根本没课，我的课都在下午,跑道上，一个人戴着耳机跑,拉朋友出去吃一顿,和朋友：合影、表情包、抓拍
S1880,食堂窗口,临时抱佛脚,天天吃,志愿者协会,家里定时打钱,操场的那圈跑道,卡着铃声冲进去，坐最后一排,看台或树下，看别人动,拉朋友出去吃一顿,吃的：外卖、食堂、探店
S1881,网吧,临时抱佛脚,一周三五次,乐队,月初土豪，月底吃土,什么也没带走，但也没白来,让室友帮忙占座，自己慢慢来,看台或树下，看别人动,开黑到凌晨，把气打出去,运动记录、跑步路线、装备
S1882,食堂窗口,提前两周就复习完了,天天吃,乐队,月初土豪，月底吃土,食堂的那个窗口,早上根本没课，我的课都在下午,跑道上，一个人戴着耳机跑,给家里打个电话,吃的：外卖、食堂、探店
S1883,网吧,临时抱佛脚,天天吃,电竞社,家里定时打钱,什么也没带走，但也没白来,选了，但没去过几次,跑道上，一个人戴着耳机跑,给家里打个电话,运动记录、跑步路线、装备
S1884,图书馆自习室,刷往年题,从不,志愿者协会,靠奖学金过日子,图书馆那张常坐的座位,提前十分钟到，坐前排,看台或树下，看别人动,拉朋友出去吃一顿,课件、板书、PPT 截图
S1885,食堂窗口,临时抱佛脚,天天吃,电竞社,兼职自力更生,宿舍的那群人,卡着铃声冲进去，坐最后一排,球场，组队打一场,睡一觉，第二天照常,吃的：外卖、食堂、探店
S1886,食堂窗口,死磕课本,偶尔,志愿者协会,月初土豪，月底吃土,操场的那圈跑道,卡着铃声冲进去，坐最后一排,羽毛球乒乓球，约人打,开黑到凌晨，把气打出去,课件、板书、PPT 截图
S1887,操场跑道,死磕课本,从不,摄影社,靠奖学金过日子,宿舍的那群人,卡着铃声冲进去，坐最后一排,器械区随便练练，练完就走,睡一觉，第二天照常,风景和现场：演出、展览、天空
S1888,网吧,死磕课本,偶尔,电竞社,家里定时打钱,宿舍的那群人,卡着铃声冲进去，坐最后一排,羽毛球乒乓球，约人打,睡一觉，第二天照常,课件、板书、PPT 截图
S1889,宿舍床上,提前两周就复习完了,天天吃,乐队,月初土豪，月底吃土,什么也没带走，但也没白来,让室友帮忙占座，自己慢慢来,羽毛球乒乓球，约人打,开黑到凌晨，把气打出去,风景和现场：演出、展览、天空
S1890,图书馆自习室,提前两周就复习完了,一周三五次,摄影社,家里定时打钱,图书馆那张常坐的座位,卡着铃声冲进去，坐最后一排,球场，组队打一场,睡一觉，第二天照常,课件、板书、PPT 截图
S1891,食堂窗口,临时抱佛脚,天天吃,乐队,月初土豪，月底吃土,操场的那圈跑道,让室友帮忙占座，自己慢慢来,球场，组队打一场,开黑到凌晨，把气打出去,和朋友：合影、表情包、抓拍
S1892,宿舍床上,提前两周就复习完了,一周三五次,乐队,月初土豪，月底吃土,操场的那圈跑道,提前十分钟到，坐前排,看台或树下，看别人动,拉朋友出去吃一顿,风景和现场：演出、展览、天空
S1893,宿舍床上,提前两周就复习完了,一周三五次,辩论队,月初土豪，月底吃土,宿舍的那群人,卡着铃声冲进去，坐最后一排,看台或树下，看别人动,拉朋友出去吃一顿,吃的：外卖、食堂、探店
S1894,网吧,组团开黑边复习,一周三五次,电竞社,兼职自力更生,操场的那圈跑道,卡着铃声冲进去，坐最后一排,球场，组队打一场,开黑到凌晨，把气打出去,吃的：外卖、食堂、探店
S1895,网吧,刷往年题,天天吃,摄影社,靠奖学金过日子,食堂的那个窗口,提前十分钟到，坐前排,器械区随便练练，练完就走,给家里打个电话,运动记录、跑步路线、装备
S1896,操场跑道,临时抱佛脚,偶尔,志愿者协会,兼职自力更生,什么也没带走，但也没白来,让室友帮忙占座，自己慢慢来,球场，组队打一场,去操场跑到没力气,吃的：外卖、食堂、探店
S1897,食堂窗口,组团开黑边复习,一周三五次,志愿者协会,月初土豪，月底吃土,宿舍的那群人,提前十分钟到，坐前排,球场，组队打一场,给家里打个电话,吃的：外卖、食堂、探店
S1898,宿舍床上,组团开黑边复习,偶尔,乐队,月初土豪，月底吃土,宿舍的那群人,选了，但没去过几次,羽毛球乒乓球，约人打,给家里打个电话,和朋友：合影、表情包、抓拍
S1899,图书馆自习室,死磕课本,从不,摄影社,靠奖学金过日子,食堂的那个窗口,提前十分钟到，坐前排,羽毛球乒乓球，约人打,睡一觉，第二天照常,课件、板书、PPT 截图
S1900,网吧,提前两周就复习完了,天天吃,辩论队,家里定时打钱,操场的那圈跑道,让室友帮忙占座，自己慢慢来,球场，组队打一场,开黑到凌晨，把气打出去,和朋友：合影、表情包、抓拍
S1901,操场跑道,提前两周就复习完了,天天吃,志愿者协会,家里定时打钱,什么也没带走，但也没白来,让室友帮忙占座，自己慢慢来,器械区随便练练，练完就走,睡一觉，第二天照常,运动记录、跑步路线、装备
S1902,图书馆自习室,死磕课本,偶尔,辩论队,家里定时打钱,宿舍的那群人,让室友帮忙占座，自己慢慢来,看台或树下，看别人动,拉朋友出去吃一顿,风景和现场：演出、展览、天空
S1903,网吧,提前两周就复习完了,天天吃,电竞社,月初土豪，月底吃土,什么也没带走，但也没白来,选了，但没去过几次,羽毛球乒乓球，约人打,开黑到凌晨，把气打出去,吃的：外卖、食堂、探店
S1904,操场跑道,刷往年题,偶尔,志愿者协会,兼职自力更生,操场的那圈跑道,让室友帮忙占座，自己慢慢来,器械区随便练练，练完就走,开黑到凌晨，把气打出去,风景和现场：演出、展览、天空
S1905,宿舍床上,临时抱佛脚,偶尔,摄影社,兼职自力更生,食堂的那个窗口,早上根本没课，我的课都在下午,跑道上，一个人戴着耳机跑,给家里打个电话,吃的：外卖、食堂、探店
S1906,操场跑道,组团开黑边复习,一周三五次,乐队,兼职自力更生,宿舍的那群人,让室友帮忙占座，自己慢慢来,器械区随便练练，练完就走,给家里打个电话,和朋友：合影、表情包、抓拍
S1907,图书馆自习室,刷往年题,偶尔,志愿者协会,兼职自力更生,宿舍的那群人,让室友帮忙占座，自己慢慢来,看台或树下，看别人动,睡一觉，第二天照常,课件、板书、PPT 截图
S1908,图书馆自习室,临时抱佛脚,天天吃,辩论队,靠奖学金过日子,什么也没带走，但也没白来,卡着铃声冲进去，坐最后一排,羽毛球乒乓球，约人打,开黑到凌晨，把气打出去,风景和现场：演出、展览、天空
S1909,食堂窗口,临时抱佛脚,一周三五次,乐队,兼职自力更生,宿舍的那群人,让室友帮忙占座，自己慢慢来,跑道上，一个人戴着耳机跑,去操场跑到没力气,运动记录、跑步路线、装备
S1910,网吧,死磕课本,一周三五次,志愿者协会,家里定时打钱,宿舍的那群人,让室友帮忙占座，自己慢慢来,球场，组队打一场,开黑到凌晨，把气打出去,风景和现场：演出、展览、天空
S1911,宿舍床上,组团开黑边复习,偶尔,电竞社,兼职自力更生,什么也没带走，但也没白来,选了，但没去过几次,跑道上，一个人戴着耳机跑,拉朋友出去吃一顿,吃的：外卖、食堂、探店
S1912,宿舍床上,提前两周就复习完了,从不,乐队,靠奖学金过日子,图书馆那张常坐的座位,让室友帮忙占座，自己慢慢来,器械区随便练练，练完就走,去操场跑到没力气,课件、板书、PPT 截图
S1913,图书馆自习室,死磕课本,从不,辩论队,靠奖学金过日子,图书馆那张常坐的座位,卡着铃声冲进去，坐最后一排,跑道上，一个人戴着耳机跑,给家里打个电话,吃的：外卖、食堂、探店
S1914,宿舍床上,临时抱佛脚,偶尔,志愿者协会,月初土豪，月底吃土,什么也没带走，但也没白来,选了，但没去过几次,球场，组队打一场,开黑到凌晨，把气打出去,和朋友：合影、表情包、抓拍
S1915,宿舍床上,临时抱佛脚,天天吃,乐队,月初土豪，月底吃土,食堂的那个窗口,提前十分钟到，坐前排,球场，组队打一场,拉朋友出去吃一顿,吃的：外卖、食堂、探店
S1916,操场跑道,刷往年题,天天吃,乐队,月初土豪，月底吃土,操场的那圈跑道,卡着铃声冲进去，坐最后一排,球场，组队打一场,去操场跑到没力气,课件、板书、PPT 截图
S1917,食堂窗口,刷往年题,一周三五次,乐队,月初土豪，月底吃土,操场的那圈跑道,卡着铃声冲进去，坐最后一排,球场，组队打一场,拉朋友出去吃一顿,和朋友：合影、表情包、抓拍
S1918,图书馆自习室,组团开黑边复习,偶尔,辩论队,月初土豪，月底吃土,操场的那圈跑道,卡着铃声冲进去，坐最后一排,球场，组队打一场,拉朋友出去吃一顿,和朋友：合影、表情包、抓拍
S1919,食堂窗口,临时抱佛脚,天天吃,志愿者协会,月初土豪，月底吃土,食堂的那个窗口,卡着铃声冲进去，坐最后一排,球场，组队打一场,开黑到凌晨，把气打出去,和朋友：合影、表情包、抓拍
S1920,食堂窗口,组团开黑边复习,一周三五次,电竞社,靠奖学金过日子,食堂的那个窗口,早上根本没课，我的课都在下午,看台或树下，看别人动,开黑到凌晨，把气打出去,课件、板书、PPT 截图
S1921,操场跑道,提前两周就复习完了,偶尔,电竞社,家里定时打钱,图书馆那张常坐的座位,提前十分钟到，坐前排,跑道上，一个人戴着耳机跑,拉朋友出去吃一顿,吃的：外卖、食堂、探店
S1922,操场跑道,临时抱佛脚,偶尔,辩论队,家里定时打钱,图书馆那张常坐的座位,卡着铃声冲进去，坐最后一排,跑道上，一个人戴着耳机跑,睡一觉，第二天照常,风景和现场：演出、展览、天空
S1923,食堂窗口,临时抱佛脚,从不,摄影社,月初土豪，月底吃土,食堂的那个窗口,卡着铃声冲进去，坐最后一排,看台或树下，看别人动,拉朋友出去吃一顿,课件、板书、PPT 截图
S1924,操场跑道,临时抱佛脚,一周三五次,辩论队,家里定时打钱,什么也没带走，但也没白来,卡着铃声冲进去，坐最后一排,跑道上，一个人戴着耳机跑,给家里打个电话,运动记录、跑步路线、装备
S1925,网吧,临时抱佛脚,一周三五次,电竞社,兼职自力更生,宿舍的那群人,让室友帮忙占座，自己慢慢来,跑道上，一个人戴着耳机跑,拉朋友出去吃一顿,吃的：外卖、食堂、探店
S1926,网吧,临时抱佛脚,一周三五次,乐队,月初土豪，月底吃土,食堂的那个窗口,早上根本没课，我的课都在下午,看台或树下，看别人动,开黑到凌晨，把气打出去,和朋友：合影、表情包、抓拍
S1927,宿舍床上,死磕课本,一周三五次,摄影社,靠奖学金过日子,宿舍的那群人,提前十分钟到，坐前排,球场，组队打一场,睡一觉，第二天照常,课件、板书、PPT 截图
S1928,操场跑道,刷往年题,从不,志愿者协会,靠奖学金过日子,食堂的那个窗口,提前十分钟到，坐前排,器械区随便练练，练完就走,给家里打个电话,课件、板书、PPT 截图
S1929,图书馆自习室,刷往年题,一周三五次,志愿者协会,靠奖学金过日子,操场的那圈跑道,选了，但没去过几次,跑道上，一个人戴着耳机跑,拉朋友出去吃一顿,风景和现场：演出、展览、天空
S1930,食堂窗口,组团开黑边复习,一周三五次,摄影社,家里定时打钱,操场的那圈跑道,提前十分钟到，坐前排,球场，组队打一场,去操场跑到没力气,运动记录、跑步路线、装备
S1931,网吧,刷往年题,天天吃,电竞社,兼职自力更生,食堂的那个窗口,早上根本没课，我的课都在下午,跑道上，一个人戴着耳机跑,给家里打个电话,课件、板书、PPT 截图
S1932,图书馆自习室,组团开黑边复习,一周三五次,电竞社,月初土豪，月底吃土,宿舍的那群人,早上根本没课，我的课都在下午,跑道上，一个人戴着耳机跑,睡一觉，第二天照常,吃的：外卖、食堂、探店
S1933,宿舍床上,死磕课本,天天吃,电竞社,月初土豪，月底吃土,宿舍的那群人,选了，但没去过几次,看台或树下，看别人动,开黑到凌晨，把气打出去,风景和现场：演出、展览、天空
S1934,宿舍床上,提前两周就复习完了,一周三五次,电竞社,月初土豪，月底吃土,操场的那圈跑道,卡着铃声冲进去，坐最后一排,球场，组队打一场,拉朋友出去吃一顿,运动记录、跑步路线、装备
S1935,宿舍床上,死磕课本,偶尔,乐队,兼职自力更生,什么也没带走，但也没白来,提前十分钟到，坐前排,球场，组队打一场,去操场跑到没力气,课件、板书、PPT 截图
S1936,图书馆自习室,死磕课本,偶尔,辩论队,靠奖学金过日子,宿舍的那群人,提前十分钟到，坐前排,球场，组队打一场,给家里打个电话,风景和现场：演出、展览、天空
S1937,网吧,刷往年题,天天吃,电竞社,月初土豪，月底吃土,什么也没带走，但也没白来,卡着铃声冲进去，坐最后一排,羽毛球乒乓球，约人打,开黑到凌晨，把气打出去,风景和现场：演出、展览、天空
S1938,图书馆自习室,提前两周就复习完了,从不,辩论队,兼职自力更生,操场的那圈跑道,卡着铃声冲进去，坐最后一排,羽毛球乒乓球，约人打,拉朋友出去吃一顿,风景和现场：演出、展览、天空
S1939,宿舍床上,刷往年题,一周三五次,电竞社,月初土豪，月底吃土,食堂的那个窗口,让室友帮忙占座，自己慢慢来,看台或树下，看别人动,开黑到凌晨，把气打出去,和朋友：合影、表情包、抓拍
S1940,食堂窗口,临时抱佛脚,一周三五次,乐队,家里定时打钱,图书馆那张常坐的座位,早上根本没课，我的课都在下午,看台或树下，看别人动,拉朋友出去吃一顿,吃的：外卖、食堂、探店
S1941,操场跑道,组团开黑边复习,一周三五次,乐队,兼职自力更生,宿舍的那群人,让室友帮忙占座，自己慢慢来,羽毛球乒乓球，约人打,给家里打个电话,和朋友：合影、表情包、抓拍
S1942,食堂窗口,死磕课本,偶尔,辩论队,靠奖学金过日子,宿舍的那群人,选了，但没去过几次,球场，组队打一场,开黑到凌晨，把气打出去,和朋友：合影、表情包、抓拍
S1943,食堂窗口,组团开黑边复习,一周三五次,乐队,家里定时打钱,食堂的那个窗口,选了，但没去过几次,球场，组队打一场,去操场跑到没力气,课件、板书、PPT 截图
S1944,图书馆自习室,提前两周就复习完了,偶尔,摄影社,靠奖学金过日子,什么也没带走，但也没白来,提前十分钟到，坐前排,器械区随便练练，练完就走,去操场跑到没力气,风景和现场：演出、展览、天空
S1945,宿舍床上,组团开黑边复习,从不,乐队,月初土豪，月底吃土,食堂的那个窗口,让室友帮忙占座，自己慢慢来,羽毛球乒乓球，约人打,给家里打个电话,风景和现场：演出、展览、天空
S1946,网吧,组团开黑边复习,天天吃,志愿者协会,家里定时打钱,操场的那圈跑道,选了，但没去过几次,看台或树下，看别人动,开黑到凌晨，把气打出去,和朋友：合影、表情包、抓拍
S1947,图书馆自习室,死磕课本,天天吃,乐队,靠奖学金过日子,宿舍的那群人,让室友帮忙占座，自己慢慢来,跑道上，一个人戴着耳机跑,去操场跑到没力气,风景和现场：演出、展览、天空
S1948,宿舍床上,刷往年题,天天吃,志愿者协会,兼职自力更生,宿舍的那群人,选了，但没去过几次,羽毛球乒乓球，约人打,睡一觉，第二天照常,运动记录、跑步路线、装备
S1949,操场跑道,临时抱佛脚,一周三五次,乐队,靠奖学金过日子,图书馆那张常坐的座位,卡着铃声冲进去，坐最后一排,羽毛球乒乓球，约人打,去操场跑到没力气,和朋友：合影、表情包、抓拍
S1950,操场跑道,刷往年题,一周三五次,摄影社,兼职自力更生,操场的那圈跑道,卡着铃声冲进去，坐最后一排,跑道上，一个人戴着耳机跑,去操场跑到没力气,和朋友：合影、表情包、抓拍
S1951,图书馆自习室,提前两周就复习完了,偶尔,摄影社,靠奖学金过日子,宿舍的那群人,让室友帮忙占座，自己慢慢来,跑道上，一个人戴着耳机跑,给家里打个电话,课件、板书、PPT 截图
S1952,图书馆自习室,刷往年题,偶尔,电竞社,靠奖学金过日子,图书馆那张常坐的座位,卡着铃声冲进去，坐最后一排,器械区随便练练，练完就走,睡一觉，第二天照常,风景和现场：演出、展览、天空
S1953,图书馆自习室,死磕课本,从不,志愿者协会,靠奖学金过日子,食堂的那个窗口,提前十分钟到，坐前排,器械区随便练练，练完就走,给家里打个电话,课件、板书、PPT 截图
S1954,网吧,组团开黑边复习,天天吃,摄影社,家里定时打钱,图书馆那张常坐的座位,让室友帮忙占座，自己慢慢来,球场，组队打一场,睡一觉，第二天照常,风景和现场：演出、展览、天空
S1955,宿舍床上,临时抱佛脚,一周三五次,辩论队,靠奖学金过日子,食堂的那个窗口,卡着铃声冲进去，坐最后一排,器械区随便练练，练完就走,去操场跑到没力气,运动记录、跑步路线、装备
S1956,操场跑道,临时抱佛脚,偶尔,电竞社,家里定时打钱,宿舍的那群人,早上根本没课，我的课都在下午,器械区随便练练，练完就走,开黑到凌晨，把气打出去,和朋友：合影、表情包、抓拍
S1957,操场跑道,组团开黑边复习,一周三五次,志愿者协会,家里定时打钱,操场的那圈跑道,让室友帮忙占座，自己慢慢来,跑道上，一个人戴着耳机跑,开黑到凌晨，把气打出去,运动记录、跑步路线、装备
S1958,图书馆自习室,死磕课本,偶尔,乐队,月初土豪，月底吃土,操场的那圈跑道,卡着铃声冲进去，坐最后一排,看台或树下，看别人动,给家里打个电话,和朋友：合影、表情包、抓拍
S1959,图书馆自习室,刷往年题,从不,辩论队,靠奖学金过日子,图书馆那张常坐的座位,提前十分钟到，坐前排,器械区随便练练，练完就走,去操场跑到没力气,风景和现场：演出、展览、天空
S1960,宿舍床上,临时抱佛脚,偶尔,辩论队,家里定时打钱,食堂的那个窗口,卡着铃声冲进去，坐最后一排,看台或树下，看别人动,拉朋友出去吃一顿,吃的：外卖、食堂、探店
S1961,图书馆自习室,提前两周就复习完了,从不,辩论队,兼职自力更生,图书馆那张常坐的座位,提前十分钟到，坐前排,器械区随便练练，练完就走,睡一觉，第二天照常,运动记录、跑步路线、装备
S1962,网吧,组团开黑边复习,天天吃,辩论队,兼职自力更生,操场的那圈跑道,选了，但没去过几次,羽毛球乒乓球，约人打,开黑到凌晨，把气打出去,和朋友：合影、表情包、抓拍
S1963,操场跑道,提前两周就复习完了,偶尔,辩论队,靠奖学金过日子,宿舍的那群人,让室友帮忙占座，自己慢慢来,看台或树下，看别人动,开黑到凌晨，把气打出去,风景和现场：演出、展览、天空
S1964,宿舍床上,临时抱佛脚,天天吃,辩论队,月初土豪，月底吃土,操场的那圈跑道,早上根本没课，我的课都在下午,羽毛球乒乓球，约人打,给家里打个电话,和朋友：合影、表情包、抓拍
S1965,食堂窗口,组团开黑边复习,天天吃,乐队,家里定时打钱,食堂的那个窗口,早上根本没课，我的课都在下午,器械区随便练练，练完就走,给家里打个电话,和朋友：合影、表情包、抓拍
S1966,操场跑道,刷往年题,天天吃,志愿者协会,家里定时打钱,操场的那圈跑道,选了，但没去过几次,器械区随便练练，练完就走,给家里打个电话,课件、板书、PPT 截图
S1967,图书馆自习室,提前两周就复习完了,从不,摄影社,靠奖学金过日子,图书馆那张常坐的座位,卡着铃声冲进去，坐最后一排,羽毛球乒乓球，约人打,给家里打个电话,课件、板书、PPT 截图
S1968,操场跑道,死磕课本,偶尔,志愿者协会,月初土豪，月底吃土,图书馆那张常坐的座位,提前十分钟到，坐前排,器械区随便练练，练完就走,睡一觉，第二天照常,吃的：外卖、食堂、探店
S1969,宿舍床上,提前两周就复习完了,从不,辩论队,月初土豪，月底吃土,图书馆那张常坐的座位,提前十分钟到，坐前排,羽毛球乒乓球，约人打,睡一觉，第二天照常,课件、板书、PPT 截图
S1970,网吧,死磕课本,天天吃,摄影社,月初土豪，月底吃土,宿舍的那群人,选了，但没去过几次,跑道上，一个人戴着耳机跑,开黑到凌晨，把气打出去,运动记录、跑步路线、装备
S1971,食堂窗口,临时抱佛脚,天天吃,志愿者协会,家里定时打钱,食堂的那个窗口,选了，但没去过几次,看台或树下，看别人动,去操场跑到没力气,吃的：外卖、食堂、探店
S1972,食堂窗口,死磕课本,天天吃,摄影社,月初土豪，月底吃土,图书馆那张常坐的座位,让室友帮忙占座，自己慢慢来,跑道上，一个人戴着耳机跑,给家里打个电话,吃的：外卖、食堂、探店
S1973,操场跑道,刷往年题,从不,志愿者协会,兼职自力更生,操场的那圈跑道,让室友帮忙占座，自己慢慢来,羽毛球乒乓球，约人打,拉朋友出去吃一顿,风景和现场：演出、展览、天空
S1974,操场跑道,提前两周就复习完了,天天吃,辩论队,靠奖学金过日子,操场的那圈跑道,早上根本没课，我的课都在下午,器械区随便练练，练完就走,拉朋友出去吃一顿,吃的：外卖、食堂、探店
S1975,操场跑道,死磕课本,从不,摄影社,家里定时打钱,操场的那圈跑道,卡着铃声冲进去，坐最后一排,球场，组队打一场,去操场跑到没力气,风景和现场：演出、展览、天空
S1976,网吧,临时抱佛脚,一周三五次,乐队,月初土豪，月底吃土,食堂的那个窗口,选了，但没去过几次,看台或树下，看别人动,睡一觉，第二天照常,运动记录、跑步路线、装备
S1977,食堂窗口,刷往年题,天天吃,志愿者协会,兼职自力更生,什么也没带走，但也没白来,卡着铃声冲进去，坐最后一排,看台或树下，看别人动,拉朋友出去吃一顿,和朋友：合影、表情包、抓拍
S1978,网吧,临时抱佛脚,一周三五次,乐队,月初土豪，月底吃土,宿舍的那群人,卡着铃声冲进去，坐最后一排,球场，组队打一场,给家里打个电话,和朋友：合影、表情包、抓拍
S1979,网吧,组团开黑边复习,一周三五次,电竞社,月初土豪，月底吃土,宿舍的那群人,卡着铃声冲进去，坐最后一排,羽毛球乒乓球，约人打,拉朋友出去吃一顿,风景和现场：演出、展览、天空
S1980,操场跑道,刷往年题,偶尔,摄影社,兼职自力更生,图书馆那张常坐的座位,提前十分钟到，坐前排,器械区随便练练，练完就走,给家里打个电话,运动记录、跑步路线、装备
S1981,网吧,刷往年题,天天吃,志愿者协会,月初土豪，月底吃土,宿舍的那群人,早上根本没课，我的课都在下午,看台或树下，看别人动,拉朋友出去吃一顿,运动记录、跑步路线、装备
S1982,图书馆自习室,临时抱佛脚,天天吃,乐队,家里定时打钱,食堂的那个窗口,卡着铃声冲进去，坐最后一排,羽毛球乒乓球，约人打,拉朋友出去吃一顿,风景和现场：演出、展览、天空
S1983,宿舍床上,刷往年题,天天吃,辩论队,兼职自力更生,食堂的那个窗口,让室友帮忙占座，自己慢慢来,羽毛球乒乓球，约人打,给家里打个电话,风景和现场：演出、展览、天空
S1984,网吧,提前两周就复习完了,一周三五次,摄影社,兼职自力更生,食堂的那个窗口,选了，但没去过几次,羽毛球乒乓球，约人打,给家里打个电话,和朋友：合影、表情包、抓拍
S1985,食堂窗口,刷往年题,一周三五次,志愿者协会,兼职自力更生,图书馆那张常坐的座位,让室友帮忙占座，自己慢慢来,球场，组队打一场,给家里打个电话,风景和现场：演出、展览、天空
S1986,食堂窗口,组团开黑边复习,偶尔,辩论队,月初土豪，月底吃土,宿舍的那群人,早上根本没课，我的课都在下午,球场，组队打一场,睡一觉，第二天照常,和朋友：合影、表情包、抓拍
S1987,食堂窗口,组团开黑边复习,天天吃,乐队,月初土豪，月底吃土,宿舍的那群人,让室友帮忙占座，自己慢慢来,看台或树下，看别人动,开黑到凌晨，把气打出去,风景和现场：演出、展览、天空
S1988,食堂窗口,提前两周就复习完了,一周三五次,志愿者协会,兼职自力更生,宿舍的那群人,让室友帮忙占座，自己慢慢来,羽毛球乒乓球，约人打,开黑到凌晨，把气打出去,和朋友：合影、表情包、抓拍
S1989,宿舍床上,刷往年题,一周三五次,乐队,家里定时打钱,操场的那圈跑道,提前十分钟到，坐前排,看台或树下，看别人动,拉朋友出去吃一顿,课件、板书、PPT 截图
S1990,食堂窗口,临时抱佛脚,偶尔,乐队,月初土豪，月底吃土,宿舍的那群人,卡着铃声冲进去，坐最后一排,球场，组队打一场,去操场跑到没力气,风景和现场：演出、展览、天空
S1991,网吧,组团开黑边复习,偶尔,摄影社,月初土豪，月底吃土,食堂的那个窗口,选了，但没去过几次,羽毛球乒乓球，约人打,开黑到凌晨，把气打出去,和朋友：合影、表情包、抓拍
S1992,食堂窗口,临时抱佛脚,天天吃,志愿者协会,家里定时打钱,宿舍的那群人,卡着铃声冲进去，坐最后一排,球场，组队打一场,开黑到凌晨，把气打出去,风景和现场：演出、展览、天空
S1993,宿舍床上,组团开黑边复习,一周三五次,辩论队,靠奖学金过日子,食堂的那个窗口,卡着铃声冲进去，坐最后一排,球场，组队打一场,给家里打个电话,吃的：外卖、食堂、探店
S1994,图书馆自习室,刷往年题,偶尔,志愿者协会,兼职自力更生,操场的那圈跑道,让室友帮忙占座，自己慢慢来,跑道上，一个人戴着耳机跑,去操场跑到没力气,课件、板书、PPT 截图
S1995,网吧,临时抱佛脚,偶尔,电竞社,月初土豪，月底吃土,食堂的那个窗口,选了，但没去过几次,跑道上，一个人戴着耳机跑,给家里打个电话,吃的：外卖、食堂、探店
S1996,网吧,组团开黑边复习,天天吃,辩论队,月初土豪，月底吃土,宿舍的那群人,提前十分钟到，坐前排,球场，组队打一场,开黑到凌晨，把气打出去,和朋友：合影、表情包、抓拍
S1997,食堂窗口,组团开黑边复习,一周三五次,辩论队,月初土豪，月底吃土,宿舍的那群人,卡着铃声冲进去，坐最后一排,看台或树下，看别人动,拉朋友出去吃一顿,风景和现场：演出、展览、天空
S1998,宿舍床上,组团开黑边复习,天天吃,电竞社,家里定时打钱,图书馆那张常坐的座位,让室友帮忙占座，自己慢慢来,球场，组队打一场,睡一觉，第二天照常,吃的：外卖、食堂、探店
S1999,网吧,临时抱佛脚,一周三五次,电竞社,兼职自力更生,食堂的那个窗口,选了，但没去过几次,看台或树下，看别人动,拉朋友出去吃一顿,吃的：外卖、食堂、探店
S2000,操场跑道,刷往年题,天天吃,乐队,家里定时打钱,操场的那圈跑道,提前十分钟到，坐前排,看台或树下，看别人动,给家里打个电话,吃的：外卖、食堂、探店
